ISic,As,Au,Ba,Ca,Co,Cr,Cu,Fe,Hg,K,Mn,Ni,Pb,Rb,Sr,Ti,V,Y,Zn,Zr,SiO2,TiO2,Fe2O3,MnO,CaO,K2O
ISic000655,2.8238592419999997,6.57899942,55.03639218,97.26472500000001,0.149080400427,44.062158139999994,57.519999999999996,22.10390930401832,7.17232275,1.2171032999999998,0.00203552287,0.3818,18.622331900000002,4.04655779,191.922804,0.027273096400000002,16.509999999999998,11.43859483,7.02591954,10.30018723,,,,,,
ISic000655,1.268194044,6.227324240000001,62.800489199999994,101.662295,0.3131686425,23.6065025,53.32,10.356529821993684,13.244375199999999,1.2209373,0.00196174933,0.136,11.9384469,7.1980078899999995,177.619614,0.019801524400000003,2.813,12.08771565,9.62042454,10.74044697,,,,,,
ISic000655,1.197104607,9.236100780000001,100.6546835,102.22249500000001,0.5361382425,11.877798100000001,56.61,37.67174588739383,5.90752605,1.4812659,0.004170857,5.229,15.7431199,7.95411626,198.81434099999998,0.07583088,36.23,12.27035801,14.56036206,15.7467134,,,,,,
ISic000655,3.124302921,8.7815966,107.5541618,105.219565,0.5979638217,45.235028580000005,59.339999999999996,23.338605291122,6.88645813,1.3426668,0.0042455949,0.44420000000000004,13.1826778,7.42687746,144.852306,0.033670397600000006,2.9699999999999998,6.7293837100000005,12.31870974,8.531045330000001,,,,,,
ISic000655,0.3257660478,7.25252937,35.8213086,104.911455,0.00259059392592,8.72198145,60.96,42.779548983198936,6.43606711,1.3558941,0.0062731618000000005,2.6350000000000002,20.3190104,6.86848364,361.090533,0.04895552400000001,17.09,7.99060325,18.08369985,7.26158473,,,,,,
ISic000655,5.32392426,5.74094307,104.75941379999999,104.36526,0.0427763273,17.76202946,54.08,17.899570974828162,6.7558653,1.3066271999999999,0.00062225329,6.438,16.452640000000002,5.9146607200000005,140.041233,0.011731483200000002,1.4649999999999999,7.24028869,10.896920999999999,10.4662975,,,,,,
ISic000656,10.59076941,6.68080013,62.959004160000006,92.18091000000001,0.035240773568,28.83472158,52.32,96.15206562624516,10.457709300000001,1.6493868,0.0058199126,13.8,23.3935975,11.12833349,154.994568,0.131923428,7.974,6.42827063,13.10225025,20.351884300000002,,,,,,
ISic000656,7.64860074,3.1496522700000003,92.30184779999999,106.21392,0.65263352,32.79067442,44.97,98.78071700660614,8.20266933,1.6442108999999998,0.0034451761000000003,1.72,19.4758126,12.4739907,196.473819,0.08099778800000001,18.29,7.2933537,308.84987520000004,16.2598996,,,,,,
ISic000656,0.4718366793,9.01193356,28.53476368,101.07408500000001,0.7781202933,16.46988406,60.949999999999996,23.304070354108497,6.69828106,1.2144195,0.0032619476999999997,4.495,17.7174367,6.6264331,163.70651099999998,0.0363504988,7.887,8.68291652,8.821317,12.95525057,,,,,,
ISic000656,4.477596729,8.01140739,32.171225400000004,100.569905,0.5746754048,34.818348740000005,67.97,42.54458961815999,7.0232207,1.4540445,0.0056945458,7.293,17.2958378,8.927111499999999,166.69717799999998,0.0318526868,1.152,11.7853685,10.554446339999998,11.35897139,,,,,,
ISic000656,4.811250072,9.59086083,107.5541618,98.06301000000002,0.085270240692,33.08886182,50.15,47.685530881333044,8.22529171,1.4916177,0.004059955600000001,3.3770000000000002,14.910205,7.43286881,153.04413300000002,0.05241252000000001,2.243,6.59733822,10.67898258,17.218747500000003,,,,,,
ISic000656,0.3581973603,11.3214729,41.77591986,100.94804,0.1630855625,26.57843692,56.05,65.76886437093627,8.519382649999999,1.4475267,0.0042962237999999995,2.484,16.658298000000002,10.51601752,127.50643740000001,0.066612224,2.767,6.0346023,11.48846814,12.08418452,,,,,,
ISic000699,24.57515136,6.25611636,57.411878699999995,103.41292,0.6283322325,29.19254646,51.16,7.302353639092584,13.059282999999999,1.1304549,0.0040237921000000005,10.35,33.913004199999996,7.012276040000001,170.72807699999998,0.018790446000000002,6.845,7.9461767299999995,7.7368139099999995,9.13066289,,,,,,
ISic000699,26.20968951,13.881915,95.3980143,103.72103000000001,0.088942849632,29.97777328,65.2,15.963079163345155,7.6504776,1.4553863999999999,0.0058560761,5.49,32.216325700000006,6.98231929,168.517584,0.016337094,5.3229999999999995,7.405654070000001,19.18376997,15.4496056,,,,,,
ISic000699,0.85618665,9.493173279999999,9.644436180000001,105.40163000000001,0.2799735897,24.02396486,55.5,13.63811394674863,8.026831739999999,1.3675878,0.0044408778,4.548,30.2522918,7.0781808900000005,172.158396,0.0199167576,6.93,8.68168245,11.42620002,11.73980957,,,,,,
ISic000701,0.1967153691,6.998541739999999,66.4418027,43.247440000000005,0.037616065347,30.544329339999997,66.11,142.50705022959275,7.32348138,0.9947313,0.007112155,6.837999999999999,28.072317,6.66118293,82.3863744,0.074232484,0.006747,13.821584,15.21936633,5.266911,,,,,,
ISic000701,3.548763939,12.8022105,43.7466818,46.622645,1.1533020232999998,34.52016134,73.98,104.61294053836073,10.4371435,0.9914724,0.0100823838,10.41,18.714878000000002,8.857611839999999,72.8292429,0.06270916400000001,13.139999999999999,8.5891272,11.74791864,13.5319098,,,,,,
ISic000701,1.39584369,8.70344656,33.74034868,46.678665,0.018366478592,40.02668866,80.17,129.0666066970638,9.892149799999999,1.2387654,0.0085008334,7.423,22.9103012,15.7931986,81.80124389999999,0.060218640000000004,1.226,4.7511695000000005,11.4677121,7.94223169,,,,,,
ISic001831,2.23646331,9.424277850000001,132.9224747,117.44593,0.18078034169999999,14.86961168,66.11,32.3483963254682,6.9419857899999995,1.4985188999999999,0.0067240000999999995,16.93,42.468377000000004,10.175708839999999,194.133297,0.0331871616,5.345,11.61630091,21.046624559999998,14.5447773,,,,,,
ISic001831,32.62849488,9.532248300000001,94.7089273,118.52431500000002,0.5242978377,30.10698782,59.23,29.259853454524826,4.96972557,1.3696964999999999,0.0039104798,0.49829999999999997,122.160852,8.22852009,240.423621,0.0306074248,13.81,7.22547985,23.14817361,13.6534539,,,,,,
ISic001831,5.3187352500000005,5.62063314,0.7085798253000001,68.65251,0.024427726323,17.7421503,44.16,11.823196624620905,7.96410605,0.8668674,0.0040406684,2.262,11.8767495,3.92673079,105.973635,0.0204185796,11.82,10.47355209,11.34836487,12.36373595,,,,,,
ISic001831,1252.108113,9.972356419999999,63.85790839999999,80.12260500000001,0.00312204876368,17.83160652,48.779999999999994,31.11681025533762,2123.41885,0.9558161999999999,0.0040888864,15.15,1246.28748,0.0309992449,151.873872,0.017307283200000002,10.1,0.0612839162,0.04626002415,17.3402916,,,,,,
ISic001831,4.320369726,6.32809666,30.11420126,86.985055,0.1957440597,23.735717039999997,54.089999999999996,29.751715913736458,9.54047462,1.3039433999999999,0.0024374199,6.052,21.614655799999998,7.42448092,167.347323,0.0327819868,0.044239999999999995,9.21356662,12.30833172,15.7467134,,,,,,
ISic001831,4.0635137310000005,10.5502554,17.986345,126.01699000000002,0.27076433369999997,27.9302198,68.94999999999999,47.556340167365846,10.7250647,1.8474129,0.0076039786,1.9829999999999999,34.3757347,10.30392373,264.47898599999996,0.06783890000000001,11.69,7.95481522,35.155542749999995,13.136216229999999,,,,,,
ISic001837,15.86280357,9.03249936,157.20053910000001,90.92046,0.068799124128,24.5010647,68.59,11.320726383309278,12.3806116,0.9462312,0.0017310262,2.939,15.537461899999998,6.99909507,181.260426,0.022091319600000003,10.28,10.9091788,9.73977177,15.665684,,,,,,
ISic001837,6.0192516000000005,8.53275042,375.5036414,90.29023500000001,0.3431925,20.81348052,51.42,13.303536877377152,11.2906242,1.0480238999999998,0.0029581742999999997,6.89,15.218691999999999,9.61611675,179.570049,0.047505816,1.3430000000000002,5.8988546,7.85616114,11.22527288,,,,,,
ISic001837,3.012739206,7.09211613,77.9463151,98.049005,0.35120785280000005,35.0370195,53.52,14.363527043141783,8.80113411,1.2096269999999998,0.0037200187,3.195,13.3060726,6.52937323,188.672079,0.046241968,0.4608,8.44967729,7.61746668,6.637658350000001,,,,,,
ISic001838,0.62787021,10.4165777,42.27609876,98.07701500000002,0.005518340381750001,21.0719096,67.0,90.23077678375226,10.899874,1.7224244999999998,0.009050518600000002,1.858,25.511874900000002,7.938538749999999,235.222461,0.04650217200000001,0.4375,8.34971762,25.88278188,12.3569835,,,,,,
ISic001838,3.0521756819999997,9.367721900000001,57.844634760000005,81.523105,0.057100415232000004,23.4574088,64.75999999999999,57.35611523717354,12.905039499999999,1.2711626999999999,0.0068445451,4.754,18.8691215,6.91881098,214.02773399999998,0.039067772,4.498,6.16664779,14.70046533,10.42308182,,,,,,
ISic001838,9.00812136,8.67568273,34.2346261,64.25494,0.7730647925,25.87272674,64.69000000000001,255.62196285279126,11.3934532,1.3854159,0.0076232658,0.05942,32.0312335,6.74026875,501.521853,0.094565568,26.18,6.0716244,60.9708675,2.0149310799999998,,,,,,
ISic001838,37.822693890000004,7008.82464,72.70715650000001,70.64122,1.0879309077,17.25511088,71.96,114.88782660202881,30.622476199999998,1.0865556,0.0026833317,2.6460000000000004,13.6248425,1.179457161,615.8173439999999,0.045572872,3.1999999999999997,10.28844159,0.528241218,3.78542347,,,,,,
ISic001838,16.41283863,1695.65021,95.81175449999999,79.49238000000001,0.006489338996279999,34.71895294,48.19,126.37239299136976,14.097855899999999,1.2980007,0.0059693884,0.7349,19.743168,0.331681136,641.563086,0.039774040000000004,7.913,6.90955793,0.1251589212,0.060772049999999994,,,,,,
ISic001838,0.776275896,2999.5219300000003,20.476972179999997,73.20413500000001,0.5067079752,28.09919266,63.5,172.7592791470261,16.6274493,1.2086685,0.0080644605,0.14980000000000002,18.2521475,0.741129995,586.820877,0.07471572000000001,3.403,10.95607346,0.3936382986,2.01763206,,,,,,
ISic001839,1.090729902,7.81808887,47.31088846,77.05551000000001,0.6885982677,24.80919168,63.55,24.171521293661325,9.47980551,1.1569095,0.0052340639000000005,4.372,14.385777100000002,7.90378892,97.7037906,0.05899196400000001,0.42669999999999997,8.98032739,14.69527632,10.764755789999999,,,,,,
ISic001839,3.3728564999999997,6.7682047800000005,80.9855116,77.81178,0.055116099675,23.079704760000002,55.9,54.93483906430521,7.46127224,1.1120516999999999,0.0063093253,9.158,17.7071538,7.89779757,338.98560299999997,0.0108021832,5.338,6.714574870000001,19.90504236,10.43793721,,,,,,
ISic001839,1.667747814,12.7919276,76.9359496,88.637645,0.6623634528,19.580972600000003,70.32000000000001,68.3738773914628,13.912763700000001,1.3833072,0.0061526168,6.226,24.8229206,7.09974975,321.43168799999995,0.038101300000000005,15.950000000000001,6.70963859,16.54775289,10.664819529999999,,,,,,
ISic001839,0.7991075400000001,4153.26331,74.91926860000001,50.24994,0.026332722843,20.7240243,62.06999999999999,127.55735196540877,8.60575901,1.0326879,0.0050942317,2.79,12.2572168,0.45965637200000004,254.33672399999998,0.058917620000000004,2.638,8.37069681,0.3381158916,2.3512030900000003,,,,,,
ISic001841,3.216148398,5.66382132,77.87891539999998,121.60541500000001,0.088730362308,22.19508214,65.94,15.065413858908613,6.59442377,1.5828669,0.006798738,3.0740000000000003,49.255091,8.09790866,245.49475199999998,0.046167624000000004,10.62,5.58786896,30.184471170000002,10.736395499999999,,,,,,
ISic001841,4.2560260020000005,10.632518600000001,68.9016256,119.43464000000002,0.037888413843,44.6784121,77.53,29.677782350423637,4.4298733200000004,1.7753337,0.0064925537000000005,1.5519999999999998,38.3346512,8.47416544,275.01133500000003,0.0366850468,13.84,10.60312944,41.45500089,13.21454465,,,,,,
ISic001841,0.2945282076,7.31217019,0.468025953863,117.431925,0.7348789833,25.96218296,74.05,24.101812595225894,7.51371503,1.4178131999999999,0.0074786118,0.1024,35.5479853,10.88748122,335.73487800000004,0.048360772,11.37,8.95441192,21.93913428,11.67498605,,,,,,
ISic001842,285.65500049999997,14.396059999999999,89.83366260000001,80.02457000000001,0.0028231032829999997,20.18728698,58.08,51.455970327447915,2695.14809,1.1645774999999998,0.0065311281,0.1279,365.04295,0.0012222354,836.7366149999999,0.042301736000000006,15.82,0.0475980799,0.5349869309999999,0.0662145247,,,,,,
ISic001845,1.253664816,11.2803413,99.82237910000002,105.86379500000001,0.5699902208000001,36.080675400000004,52.269999999999996,33.51779739794855,8.4114122,1.2305223,0.0062828054,0.25670000000000004,55.455679700000005,9.805443409999999,209.34669000000002,0.030759830000000005,4.646,10.4278915,9.86430801,16.4624731,,,,,,
ISic001845,0.1885167333,10.2931829,115.64253729999999,107.89452,0.094863242292,28.03955518,49.64,16.500683931152356,9.24021394,1.2174866999999998,0.0062490528,0.04493,53.19344170000001,9.35968697,218.05863300000001,0.01979409,1.068,11.22756886,8.52554343,13.991076399999999,,,,,,
ISic001845,6.7976031,9.28648699,49.420626799999994,106.60606000000001,0.4196459925,34.351188480000005,59.96,32.931496605542854,8.42375168,1.2907161,0.0082717979,0.2535,69.6769304,6.67196736,237.30292500000002,0.048286428000000006,13.63,10.609299790000001,14.50328295,12.193574210000001,,,,,,
ISic001846,0.4762992279,10.7456305,96.156703,117.54396500000001,0.3757398196999999,28.96393612,62.98,16.627749269913018,9.08699873,1.4653547999999998,0.0059934974,6.862,24.7509403,7.09855148,254.72681099999997,0.0051520392,3.648,13.5377479,10.694549610000001,13.4643853,,,,,,
ISic001846,3.800430924,5.9332333,20.0611943,119.084515,0.122702402228,55.68152716,61.93,21.493165380587605,10.396011900000001,1.4580701999999999,0.0086840618,0.2789,17.275271999999998,8.09671039,194.523384,0.0330905144,1.939,12.908372199999999,13.65228531,17.056688700000002,,,,,,
ISic001846,0.2901694392,6.2838801900000005,4.139999191299999,119.35061,0.00916403724327,26.200732879999997,65.46,21.054810284821126,10.5296896,1.3848408,0.0077703307000000004,10.149999999999999,29.5016401,7.48319615,341.32612500000005,0.02564868,29.08,9.41348596,13.553694120000001,8.62017767,,,,,,
ISic001847,3.401914956,8.81141701,3.1495896799999996,113.18841000000002,0.073817576987,34.490342600000005,64.31,45.23779935912082,12.0104272,1.5972444000000001,0.0050653009,3.321,14.941053700000001,7.732436309999999,134.710044,0.052932928000000004,10.35,11.73970791,13.22159748,9.42777069,,,,,,
ISic001847,0.4038606483,7.84071125,216.9990625,113.52453000000001,0.9239197352,20.31650152,59.9,40.980289555399665,10.3651632,1.4528942999999999,0.0066564949000000005,3.8120000000000003,20.9668331,9.549013630000001,275.14136399999995,0.003958818,2.207,12.4394256,12.99847005,10.69723129,,,,,,
ISic001847,17.35204944,12.8227763,152.7639771,115.555255,0.2810483312,23.924569060000003,51.09,31.831373866350347,9.357439000000001,1.4427341999999999,0.0087250471,2.332,24.4938678,16.8356935,186.071499,0.045424184,15.16,9.98115816,16.77606933,12.34482909,,,,,,
ISic001847,0.1867524699,14.5605864,33.791027,78.18991500000001,0.46226838,39.48001176,57.15,37.8442948201411,10.25410788,1.0514745,0.0095760948,3.226,18.8691215,7.139292660000001,353.938938,0.0255408812,1.3579999999999999,12.13214217,20.4446994,10.605397969999999,,,,,,
ISic002750,1.778273727,10.037138689999999,49.31045218,86.845005,0.4324990488,32.14460172,70.11,168.1792808485,7.73788225,2.074194,0.0058681306,3.477,22.3447417,4.34852183,129.9249768,0.097985392,1.2389999999999999,13.0564606,20.22157197,11.42784638,,,,,,
ISic002750,1.637651556,10.15847691,65.3806395,89.94011,0.00190063440567,24.88870832,76.52000000000001,107.72946115817625,5.48387057,1.3737221999999998,0.008069282300000001,0.0505,19.5272271,9.11523989,120.3548424,0.069846188,21.32,12.093886,13.65228531,14.1666401,,,,,,
ISic002750,0.1190358894,8.45665696,35.5608356,91.99884500000002,0.066934651875,20.8234201,66.42999999999999,154.12591576039316,11.3831703,1.9265849999999998,0.0127729482,6.206,20.5658,4.16638479,134.710044,0.07936222000000001,12.34,12.908372199999999,21.965079330000002,15.719703599999999,,,,,,
ISic002990,0.008925097199999999,6.22629595,3.4630349033,75.24886500000001,0.5873316953,17.414144160000003,75.42,245.55198126552645,9.848961619999999,1.5219063,0.0153911856,10.44,43.6817592,7.38973109,171.898338,0.088618048,22.880000000000003,8.82730271,22.19858478,8.35278065,,,,,,
ISic002990,19.45359849,6.85149627,37.11245356,94.02957,0.3422678952,19.02435612,57.4,101.07375731275496,11.5888283,1.5171137999999997,0.005448634,3.1540000000000004,24.9463154,9.2985752,159.545583,0.077838168,0.5427,7.791917979999999,13.740498480000001,11.46836108,,,,,,
ISic002990,6.75609102,9.05615003,15.2652427,95.17798,0.01198872939047,39.599286719999995,76.47,110.06729903680613,10.199608510000001,1.5416514000000001,0.0091662418,2.519,21.408997799999998,8.416648480000001,172.93857,0.06802476,8.612,10.27486682,21.25418496,11.32115767,,,,,,
ISic002991,0.1287393381,7.3286228300000005,5.5640740393,81.64915,0.7155019199999999,35.57375682,66.76,250.99506440424835,7.9075501,1.5951357,0.0141013541,13.84,37.8102233,8.08712423,184.381122,0.13827984000000001,7.986,10.77713331,25.56625227,7.86120229,,,,,,
ISic002991,0.56041308,9.90963073,62.33175146,93.10524,0.31470703250000004,28.79496326,59.769999999999996,59.597649928438344,8.67362615,1.4490603,0.003688677,2.856,29.5839033,6.50301129,191.402688,0.034796709200000005,17.43,10.51674454,16.97325171,9.74783682,,,,,,
ISic002991,0.7191967859999999,9.38623112,12.758152059999999,89.67401500000001,0.038811406368000005,17.27499004,50.78,126.35127659850761,11.5579796,1.5109793999999999,0.0081777728,0.48100000000000004,29.5839033,9.57178076,170.07793199999998,0.068842544,0.5318,6.43937726,15.9302607,13.774998,,,,,,
ISic003202,1.795916361,11.3317558,68.56873709999999,99.673585,0.08088543067500001,13.37867468,55.37,49.63812686570998,10.8895911,1.2778722,0.0051207516,7.486999999999999,24.6892429,7.2902746800000005,204.795675,0.057244880000000005,0.5561999999999999,9.01241321,59.2066041,11.69794438,,,,,,
ISic003202,1.5016994940000001,7.43350841,74.31531729999999,101.830355,0.029130144288000002,32.18436004,49.6,57.46359407060743,8.221178550000001,1.4233725,0.0056728477,0.1367,22.519551,6.59288154,282.16293,0.05129736,9.438,12.02971436,22.125938639999998,13.788502900000001,,,,,,
ISic003202,19.38095235,7.55895979,246.7332829,106.80213,0.490224,32.71115778,59.94,42.89026957399426,5.5938976,1.4310405,0.0050604791,3.334,24.2367953,6.46346838,414.142365,0.039290804,6.201,9.85775116,49.98054432,4.948195360000001,,,,,,
ISic003202,2.031497415,9.95693207,43.226159599999995,72.67194500000001,0.09755089224300001,31.866293480000003,45.61,155.69631648841371,4.40622265,1.132947,0.0062297656,0.39359999999999995,30.889831599999997,5.40060289,427.535352,0.05858307200000001,12.75,8.86309074,109.1248803,7.61811409,,,,,,
ISic003203,0.6444750419999999,7.744051989999999,128.7489861,99.85565,0.1783385625,20.843299260000002,57.69,11.487781009031039,7.22373725,1.1879648999999999,0.008917919100000001,1.743,17.172442999999998,11.051644210000001,267.85974000000004,0.034882204800000004,2.678,8.57185022,5.199388020000001,12.651390319999999,,,,,,
ISic003203,17.67376806,8.58005176,119.3969354,106.52203000000002,0.6039081236999999,26.07151834,53.650000000000006,12.649322083518996,7.424253800000001,1.115694,0.0072785071000000005,9.597,19.4243981,7.05062068,156.0348,0.023916464800000002,1.876,10.36125172,9.838362960000001,12.465022699999999,,,,,,
ISic003203,0.950626632,6.877203519999999,42.917887760000006,99.141395,0.17193059730000002,23.53692544,53.480000000000004,16.4266627817496,7.88287114,1.1900735999999998,0.0050845881,0.3129,14.2726652,4.83142464,271.630581,0.03178206,3.279,8.92356017,6.25275705,16.611027,,,,,,
ISic003398,24.17559759,8.52555239,79.56570789999999,69.77291,0.30132772879999997,61.65521474,83.12,279.3500420436534,7.088002970000001,1.6518788999999998,0.0111431798,11.76,86.9419195,7.789953270000001,660.807378,0.05806266400000001,0.9171,5.32377798,22.18301775,9.8045574,,,,,,
ISic003398,4.990789818,13.244375199999999,34.964034299999994,63.344615000000005,1.0370503472000001,26.49892028,101.19999999999999,536.8324616656295,7.506517,2.0473559999999997,0.0119484204,0.027100000000000003,23.2804856,10.25239812,1362.70392,0.08902694,30.08,8.70759792,26.02288515,3.53018086,,,,,,
ISic003398,5.38100337,8.50909975,291.9634548,48.87745,1.70698038,26.8865639,118.1,618.9063471160755,9.665925999999999,2.321487,0.0156370974,1.0610000000000002,20.2675959,19.651628,5588.64642,0.08215012000000001,14.049999999999999,4.81657521,33.51062658,1.42341646,,,,,,
ISic003398,17.35723845,8.32503584,98.92169100000001,71.45351000000001,0.144967964547,21.48937196,86.84,483.8528278258167,5.57436009,1.9189169999999998,0.0131008306,7.374,48.1856694,8.20934777,673.810278,0.050814124,15.6,6.9478140999999995,20.10741375,10.59324356,,,,,,
ISic003398,21.67968378,8.07927453,494.0560205,29.396495,1.3477032072000001,41.42816944,109.3,430.5755481543922,11.4037361,1.1833641,0.0109864713,10.12,11.619677,27.440383,8239.93773,0.0352799452,32.96,4.12549601,21.5862816,1.06418612,,,,,,
ISic003398,0.06590042700000001,10.591387,457.2850628,24.70482,0.5225847647999999,46.65638852,110.9,473.65755104910556,17.3986668,1.0758203999999998,0.0107719012,10.39,21.388431999999998,33.1201828,11034.26094,0.11653422,24.57,2.6248668900000003,23.51659332,1.41531352,,,,,,
ISic003398,1.2386166870000002,10.00731828,150.6273818,74.184485,0.5985894425,37.144210460000004,67.95,200.88439420868968,8.85871835,1.7759087999999998,0.0085128879,2.189,21.511826799999998,7.650953949999999,1288.457361,0.063266744,2.537,9.32216478,15.74345634,7.90576846,,,,,,
ISic003398,2.5467661080000004,5.35636261,33.74034868,81.747185,0.6122022368,23.83511284,87.50999999999999,126.66818307732964,8.662314960000002,1.8541223999999998,0.0087949632,3.3529999999999998,16.9050876,8.54246683,881.076504,0.080626068,12.29,10.43899813,22.51511439,8.824101659999998,,,,,,
ISic003398,28.64852421,6.84429824,145.2713937,54.339400000000005,0.5138662928,34.808409160000004,66.66,409.23721670233044,8.67259786,1.5861258,0.0093663465,0.26689999999999997,30.427101099999998,12.2463194,1743.68889,0.05389940000000001,11.729999999999999,8.73227932,91.2227958,0.630813879,,,,,,
ISic003398,112.80907739999999,4.1645745000000005,140.820364,69.91296,1.1312175,35.543938080000004,65.17999999999999,827.8283097960802,12.2777826,2.137455,0.0102077506,3.4139999999999997,29.614752,12.0186481,1340.59899,0.095048804,5.9719999999999995,4.7733827600000005,25.021406220000003,0.11884312000000001,,,,,,
ISic003398,1690.060557,3.74503218,142.7877379,20.657375000000002,15.13387512,41.38841112,43.64,77674.37191506736,0.0826436673,0.9690434999999998,0.02700208,2.2800000000000002,34.1700767,5.27718108,988.090371,0.067913244,37.76,5.50271813,35.73671187,0.0539655804,,,,,,
ISic003398,97.8128385,6.541980980000001,128.6772064,81.32703500000001,0.25144130130000003,40.07638656,65.49,904.5268344104791,7.6196288999999995,2.267811,0.0116542906,5.518000000000001,51.198559100000004,6.17468531,848.309196,0.093413236,9.051,8.9716889,45.88122642,11.525081660000001,,,,,,
ISic004502,5.0738139780000004,17.892246,460.6266423,119.79877000000002,0.06766222560299999,33.51626376,59.290000000000006,13.729647132368338,7.5126867399999995,1.3539770999999998,0.00128814387,3.1719999999999997,20.0105234,5.74570465,191.662746,0.031770908400000006,1.288,10.973350439999999,12.44324598,13.41306668,,,,,,
ISic004502,0.628908012,8.05665215,40.431098760000005,119.39262500000001,0.47344518480000003,22.373994579999998,66.32000000000001,21.696257545305492,10.05461962,1.3512932999999998,0.0028713819,0.01601,16.1133043,9.14519664,170.46801900000003,0.03457367720000001,25.42,13.0441199,13.26829857,10.1961995,,,,,,
ISic004502,1.171678458,13.1106975,122.02792029999999,121.42335000000001,0.108640185003,34.76865084,53.56,23.47688095084308,14.303513899999999,1.4206887,0.002531445,0.040830000000000005,16.6891467,15.745267799999999,180.22019400000002,0.029202323199999998,2.42,8.27443935,23.09628351,12.07878256,,,,,,
ISic004503,0.7908051239999999,8.51321291,67.23868309999999,102.26451,0.8048434352,28.00973644,53.96,8.456505243435906,5.62680288,1.109943,0.0056029316000000004,0.003766,13.7688031,6.54135593,290.224728,0.005631558000000001,1.601,8.468188340000001,12.77534262,9.86397896,,,,,,
ISic004503,1.223049657,8.75383277,96.0187056,109.43507000000001,0.0011367308406300001,20.73396388,51.32,12.31961930148219,9.22067643,1.3016429999999999,0.0043564963,2.0260000000000002,18.971950500000002,6.78819955,155.904771,0.023336581600000003,2.5909999999999997,9.0827552,38.1392235,11.44540275,,,,,,
ISic004503,1.435799067,12.0618417,16.9607057,94.30967000000001,0.2281605557,21.877015580000002,158.0,14.26089638676344,7.2700103,1.0982493,0.0028786146,5.017,18.4783713,6.8361303499999995,149.793408,0.0314437948,10.57,9.96511525,52.460891100000005,10.32449605,,,,,,
ISicX04503,0.1168046151,8.07721795,96.2257107,118.13217500000002,0.3180919833,40.79203632,49.5,19.665297581061438,4.506995069999999,1.4201135999999999,0.0075027208,9.202,22.1904982,3.4102764199999998,295.16582999999997,0.046762376,1.5310000000000001,8.96181634,8.411385209999999,12.04502031,,,,,,
ISicX04503,1.041953208,8.290073979999999,75.8597144,93.427355,1.2276466712999998,18.27888762,50.88,18.212748057030034,8.746634740000001,1.0313459999999999,0.0062876272000000006,5.906,24.061986,8.34115747,465.633849,0.0255222952,2.062,11.50893682,11.91396696,11.35897139,,,,,,
ISicX04503,1.6340192489999998,5.679245669999999,101.2794788,120.485015,0.3843884373,32.03526634,50.309999999999995,33.084136070335816,9.06437635,1.5058034999999999,0.005737942,4.601,26.2522437,8.21533912,451.590717,0.0060181468000000005,0.9186,5.9321744899999995,25.332746819999997,8.391944859999999,,,,,,
t0-0CC-1,95.7891246,6.101872859999999,150.1859576,0.6935276,8.08661658,69.23911428,114.5,12138.190570606528,6.0566281,6.8628599999999995,0.031992643,10.11,50.3656442,405.973876,13.7050566,0.167348344,11.17,160.058879,79.08051239999999,338.027647,,,,,,
t0-0CC-2,48.735181919999995,6.831958759999999,154.8316847,0.6596355,7.7094399199999994,48.5548483,108.8,12262.1166100022,6.4628026499999995,7.232841,0.029485307,9.183,59.764214800000005,415.560036,22.742072099999998,0.15865009600000002,9.359,164.995159,76.4341173,356.124213,,,,,,
t0-0CC-3,70.8299865,3.54040247,200.19257700000003,0.7113139500000001,12.11187362,23.43752964,111.0,12014.939057701251,7.60626113,6.952958999999999,0.038333309999999995,8.246,50.2628152,420.832424,16.6567149,0.15017488,24.2,160.058879,77.73136980000001,348.83156699999995,,,,,,
t0-10CC-1,65.0701854,5.531171909999999,181.91163039999998,6.3176555,8.14208108,57.73902022,101.8,9097.744347407515,3.4684221699999997,6.684578999999999,0.027219061000000003,6.42,60.278359800000004,359.840481,138.610914,0.129024012,1.048,148.33521399999998,68.0279211,317.905346,,,,,,
t0-10CC-2,85.20354420000001,5.02319665,138.3491522,6.316255000000001,7.635797820000001,48.1075672,134.6,9009.670832963751,0.322471744,6.931871999999999,0.027821786,0.3699,45.3373061,361.398232,143.291958,0.12538115600000002,29.669999999999998,145.743667,82.03824809999999,311.017847,,,,,,
t0-10CC-3,64.5512844,6.69622448,132.850347,6.349867000000001,6.245090879999999,49.33013554,109.3,8904.583252337514,4.25506402,6.813018,0.026857426,4.172,50.0365914,370.26543,144.852306,0.105903028,39.75,157.220518,74.0471727,334.111226,,,,,,
t0-20CC-1,42.285242489999995,7.983643559999999,63.725647,11.6591625,4.823122499999999,65.51177178,96.18,6407.35360058583,6.1419761699999995,6.826437,0.022481642500000003,6.071,40.9670736,304.600234,236.392722,0.12214719200000002,15.83,127.97305899999999,63.098361600000004,265.641383,,,,,,
t0-20CC-2,64.7069547,3.36662146,64.51957540000001,11.8048145,6.13692618,37.93937686,88.78999999999999,6143.254114138726,3.53423273,6.673077,0.026278810000000003,2.71,45.8000366,316.103626,237.172896,0.13831701200000002,0.8456,128.219873,67.7684706,272.79898000000003,,,,,,
t0-20CC-3,54.9516159,2.89874951,152.6164637,11.5695305,6.70017138,51.79515138,80.95,6785.726644299895,1.50644485,6.462206999999999,0.025507322,0.6675,36.3397686,321.25618699999995,234.0522,0.08609035200000001,7.102,121.926116,62.4756804,273.204127,,,,,,
t0-30CC-1,42.48761388,4.8329629999999995,142.42307939999998,17.058090000000004,3.65617518,56.71524348,87.38,4921.4218008171,4.02781193,6.552306,0.024784052,4.676,37.1932493,272.36677099999997,305.308092,0.07854443600000001,25.740000000000002,115.385545,59.9330655,239.71197500000002,,,,,,
t0-30CC-2,23.594428469999997,1.8365259399999998,78.6881078,16.86202,4.10190522,61.426604399999995,85.53999999999999,4857.76040483238,7.021164120000001,6.485211,0.0184313305,6.977,34.1803596,267.21421000000004,294.125598,0.093041516,7.456,103.8346498,52.201440600000005,237.956338,,,,,,
t0-30CC-3,38.362350930000005,6.90908051,165.24078269999998,16.91804,2.54945502,30.07716908,85.95,4722.979192420999,7.620657189999999,6.519716999999999,0.0170860483,13.370000000000001,39.7639743,267.813345,294.255627,0.095271836,3.089,109.9926591,53.706253499999995,243.628396,,,,,,
t0-40CC-1,38.134034490000005,8.68288076,239.7854547,26.035295000000005,3.77459348,26.17091414,88.85000000000001,2837.7642371403317,2.64476188,5.912027999999999,0.0190316446,5.3,33.676497499999996,211.37482799999998,397.88874,0.053564852,0.322,86.7180989,34.34605719,186.502669,,,,,,
t0-40CC-2,15.36465861,11.5271309,120.675848,25.783205000000002,2.42354462,44.429922600000005,86.11,2903.4287227007017,3.0838417099999997,5.90436,0.015135630200000002,6.2219999999999995,36.3911831,210.775693,400.619349,0.088543704,0.6169,86.3108558,41.60029317,189.878894,,,,,,
t0-40CC-3,0.8587811550000001,7.31011361,119.53894079999998,26.27338,1.2373656393,26.67783272,80.4,3021.1989787514776,2.32702027,5.917779,0.0165267195,3.8850000000000002,39.0544542,218.684275,420.513786,0.068805372,0.3713,92.802064,42.37864467,190.554139,,,,,,
t0-50CC-1,23.80717788,6.7023942199999995,136.17443120000001,34.84444,3.43371,29.282002679999998,89.85000000000001,1829.1436187373201,2.49977299,5.643648,0.0129200131,4.428,29.213718900000003,165.960395,487.60875,0.04497812,10.44,68.8857874,42.824899529999996,154.361007,,,,,,
t0-50CC-2,9.39729711,7.91886129,169.73782469999998,35.306605000000005,3.44631378,22.69206114,68.58,1956.2395673228634,0.909728163,5.570802,0.012881438700000001,5.571,32.185477,166.08022200000002,481.1073,0.043900132,22.71,70.9096622,45.014661749999995,160.70831,,,,,,
t0-50CC-3,57.4942308,8.169764050000001,52.935828400000005,35.278595,2.44246968,40.752278000000004,78.35,1999.3068328669822,0.679905348,5.542047,0.0112540812,8.347,25.6249868,164.043163,478.24666199999996,0.052263832,0.22249999999999998,71.8352147,46.26002415,153.28061499999998,,,,,,
t0-60CC-1,0.001061671446,6.77437452,47.265657260000005,61.131825000000006,1.2879855177,28.05943434,63.919999999999995,465.1134035828954,3.5547985300000002,4.117716,0.0068107925,0.1065,21.182774,84.0346751,608.275662,0.0350680648,0.9199999999999999,35.541216,18.19266906,75.897538,,,,,,
t0-60CC-2,0.2237501112,8.31783781,47.79569296,60.97777000000001,0.8217834932999999,48.34611712,72.53999999999999,482.27743628765523,7.27412346,4.121549999999999,0.0063937068,0.1625,19.5477929,82.440976,614.1269669999999,0.0252806772,23.98,32.3943375,18.96064254,85.29694839999999,,,,,,
t0-60CC-3,13.953247889999998,8.21089565,103.01757130000001,60.431575,0.7336180425000001,27.681730299999998,68.85000000000001,463.95415886936087,7.25664253,4.041036,0.0064901428,0.016800000000000002,28.401369799999998,83.9507962,610.746213,0.03561449320000001,2.097,38.428939799999995,17.51809776,79.543861,,,,,,
t0-70CC-1,0.2434683492,5.63091604,29.7425992,68.63850500000001,1.3937179368000001,20.88305758,60.49,334.3806193087187,9.0078204,3.7266479999999995,0.0067312328000000005,0.07721,19.671187699999997,68.3493208,646.7642460000001,0.029417920800000004,22.01,28.1984995,19.988066519999997,74.8036411,,,,,,
t0-70CC-2,8.5099764,10.5811041,80.91784189999998,69.12868,1.5122005017000002,36.61741272,72.28,323.25842570966165,6.28079532,3.7132289999999997,0.0083200159,1.723,17.995075,66.32424449999999,640.392825,0.032863765200000006,0.4133,27.2606063,26.54178615,71.1438132,,,,,,
t0-70CC-3,1.553070693,9.071574380000001,66.3090733,68.20435,1.5429644888,30.59402724,66.66,341.6729860804005,6.272569,3.655719,0.0060393045,4.758,20.9359844,72.9986084,641.433057,0.0348896392,11.219999999999999,26.4337794,19.85834127,70.67114169999999,,,,,,
t0-80CC-1,1.474197741,8.89779337,105.0384566,75.26287,0.9070425000000001,21.06197002,49.5,221.88352863979878,6.1286084,3.3144929999999997,0.004903770599999999,2.0370000000000004,21.645504499999998,56.31869,662.497755,0.024232426800000005,4.216,19.5600095,20.37724227,55.0864871,,,,,,
t0-80CC-2,6.60042072,5.54659626,132.56189619999998,74.49259500000001,2.0350941799999998,36.855962639999994,65.29,237.91295551671215,5.10134669,3.3835049999999995,0.0044963285,0.061130000000000004,16.5040545,57.3611849,657.686682,0.0169578664,10.309999999999999,23.5954184,19.72861602,60.4614373,,,,,,
t0-80CC-3,0.23563294410000002,9.27414751,12.3780468,75.15083,1.3358097332999999,38.87369738,57.54,232.0492737340301,7.506517,3.046113,0.00196657113,0.1733,22.6635116,56.2827419,664.0581030000001,0.0274069156,39.57,25.940151399999998,22.97693628,60.8665843,,,,,,
t0-90CC-1,0.4325039835,8.05253899,58.73063166,88.46958500000001,0.3576845552,28.48683628,56.13,85.50142544541285,6.95741014,2.3349059999999997,0.00188363617,0.6411,11.3831703,31.2029508,698.1257009999999,0.0211397164,24.150000000000002,14.9075656,15.07407405,33.802764700000004,,,,,,
t0-90CC-2,1.1607815369999999,10.0978078,95.6048574,87.71331500000001,0.15561670319999998,37.60143114,69.35000000000001,79.8968674988891,11.3523216,2.495934,0.0049592213,0.035800000000000005,19.7020364,31.2988124,688.633584,0.0052115144000000006,6.84,15.635666899999999,11.45214507,28.670902700000003,,,,,,
t0-90CC-3,3.30539937,9.91785705,110.85025769999999,87.97941,0.6978761888,28.814842419999998,73.73,83.21996970534485,3.20003848,2.315736,0.00030473776,3.702,14.8896392,32.712771000000004,700.85631,0.0147981732,20.020000000000003,14.5496853,15.78496842,30.6696279,,,,,,
t0-100CC-1,0.17533664789999998,11.0849662,42.147812959999996,100.69595000000001,0.9395372112,27.46305954,55.309999999999995,2.8895446004925804,7.447904469999999,1.3597280999999999,0.0028906691000000003,0.1829,17.0079166,7.03863798,717.630051,0.00873542,9.174000000000001,6.98236806,2.655216417,9.59523145,,,,,,
t0-100CC-2,0.19541811660000002,8.123491,36.53971966,102.99277000000002,0.2618668437,26.71759104,56.07,3.1920157182178976,5.8612530000000005,1.077354,0.0037079642,0.2555,12.2160852,7.6365747100000005,722.7011819999999,0.014248027600000001,22.02,6.22835129,7.22829093,11.799231129999999,,,,,,
t0-100CC-3,18.27569322,7.2011148700000005,121.6719018,101.88637500000002,0.2868838392,33.30753258,49.29,2.882807486780638,8.08750085,1.0365219,0.00115433892,0.8333,15.054165600000001,9.85457248,729.722748,0.0072634088,0.3049,9.58502169,4.321407528,11.48186598,,,,,,
t0-0CC-1,95.7891246,6.101872859999999,150.1859576,0.6935276,8.08661658,69.23911428,114.5,12138.190570606528,6.0566281,6.8628599999999995,0.031992643,10.11,50.3656442,405.973876,13.7050566,0.167348344,11.17,160.058879,79.08051239999999,338.027647,,,,,,
t0-0CC-2,48.735181919999995,6.831958759999999,154.8316847,0.6596355,7.7094399199999994,48.5548483,108.8,12262.1166100022,6.4628026499999995,7.232841,0.029485307,9.183,59.764214800000005,415.560036,22.742072099999998,0.15865009600000002,9.359,164.995159,76.4341173,356.124213,,,,,,
t0-0CC-3,70.8299865,3.54040247,200.19257700000003,0.7113139500000001,12.11187362,23.43752964,111.0,12014.939057701251,7.60626113,6.952958999999999,0.038333309999999995,8.246,50.2628152,420.832424,16.6567149,0.15017488,24.2,160.058879,77.73136980000001,348.83156699999995,,,,,,
t0-10CC-1,65.0701854,5.531171909999999,181.91163039999998,6.3176555,8.14208108,57.73902022,101.8,9097.744347407515,3.4684221699999997,6.684578999999999,0.027219061000000003,6.42,60.278359800000004,359.840481,138.610914,0.129024012,1.048,148.33521399999998,68.0279211,317.905346,,,,,,
t0-10CC-2,85.20354420000001,5.02319665,138.3491522,6.316255000000001,7.635797820000001,48.1075672,134.6,9009.670832963751,0.322471744,6.931871999999999,0.027821786,0.3699,45.3373061,361.398232,143.291958,0.12538115600000002,29.669999999999998,145.743667,82.03824809999999,311.017847,,,,,,
t0-10CC-3,64.5512844,6.69622448,132.850347,6.349867000000001,6.245090879999999,49.33013554,109.3,8904.583252337514,4.25506402,6.813018,0.026857426,4.172,50.0365914,370.26543,144.852306,0.105903028,39.75,157.220518,74.0471727,334.111226,,,,,,
t0-20CC-1,42.285242489999995,7.983643559999999,63.725647,11.6591625,4.823122499999999,65.51177178,96.18,6407.35360058583,6.1419761699999995,6.826437,0.022481642500000003,6.071,40.9670736,304.600234,236.392722,0.12214719200000002,15.83,127.97305899999999,63.098361600000004,265.641383,,,,,,
t0-20CC-2,64.7069547,3.36662146,64.51957540000001,11.8048145,6.13692618,37.93937686,88.78999999999999,6143.254114138726,3.53423273,6.673077,0.026278810000000003,2.71,45.8000366,316.103626,237.172896,0.13831701200000002,0.8456,128.219873,67.7684706,272.79898000000003,,,,,,
t0-20CC-3,54.9516159,2.89874951,152.6164637,11.5695305,6.70017138,51.79515138,80.95,6785.726644299895,1.50644485,6.462206999999999,0.025507322,0.6675,36.3397686,321.25618699999995,234.0522,0.08609035200000001,7.102,121.926116,62.4756804,273.204127,,,,,,
t0-30CC-1,42.48761388,4.8329629999999995,142.42307939999998,17.058090000000004,3.65617518,56.71524348,87.38,4921.4218008171,4.02781193,6.552306,0.024784052,4.676,37.1932493,272.36677099999997,305.308092,0.07854443600000001,25.740000000000002,115.385545,59.9330655,239.71197500000002,,,,,,
t0-30CC-2,23.594428469999997,1.8365259399999998,78.6881078,16.86202,4.10190522,61.426604399999995,85.53999999999999,4857.76040483238,7.021164120000001,6.485211,0.0184313305,6.977,34.1803596,267.21421000000004,294.125598,0.093041516,7.456,103.8346498,52.201440600000005,237.956338,,,,,,
t0-30CC-3,38.362350930000005,6.90908051,165.24078269999998,16.91804,2.54945502,30.07716908,85.95,4722.979192420999,7.620657189999999,6.519716999999999,0.0170860483,13.370000000000001,39.7639743,267.813345,294.255627,0.095271836,3.089,109.9926591,53.706253499999995,243.628396,,,,,,
t0-40CC-1,38.134034490000005,8.68288076,239.7854547,26.035295000000005,3.77459348,26.17091414,88.85000000000001,2837.7642371403317,2.64476188,5.912027999999999,0.0190316446,5.3,33.676497499999996,211.37482799999998,397.88874,0.053564852,0.322,86.7180989,34.34605719,186.502669,,,,,,
t0-40CC-2,15.36465861,11.5271309,120.675848,25.783205000000002,2.42354462,44.429922600000005,86.11,2903.4287227007017,3.0838417099999997,5.90436,0.015135630200000002,6.2219999999999995,36.3911831,210.775693,400.619349,0.088543704,0.6169,86.3108558,41.60029317,189.878894,,,,,,
t0-40CC-3,0.8587811550000001,7.31011361,119.53894079999998,26.27338,1.2373656393,26.67783272,80.4,3021.1989787514776,2.32702027,5.917779,0.0165267195,3.8850000000000002,39.0544542,218.684275,420.513786,0.068805372,0.3713,92.802064,42.37864467,190.554139,,,,,,
t0-50CC-1,23.80717788,6.7023942199999995,136.17443120000001,34.84444,3.43371,29.282002679999998,89.85000000000001,1829.1436187373201,2.49977299,5.643648,0.0129200131,4.428,29.213718900000003,165.960395,487.60875,0.04497812,10.44,68.8857874,42.824899529999996,154.361007,,,,,,
t0-50CC-2,9.39729711,7.91886129,169.73782469999998,35.306605000000005,3.44631378,22.69206114,68.58,1956.2395673228634,0.909728163,5.570802,0.012881438700000001,5.571,32.185477,166.08022200000002,481.1073,0.043900132,22.71,70.9096622,45.014661749999995,160.70831,,,,,,
t0-50CC-3,57.4942308,8.169764050000001,52.935828400000005,35.278595,2.44246968,40.752278000000004,78.35,1999.3068328669822,0.679905348,5.542047,0.0112540812,8.347,25.6249868,164.043163,478.24666199999996,0.052263832,0.22249999999999998,71.8352147,46.26002415,153.28061499999998,,,,,,
t0-60CC-1,0.001061671446,6.77437452,47.265657260000005,61.131825000000006,1.2879855177,28.05943434,63.919999999999995,465.1134035828954,3.5547985300000002,4.117716,0.0068107925,0.1065,21.182774,84.0346751,608.275662,0.0350680648,0.9199999999999999,35.541216,18.19266906,75.897538,,,,,,
t0-60CC-2,0.2237501112,8.31783781,47.79569296,60.97777000000001,0.8217834932999999,48.34611712,72.53999999999999,482.27743628765523,7.27412346,4.121549999999999,0.0063937068,0.1625,19.5477929,82.440976,614.1269669999999,0.0252806772,23.98,32.3943375,18.96064254,85.29694839999999,,,,,,
t0-60CC-3,13.953247889999998,8.21089565,103.01757130000001,60.431575,0.7336180425000001,27.681730299999998,68.85000000000001,463.95415886936087,7.25664253,4.041036,0.0064901428,0.016800000000000002,28.401369799999998,83.9507962,610.746213,0.03561449320000001,2.097,38.428939799999995,17.51809776,79.543861,,,,,,
t0-70CC-1,0.2434683492,5.63091604,29.7425992,68.63850500000001,1.3937179368000001,20.88305758,60.49,334.3806193087187,9.0078204,3.7266479999999995,0.0067312328000000005,0.07721,19.671187699999997,68.3493208,646.7642460000001,0.029417920800000004,22.01,28.1984995,19.988066519999997,74.8036411,,,,,,
t0-70CC-2,8.5099764,10.5811041,80.91784189999998,69.12868,1.5122005017000002,36.61741272,72.28,323.25842570966165,6.28079532,3.7132289999999997,0.0083200159,1.723,17.995075,66.32424449999999,640.392825,0.032863765200000006,0.4133,27.2606063,26.54178615,71.1438132,,,,,,
t0-70CC-3,1.553070693,9.071574380000001,66.3090733,68.20435,1.5429644888,30.59402724,66.66,341.6729860804005,6.272569,3.655719,0.0060393045,4.758,20.9359844,72.9986084,641.433057,0.0348896392,11.219999999999999,26.4337794,19.85834127,70.67114169999999,,,,,,
t0-80CC-1,1.474197741,8.89779337,105.0384566,75.26287,0.9070425000000001,21.06197002,49.5,221.88352863979878,6.1286084,3.3144929999999997,0.004903770599999999,2.0370000000000004,21.645504499999998,56.31869,662.497755,0.024232426800000005,4.216,19.5600095,20.37724227,55.0864871,,,,,,
t0-80CC-2,6.60042072,5.54659626,132.56189619999998,74.49259500000001,2.0350941799999998,36.855962639999994,65.29,237.91295551671215,5.10134669,3.3835049999999995,0.0044963285,0.061130000000000004,16.5040545,57.3611849,657.686682,0.0169578664,10.309999999999999,23.5954184,19.72861602,60.4614373,,,,,,
t0-80CC-3,0.23563294410000002,9.27414751,12.3780468,75.15083,1.3358097332999999,38.87369738,57.54,232.0492737340301,7.506517,3.046113,0.00196657113,0.1733,22.6635116,56.2827419,664.0581030000001,0.0274069156,39.57,25.940151399999998,22.97693628,60.8665843,,,,,,
t0-90CC-1,0.4325039835,8.05253899,58.73063166,88.46958500000001,0.3576845552,28.48683628,56.13,85.50142544541285,6.95741014,2.3349059999999997,0.00188363617,0.6411,11.3831703,31.2029508,698.1257009999999,0.0211397164,24.150000000000002,14.9075656,15.07407405,33.802764700000004,,,,,,
t0-90CC-2,1.1607815369999999,10.0978078,95.6048574,87.71331500000001,0.15561670319999998,37.60143114,69.35000000000001,79.8968674988891,11.3523216,2.495934,0.0049592213,0.035800000000000005,19.7020364,31.2988124,688.633584,0.0052115144000000006,6.84,15.635666899999999,11.45214507,28.670902700000003,,,,,,
t0-90CC-3,3.30539937,9.91785705,110.85025769999999,87.97941,0.6978761888,28.814842419999998,73.73,83.21996970534485,3.20003848,2.315736,0.00030473776,3.702,14.8896392,32.712771000000004,700.85631,0.0147981732,20.020000000000003,14.5496853,15.78496842,30.6696279,,,,,,
t0-100CC-1,0.17533664789999998,11.0849662,42.147812959999996,100.69595000000001,0.9395372112,27.46305954,55.309999999999995,2.8895446004925804,7.447904469999999,1.3597280999999999,0.0028906691000000003,0.1829,17.0079166,7.03863798,717.630051,0.00873542,9.174000000000001,6.98236806,2.655216417,9.59523145,,,,,,
t0-100CC-2,0.19541811660000002,8.123491,36.53971966,102.99277000000002,0.2618668437,26.71759104,56.07,3.1920157182178976,5.8612530000000005,1.077354,0.0037079642,0.2555,12.2160852,7.6365747100000005,722.7011819999999,0.014248027600000001,22.02,6.22835129,7.22829093,11.799231129999999,,,,,,
t0-100CC-3,18.27569322,7.2011148700000005,121.6719018,101.88637500000002,0.2868838392,33.30753258,49.29,2.882807486780638,8.08750085,1.0365219,0.00115433892,0.8333,15.054165600000001,9.85457248,729.722748,0.0072634088,0.3049,9.58502169,4.321407528,11.48186598,,,,,,
t-ISic000007-a,15.31276851,9.42324956,3.2806251517,48.76541,0.7051132031999999,346.4937588,75.05,109.31211526973063,10.4679922,0.6661575,0.025820739000000002,6.923,60.792504799999996,7.96729723,489.299127,0.0079808284,15.370000000000001,8.41512333,43.504659839999995,11.931579150000001,,,,,,
t-ISic000007-b,27.683368350000002,8.76308738,24.53086636,49.49367,0.5671797152,322.3405794,75.72,88.86114178075027,6.98106081,0.6494795999999999,0.021191810999999998,4.1690000000000005,69.4301408,13.1210565,470.965038,0.0078953328,41.230000000000004,13.821584,25.64927643,15.3685762,,,,,,
t-ISic000007-c,19.396519379999997,7.82117374,56.226419199999995,46.622645,0.35490852319999994,333.7710964,74.74000000000001,96.9243596267791,8.84432229,0.6113312999999999,0.025772521,0.09337,65.2655663,7.98766782,483.187764,0.019437238800000003,1.682,12.9207129,32.59736082,12.417755549999999,,,,,,
t-ISic000079-a,95.5815642,7.18054907,73.6448303,12.430838000000001,11.9668815,431.27837619999997,94.2,17679.35508488412,5.54453968,0.8521065,0.048965379,11.53,47.620109899999996,51.7053505,483.967938,0.43862960000000006,194.1,24.4469267,217.5232992,171.107083,,,,,,
t-ISic000079-b,190.02154620000002,8.341488479999999,216.6838517,14.747265000000002,17.04791802,475.70829879999997,79.04,70987.59641309375,3.20312335,1.3501431,0.05810269,6.476,38.704835599999996,43.341425900000004,547.5521190000001,0.45684388000000004,32.06,19.4242618,237.0339768,137.074735,,,,,,
t-ISic000079-c,142.0750938,7.16615301,86.6911864,12.341206000000001,17.439802380000003,422.929129,84.02,36981.90065611065,3.6699670099999997,0.8898714,0.053449653,5.672,48.2576497,49.848031999999996,486.828576,0.39513836,152.5,20.3868364,199.67310479999998,171.37718099999998,,,,,,
t-ISic000079-d,109.2286605,8.3085832,67.9699158,11.7319885,16.257541019999998,495.88564620000005,74.95,62332.948170154785,1.3162112,1.2679038,0.19771790900000002,9.049,20.3395762,47.9907135,496.320693,0.48435116,81.63000000000001,15.1050168,204.6026643,120.78782559999999,,,,,,
t-ISic000079-e,235.3216035,6.89571274,103.4352715,10.736233000000002,22.915662,490.31948140000003,83.46000000000001,123822.71349633002,4.84735906,1.1404233,0.162398224,10.67,19.5786416,55.7914512,433.646715,0.50516748,51.7,17.27698,264.79518029999997,143.96223400000002,,,,,,
t-ISic000508-a,113.3798685,5.13013881,37.70478916,64.81514,1.4110430432,356.7315262,63.059999999999995,105.84317271048383,5.60006734,0.8256519,0.028593274,5.461,181.69884299999998,9.35369562,537.149799,0.03828716,17.520000000000003,10.52908524,43.53060489,17.367301400000002,,,,,,
t-ISic000508-b,3.801468726,6.92553315,39.97062636,56.97234,2.14509498,328.503119,56.660000000000004,59.16231520981586,11.1260978,0.6717168,0.025362667999999998,6.756,58.94158279999999,8.265666459999998,502.041969,0.0153446016,8.498999999999999,12.11609926,45.035417790000004,15.4766154,,,,,,
t-ISic000508-c,4041.719889,1.004433672,273.3073417,26.049300000000002,2.5598370000000004,374.8215618,77.06,375.0711459185758,0.22365307499999998,0.2890836,0.0167991512,10.129999999999999,37779.3746,1.78302576,210.386922,0.09077402400000002,23.47,0.671087266,48.423841319999994,0.045781611,,,,,,
t-ISic000508-d,1996.7310479999999,0.268589348,188.4781346,42.953335,1.16023908,340.33121919999996,59.7,70.03832469013706,0.1131119,0.5542047,0.0227179107,4.389,11825.335000000001,1.21384751,362.910939,0.009293000000000001,76.27,0.476844648,34.413514320000004,0.0379757788,,,,,,
t-ISic000509-a,4.8745559940000005,9.62685098,58.2579639,52.56076500000001,2.58061608,311.80462459999995,83.75999999999999,513.449619459612,11.9178811,0.9326205000000001,0.0095182332,12.690000000000001,36.3603344,15.7692332,267.98976899999997,0.03735786000000001,10.85,12.288869060000001,29.54622294,14.990439,,,,,,
t-ISic000509-b,0.857743353,3.72857954,451.8587939,56.398135,0.9901470536999999,331.88257619999996,58.21,394.8268380255089,5.35327774,0.991089,0.010644123500000002,4.147,20.0927866,13.0851084,292.045134,0.061370972,6.563,14.3275527,39.31193976,17.1647279,,,,,,
t-ISic000509-c,1.599771783,6.02166624,110.85025769999999,52.04258,1.8118589999999999,352.0599236,84.5,139.03175523895936,8.60884388,0.8099324999999998,0.0105067022,3.261,43.722890799999995,9.77548666,299.71684500000003,0.0255074264,0.8854000000000001,9.57268099,32.727086070000006,16.6650466,,,,,,
t-ISic000509-d,7.394339250000001,9.31013766,32.05748106,65.79549,0.4119078425,349.67442439999996,50.949999999999996,22.422324549490313,5.916780660000001,0.8291025,0.0121147725,3.4010000000000002,31.671332,6.03209118,200.504718,0.0063266744,26.07,5.937110769999999,34.23708798,12.8701697,,,,,,
t-ISic000509-e,177.3084717,11.485999300000001,83.01839260000001,37.211285000000004,0.9064059311999999,328.30432740000003,6152.0,90.90962058173491,2.5388480099999997,0.6245586,0.0124981056,0.2635,223.755904,5.09504404,158.895438,0.0219798036,9.052999999999999,3.8959589899999996,223.5944409,5.12375906,,,,,,
t-ISic000509-f,15.79534644,8.158452859999999,43.534569680000004,56.32811,0.135711104963,367.9632516,54.339999999999996,100.61339199199159,6.6108764099999995,0.7357446,0.0128573297,2.02,97.8520764,8.20934777,236.392722,0.041967188,14.399999999999999,14.5496853,123.6022182,16.435463300000002,,,,,,
t-ISic000510-a,4.306359399,7.17849249,169.81295839999999,75.43093,0.7155019199999999,367.0686894,57.47,24.590915323889874,6.9306746,0.9713439,0.0156298647,2.885,22.5503997,8.39747616,254.33672399999998,0.023682281200000002,16.59,8.70512978,24.829412849999997,11.37652776,,,,,,
t-ISic000510-b,2.748618597,6.444293429999999,69.8345114,71.495525,2.09933052,381.87866360000004,82.81,64.51302488943362,6.808308090000001,0.9698103,0.0230891893,1.653,39.897652,12.1983886,255.897072,0.0329864328,14.02,10.580916180000001,210.88136640000002,13.991076399999999,,,,,,
t-ISic000510-c,3.93845859,7.16409643,107.8341646,73.13411,0.6347570431999999,335.65961660000005,75.69,23.12011355829796,9.87466887,0.9615671999999998,0.0172017715,3.232,21.1107937,11.90481245,245.10466499999998,0.0145491208,27.64,10.119374,27.195601410000002,16.0438212,,,,,,
t-ISic000510-d,11.73754062,7.42939525,181.37910050000002,66.453725,0.9534129717000001,361.4031288,65.19,12.890136776548244,8.467968149999999,0.8024561999999998,0.0142315427,4.508,24.3910388,8.49813084,223.64988,0.00057951148,4.84,10.61053386,27.071065169999997,14.6798263,,,,,,
t-ISic000510-e,10.0666794,10.8895911,82.8826992,62.67237500000001,1.4831267472,374.4239786,54.61,14.806556831638943,6.29519138,0.7023888,0.0082380453,0.5641,21.3473004,9.04454196,209.73677700000002,0.005802549200000001,2.31,4.15141148,14.88726969,11.252282679999999,,,,,,
t-ISic000510-f,0.0872272581,10.13379795,109.0953652,64.91317500000001,0.8804848072999999,312.599791,54.2,11.675004428128625,8.80730385,0.7658415000000001,0.0079270392,0.2601,17.4397984,6.00453097,196.99393500000002,1.1738917600000002e-05,0.4704,6.34929015,9.80203989,15.8952673,,,,,,
t-ISic000510-g,8.91990819,7.85099415,85.0566736,59.689310000000006,0.8749237728,316.7744146,50.160000000000004,31.630298608553414,10.075185419999999,0.7382367,0.009419386299999999,0.3649,57.255187199999995,11.12713522,195.95370300000002,0.007977111200000001,30.929999999999996,9.550467730000001,44.60991897,17.2592622,,,,,,
t-ISic000510-h,301.7928216,5.682330540000001,141.548511,38.17763000000001,0.7741705607999999,382.07745520000003,46.54,163.41809634341593,4.35069499,0.5494122,0.0184843703,0.111,290.903241,3.0591833100000003,153.564249,0.044532056,30.049999999999997,3.6614856899999997,119.1396696,10.07735638,,,,,,
t-ISic000510-i,236.41129560000002,5.080780890000001,189.85813520000002,30.348835000000005,0.4642858773,354.346027,67.94,358.5262484651274,8.37953521,0.5264082,0.0157624642,2.461,219.539915,6.96434524,203.105298,0.0242881848,19.959999999999997,7.4648894299999995,361.5183267,8.506736510000001,,,,,,
t-ISic000510-j,2282.645499,5.0283381,172.59712330000002,30.110750000000003,0.47251350720000007,358.9182338,66.55000000000001,512.6384228473783,22.8074722,0.5219991,0.016828082,4.672000000000001,4080.25472,1.8908700600000001,174.889005,0.058434384000000006,9.007,23.373285799999998,754.482054,6.490454939999999,,,,,,
t-ISic000510-k,2853.436599,0.220979521,6949.700505,29.984705000000005,0.9443207591999999,337.8463242,58.76,459.7156375552879,0.032421983700000004,0.5229575999999999,0.0080427624,7.642,15856.2318,1.40317417,176.83944000000002,0.0264441608,82.28,0.30975157000000003,127.90909649999999,0.0437693809,,,,,,
t-ISic000510-l,947.5132259999999,0.8598560980000001,28972.282118999996,45.25015500000001,1.0207086008,294.31096379999997,60.0,354.4460226303755,1.32443752,0.5507541,0.0050436028,0.8093,2503.88615,0.69859141,283.46322000000004,0.046390656,36.31,1.2464107,128.7912282,4.98735957,,,,,,
t-ISic000514-a,48.50167647,8.63352284,6.6798529,49.171555000000005,0.9243976217,331.08740980000005,114.5,41.11672131157962,5.896214860000001,0.6751674,0.0068590105,1.0359999999999998,126.47967,6.825345919999999,119.756709,0.005568365600000001,27.02,6.66521207,218.8724418,13.8830372,,,,,,
t-ISic000514-b,341.8519788,6.37745458,42.77022316,30.180775,0.089504436483,324.527287,100.4,236.51066888419916,0.00116710915,0.5457699,0.032113188,0.05481,342.42057,3.37792313,136.140363,0.0292209092,28.08,3.21351828,216.6930576,8.25014341,,,,,,
t-ISic000514-c,2.966038116,11.6710915,72.2387606,68.09231000000001,0.5757687957000001,358.32185899999996,72.85,25.86084323297554,10.385729,0.8459721,0.002772535,10.69,16.8742389,10.09782129,140.69137800000001,0.0086201868,9.132,7.57472166,13.51218204,9.78024858,,,,,,
t-ISic000514-d,3.0210416220000003,10.06593081,38.450722660000004,73.73632500000001,1.1948015352,355.63817240000003,79.43,50.98461717967372,10.560538300000001,0.9853379999999998,0.0040213812,6.53,21.861445399999997,7.74801382,148.883205,0.030131623200000002,14.430000000000001,9.912050240000001,10.23791673,17.961517,,,,,,
t-ISic000514-e,0.13984381950000002,9.03249936,1.5859922697,72.50388500000001,0.4535803272,387.8424116,86.0,29.788703104067935,7.6196288999999995,0.8912133,0.00506289,0.9873000000000001,19.8665628,10.34586318,145.63248,0.022786436,30.830000000000002,6.96632515,12.69231846,15.2065174,,,,,,
t-ISic000519-a,150.2737296,7.71423158,81.52708520000002,52.630790000000005,0.7487552457,374.722166,86.78,171.7904628060176,2.70234612,0.7729343999999999,0.024109000000000002,0.023370000000000002,142.520994,9.149989719999999,554.833743,0.013404223199999999,13.040000000000001,11.442297040000001,256.9597752,13.6669588,,,,,,
t-ISic000519-b,243.1570086,11.1877952,92.78267570000001,24.102605000000004,0.069071991492,365.279565,115.60000000000001,801.3295539342578,6.91525025,0.7288433999999999,0.089733698,2.487,223.858733,7.26870582,490.59941699999996,0.085198224,25.959999999999997,7.111945410000001,528.241218,10.76880726,,,,,,
t-ISic000519-c,1.034169693,6.24274859,25.04954996,75.57098,0.6666023637000001,347.4877168,70.75999999999999,23.43076490201686,6.1491742,0.8030313,0.004862785299999999,6.856999999999999,20.5041026,7.66293665,601.774212,0.00353580064,4.198,9.97622188,18.87761838,19.5550952,,,,,,
t-ISic000519-d,26.29271367,13.131263299999999,45.987478159999995,76.01914,1.05404838,356.6321304,75.32000000000001,27.883408696844104,9.42530614,0.9933894,0.0030401449,1.272,24.2882098,11.82333009,646.504188,0.002100218,17.669999999999998,9.80345208,12.12152736,13.680463699999999,,,,,,
t-ISic000519-e,0.829203798,7.454074210000001,15.369921560000002,61.20185000000001,0.52756872,360.7073582,79.27000000000001,31.755925277402543,10.4679922,0.7616240999999999,0.00183686471,0.2909,26.303658199999997,10.51481925,521.026203,0.0154524004,24.93,6.93300526,21.25418496,22.0670066,,,,,,
t-ISic000625-a,9.72939375,6.9409575,80.30908459999999,42.5752,0.3414974297,375.1197492,59.55,85.17908812260598,7.8437961199999995,0.6732503999999999,0.0222236762,0.9665,25.491309100000002,9.41121258,358.35992400000003,0.04661368800000001,0.3267,12.29997569,116.80461509999999,12.67434865,,,,,,
t-ISic000625-b,8.77461591,10.2931829,12.82561418,56.07602,0.01046605376327,342.41853100000003,66.59,120.18870007010366,11.3009071,0.8528733,0.033318638,4.470000000000001,30.5710617,9.655659660000001,451.850775,0.044532056,37.21,14.0807387,87.69426899999999,15.2200223,,,,,,
t-ISic000625-c,6.56409765,8.859746640000001,26.21340218,53.709175,0.45233953520000003,360.40917079999997,62.87,136.64116888577388,7.8684750800000005,0.7579817999999999,0.027797677,4.71,39.0647371,10.24640677,428.05546799999996,0.048658148000000005,22.85,15.055654,92.2605978,14.7608557,,,,,,
t-ISic000810-a,32.3275323,8.64277745,76.12862919999999,52.29467,1.1591096153,362.0988994,83.63,207.1622313269462,8.895736789999999,0.9324288,0.012218441200000001,1.423,31.0337922,13.3127797,1099.525224,0.052932928000000004,20.5,17.5731568,35.84568108,22.3506095,,,,,,
t-ISic000810-b,0.4030304067,11.5065651,125.9540238,55.51582,0.2650878048,356.830922,82.87,251.8595954071716,10.2829,0.9864882,0.010075151099999999,5.312,29.7689955,14.475101599999999,1132.162503,0.070143564,1.1909999999999998,14.5373446,40.59362523,16.6515417,,,,,,
t-ISic000810-c,0.46763358120000004,7.63505325,200.8129666,54.54947500000001,1.2628207872,386.84845359999997,70.64999999999999,297.17215809002977,7.174379330000001,0.8781777,0.0187302821,7.949,28.4322185,13.792087700000002,1091.3333969999999,0.061370972,28.779999999999998,13.377318800000001,47.1681009,23.7010995,,,,,,
t-ISic000812-a,5.2253330700000005,8.30652662,0.04181849822332,53.989275000000006,0.42630360079999996,334.963846,66.61,47.59939009620312,4.69105898,0.5977205999999999,0.035994737,4.0040000000000004,17.069613999999998,8.98582673,193.093065,0.032915806,20.96,6.65780765,14.70565434,13.7074735,,,,,,
t-ISic000812-b,0.999922227,8.41038391,0.7344386192,74.42257000000001,0.39412337999999997,362.79467,63.830000000000005,21.301805228520504,7.78209872,0.9581165999999999,0.048989488000000005,4.306,13.593993799999998,8.62994054,263.048667,0.0339343188,17.560000000000002,7.4155266300000005,9.02368839,12.26379969,,,,,,
t-ISic000812-c,2.80725441,11.4037361,48.27436418,69.96898,0.5305286217,381.2822888,69.97,94.91424447051318,9.063348060000001,0.9226520999999999,0.042528276000000004,13.57,25.5941381,9.96720986,335.604849,0.06092490800000001,9.023,11.41144529,27.30457062,17.6509043,,,,,,
t-ISic000816-a,25.203021569999997,7.32039651,71.83751240000001,59.3812,0.27030400320000003,364.782586,66.18,89.13438314115885,7.796494780000001,0.7938296999999999,0.037634149,4.695,62.0264528,9.0828866,462.64318199999997,0.052635552,29.64,14.2658492,48.89085222,15.3550713,,,,,,
t-ISic000816-b,21.108892679999997,10.4679922,5.737465943700001,57.756620000000005,0.18810782969999998,311.4070414,71.84,123.41007511422166,9.21245011,0.8110827,0.035874192000000006,1.305,51.980059499999996,13.7561396,462.64318199999997,0.08118364800000001,18.61,12.29380534,47.557276650000006,18.5692375,,,,,,
t-ISic000816-c,0.49944221250000004,9.49831473,90.92967379999999,59.661300000000004,0.7293630288,333.96988799999997,70.55,130.86216269441127,6.2828519,0.8697429,0.033583837,1.0699999999999998,41.234429,6.73547567,471.74521200000004,0.063080884,33.5,13.0317792,52.6165614,15.3010517,,,,,,
t-ISic000817-a,0.4048984503,9.69163325,690.6480719,51.86051500000001,0.5942105673000001,349.7738202,59.61,395.1840579082501,13.686539900000001,0.8005392,0.038550291,1.226,51.342519700000004,13.0132122,485.398257,0.09467708400000001,8.122,12.130908100000001,45.44534958,15.665684,,,,,,
t-ISic000817-b,30.1481481,10.4165777,69936.25210000001,49.591705000000005,0.3683302133,201.773474,58.87,367.78864312200284,8.12760416,0.6709499999999999,0.0231157092,1.9240000000000002,41.3578238,10.92223105,786.5454209999999,0.13177474,244.0,10.932626130000001,52.0457703,14.814875299999999,,,,,,
t-ISic000817-c,13.579639169999998,5.03450784,1919.000493,58.526895,0.102745221075,313.29556160000004,70.17999999999999,165.7910149025348,3.10029435,0.7044974999999999,0.037151969,0.784,30.622476199999998,8.33636439,625.959606,0.06609181600000001,3.7079999999999997,10.68828027,53.5505832,17.677914100000002,,,,,,
t-ISic000817-d,3.018447117,9.68752009,45.37504546,48.89145500000001,0.3718802472,330.6898266,63.50999999999999,268.25278913061646,4.6591819899999996,0.9082745999999999,0.041829115,5.433000000000001,54.509652900000006,9.45554857,396.458421,0.09776236,17.04,14.80884,70.93376669999999,15.3685762,,,,,,
t-ISic000817-e,2.030978514,9.47363577,98.0911866,60.459585000000004,0.9427261031999999,372.1378752,52.23,95.79504240773224,7.0540694,0.7096734,0.031389917999999996,0.49360000000000004,53.84126440000001,9.280601149999999,474.085734,0.012344821200000002,3.278,12.20001602,72.8018103,18.5287228,,,,,,
t-ISic000817-f,7.6070886600000005,10.3651632,38.367800599999995,55.137685000000005,0.31701488,356.7315262,65.32000000000001,224.33684901090783,8.80010582,0.8384958,0.040695992,3.108,52.1651517,10.89586911,461.21286299999997,0.058657416,35.45,11.62247126,75.3444252,11.546689500000001,,,,,,
t-ISic001550-a,6.74052399,9.98778077,83.4256168,48.303245000000004,0.00669019041327,374.225187,62.68,34.42902290306196,13.912763700000001,0.6111395999999999,0.0037827021000000002,0.2558,30.427101099999998,9.989976989999999,413.752278,0.000364545804,0.20980000000000001,6.08273103,15.416548709999999,11.51562823,,,,,,
t-ISic001550-b,26.63518833,7.230935280000001,79.4981642,44.47988,0.9444802325,349.07804960000004,79.98,66.70868638430923,22.2213469,0.6092226,0.0075846914,3.9099999999999997,32.5865101,6.67316563,343.406589,0.011872736800000002,20.869999999999997,8.71870455,20.206004940000003,12.16656441,,,,,,
t-ISic001550-c,55.003506,8.998565789999999,51.042844300000006,45.43222000000001,0.5599993728,346.4937588,115.3,160.35624153227923,27.4244943,0.6974046,0.007423161100000001,4.494,46.478708,6.34004657,355.239228,0.005099998400000001,26.55,12.03094843,26.567731199999997,15.557644799999998,,,,,,
t-ISic001550-d,27.85460568,8.16667918,105.24780170000001,43.02336,0.7440234837,327.4097652,82.91000000000001,63.93652419126829,19.3010033,0.6437286,0.0063310234,0.01842,39.147000299999995,8.69344885,391.127232,0.008668510400000001,24.82,9.27650419,18.156345990000002,9.72217751,,,,,,
t-ISic001661-a,7.108943699999999,12.0001443,45.07869368,37.239295000000006,0.014528349108,320.2532676,52.129999999999995,1769.8648216063214,6.10907089,0.8707014,0.0167292351,0.02255,25.4501775,7.8486685000000005,389.436855,0.073005808,32.04,10.76232447,16.833148440000002,14.045096,,,,,,
t-ISic001661-b,8.29722699,7.20008658,8.1938476,44.577915000000004,0.48307547120000005,321.545413,60.37,610.926656430509,9.1620639,0.7194500999999999,0.0081271439,4.775,20.360142,7.872633899999999,383.58555,0.045238324,19.81,12.158057639999999,21.10370367,7.4222930400000005,,,,,,
t-ISic001661-c,1.164413844,7.373867590000001,49.0318526,36.875165,1.4030323125000002,326.51520300000004,61.01,1382.0229111470344,5.90855434,0.8499977999999999,0.0105693856,1.24,27.578737800000003,9.4543503,391.777377,0.10214865600000002,8.924,8.87666551,22.24009686,23.4580113,,,,,,
t-ISic001668-a,257.9975772,8.47619447,32.67066656,29.564555000000002,0.4795023177,373.3306248,303.2,154.26419533824384,7.762561209999999,0.5235327,0.0100172895,3.7110000000000003,184.989371,9.2506444,578.1089340000001,0.024927543200000003,3.0860000000000003,7.51672037,174.9734172,17.7589435,,,,,,
t-ISic001780-a,0.889915215,9.83867872,29.99451,54.74554500000001,0.44071146769999997,329.8946602,65.57,46.370701806236525,6.013439920000001,0.6876279,0.0069458029,4.372,18.1390356,5.46530947,288.274293,0.027793504400000002,11.270000000000001,8.47929497,38.538777270000004,12.25839773,,,,,,
t-ISic001780-b,23.8175559,8.69727682,6.0971377,34.662375000000004,1.4224927751999998,344.3070512,70.41999999999999,1447.2528981744838,10.05050646,0.46851479999999995,0.0066733712,2.884,26.1596976,9.34770427,466.023936,0.039142116000000005,14.209999999999999,9.37399572,26.72859051,17.1377181,,,,,,
t-ISic001780-c,20.85463119,4.21290413,88.80754710000001,18.29053,2.5910131799999996,586.2364284,16960.0,290.3507221930655,2.07920238,0.2923425,0.0044240015,27.46,648.645332,6.3771929400000005,635.451723,0.0270314784,7.5009999999999994,0.47277221700000005,65.64097650000001,7.58570233,,,,,,
t-ISic003070-a,4.985600808,8.96154735,89.286233,49.94183,1.97610798,345.7979882,87.41000000000001,126.07690266314385,11.7430718,0.6278175,0.0072375218000000005,6.015,32.0106677,7.01467258,333.39435599999996,0.0118615852,28.03,6.53069844,31.45577862,15.0444586,,,,,,
t-ISic003070-b,3.574190088,7.515771610000001,1.1814297225,47.40692500000001,0.7978820808,332.7771384,67.19,142.19561830715116,8.74869132,0.6034716,0.0057933926999999994,0.5805,37.635414,8.06315883,311.549484,0.028325064,26.66,10.21192925,33.46392549,15.3685762,,,,,,
t-ISic003070-c,22.66040667,9.17851654,52.642766800000004,42.53318500000001,0.4373020617,308.72335480000004,71.3,208.2171591728694,16.2881136,0.6410448,0.007753454399999999,8.295,40.6585866,8.09790866,263.308725,0.0124042964,10.34,6.57882717,24.891680970000003,12.346179580000001,,,,,,
t-ISic003070-d,19.63521384,6.53683953,1.6106841712000002,46.580630000000006,1.1462063193,307.133022,73.18,191.63384288412692,10.4165777,0.7453295999999999,0.0043974816,2.2510000000000003,32.5042469,7.738427659999999,248.745477,0.0137201852,14.059999999999999,10.84253902,21.4306113,13.7209784,,,,,,
t-ISic003070-e,34.58994066,5.57538838,9.699357059999999,43.19142000000001,0.1685750297,358.4212548,61.290000000000006,415.07122591599204,14.2315336,0.6780429,0.007112155,0.4897,43.064785199999996,9.17754993,291.525018,0.026440443600000006,17.59,6.84415222,40.6818384,11.995052179999998,,,,,,
t-ISic003070-f,91.3784661,6.0699958700000005,2.0191501528,50.880165000000005,1.4937984537000002,351.0659656,85.86,584.6961357100886,10.899874,0.7052643,0.0111841651,1.083,214.19280700000002,7.716858799999999,385.796043,0.0243885492,17.560000000000002,9.15309719,38.14960152,15.1660027,,,,,,
t-ISic003070-g,152.1936633,7.64430786,6.9774936,40.712535,0.077957817728,365.3789608,79.07,1733.8801649213415,5.96305371,0.6234084,0.0122160303,0.33089999999999997,284.219356,7.8762287099999995,323.77221000000003,0.04386296,2.818,6.78985314,39.27042768,12.20302764,,,,,,
t-ISic003070-h,54.277044599999996,9.50345618,4.6675853513,45.026075000000006,0.028328671875000003,350.5689866,89.4,3674.9266495660427,11.722506000000001,0.6400863,0.0148173914,7.185,41.3578238,9.30696309,333.39435599999996,0.04687389200000001,18.12,10.06137271,32.04213675,13.151071620000002,,,,,,
t-ISic003114-a,0.0630983616,8.97902828,130.9051671,40.964625,0.10424914819200001,318.2653516,91.95,110.82468771839876,9.72865169,0.6004044,0.0121412924,1.5799999999999998,42.9002588,6.86129402,222.219561,0.016783158,3.0340000000000003,8.337376919999999,27.28900359,14.504262599999999,,,,,,
t-ISic003114-b,482.8892706,6.23040911,7.111175060000001,33.738045,2.8736400000000004,328.503119,103.5,4739.2487931366495,9.318363979999999,0.6109479,0.021608896699999998,6.01,62.9210651,10.07026108,192.312891,0.07337752800000001,10.73,7.81659938,43.49428182,14.5447773,,,,,,
t-ISic003116-a,24.90205899,6.013439920000001,5.6447012328,32.46359,0.2436263928,314.8858944,80.95,445.9763824667251,13.583710900000002,0.7727426999999999,0.016724413299999998,4.917,51.476197400000004,7.16325806,234.83237400000002,0.044532056,9.483,6.89598316,21.09332565,15.8817624,,,,,,
t-ISic003116-b,92.4162681,11.3009071,7.713101,10.234854000000002,15.067552500000001,432.9681048,129.2,56547.94635957677,9.38211796,0.973836,0.032378387,8.162,122.983484,26.6255594,478.63674899999995,0.46167624000000007,76.95,7.380972669999999,73.683942,40.6227392,,,,,,
t-ISic003349-a,1.977531711,11.897315299999999,61.4149575,55.57184,0.2542003737,290.5339234,77.61,22.194764302150475,11.1158149,0.5912027999999999,0.0029509416,4.779,16.432074200000002,7.2902746800000005,175.929237,0.0014266613600000002,0.02309,5.50024999,25.91910495,10.57163572,,,,,,
t-ISic003349-b,1.249513608,8.78056831,33.5630048,59.311175000000006,0.043336336323,352.5569026,101.10000000000001,49.65269363596059,9.089055309999999,0.6814935,0.0063768305,4.812,16.565751900000002,11.08160096,146.67271200000002,0.043379724,24.830000000000002,10.70308911,45.84490335,16.1788702,,,,,,
t-ISic003349-c,11.41063299,12.647967000000001,16.20181046,61.11782000000001,0.070512199947,306.0396682,129.8,41.67767487006225,5.84274378,0.6761259,0.0046313389,0.6818,24.4938678,9.13920529,192.052833,0.029685559200000003,38.71,9.958944899999999,40.65070434,13.369850999999999,,,,,,
t-ISic003349-d,0.0795475233,4.34349696,12.053300960000001,47.645010000000006,0.00692426849772,318.7623306,91.26,206.63569128788907,7.56101637,0.7184916,0.0072254673,0.018670000000000003,26.4579017,7.51435117,240.55365,0.05902913600000001,13.05,8.00541209,50.19329373,11.494020390000001,,,,,,
t-ISic003349-e,3.8855306880000002,7.51165845,50.99737118,44.577915000000004,0.9006778200000001,348.879258,80.12,252.72551668256122,8.620155070000001,0.6826437,0.0066227423,2.52,25.2136708,6.0991943,242.894172,0.045089636,31.0,7.06505075,46.2859692,11.9788463,,,,,,
t-ISIc003457-a,1.89917766,10.09986438,25.0683053,39.88624,0.47608521169999996,305.8408766,52.760000000000005,44.28245744696605,12.4937235,0.6220665,0.0163772437,5.586,18.2315817,6.89244904,264.218928,0.0299866524,3.322,8.94453936,12.89987886,5.0089674099999995,,,,,,
t-ISIc003457-b,0.01596139476,5.5219173,36.98513736,40.34840500000001,0.0003926386906407,344.1082596,54.74,94.76465682793676,6.47000068,0.6941457,0.0176935951,0.045559999999999996,16.956502099999998,6.0991943,263.698812,0.018872224400000002,33.66,10.82032576,19.64559186,8.99021193,,,,,,
t-ISIc003457-c,4.868329181999999,8.7713137,21.924983299999997,48.583345,0.21102701969999998,343.1143016,71.64999999999999,134.05202986837395,6.79082716,0.7715924999999999,0.027050298,1.9420000000000002,31.990101900000003,6.42752028,395.678247,0.043156692,12.629999999999999,12.24444254,65.4853062,13.774998,,,,,,
t-ISic003458-a,1695.768468,0.596305371,57.162834679999996,0.08523443000000001,0.8788957653,298.2867958,179.70000000000002,2.661022679358019,0.0679288374,0.080514,0.0026664554000000004,6.822,15342.0868,0.5397008080000001,0.334304559,0.00206081568,35.0,0.208434423,14.86132464,0.08359533100000001,,,,,,
t-ISic003458-b,2689.9827840000003,1.5722554100000001,144.9057152,0.63988845,2.77028262,353.849048,231.6,27.376729248069044,0.06560490199999999,0.12926331,0.0032691804,11.290000000000001,29583.9033,0.6052461769999999,1.71378222,0.023600502800000003,9.009,0.931969664,22.99250331,0.1202476296,,,,,,
t-ISic003458-c,3296.578053,2.02161814,173.04938349999998,0.26175345,1.4256017433000001,338.6414906,284.5,43.51487935510809,0.0222727614,0.11743542,0.0166159228,30.790000000000003,34211.2083,0.0807154672,1.056095538,0.0032532934400000004,28.61,0.498070652,28.062166079999997,0.0904018006,,,,,,
t-ISic003460-a,12.83761074,5.35841919,6.05466968,50.58606000000001,0.8209915447999999,341.3251772,88.11,455.87885555190826,8.34457335,1.0514745,0.028376293,5.090000000000001,53.018632399999994,11.91919169,457.181964,0.07672300800000001,27.5,9.12101137,43.89383559,15.5981595,,,,,,
t-ISic003460-b,0.0599849556,7.2782366199999995,4.2428184893,53.373055,0.1597317813,361.2043372,55.42,119.89954551547342,5.9332333,0.7957467,0.02338573,0.19999999999999998,44.4324109,9.84378805,433.90677300000004,0.017749630000000002,3.913,11.17450385,28.690036290000002,11.543988520000001,,,,,,
t-ISic003460-c,2.103624654,6.33323811,75.9941598,50.740115,0.048195597408,315.8798524,78.18,289.1185153256776,8.16256602,0.8003474999999999,0.025001033,6.776,41.584047600000005,7.5562906199999995,427.535352,0.036502904,25.23,9.9712856,36.71224575,17.772448400000002,,,,,,
t-ISic003460-d,7.482552419999999,7.35433008,100.2384233,63.526680000000006,0.4145384208,369.4541886,63.559999999999995,82.22967760980531,7.117823380000001,0.8239266,0.02965407,0.8845,17.6763051,10.87190371,443.008803,0.027384612400000004,16.64,9.187651149999999,16.3972716,14.423233199999999,,,,,,
t-ISic003460-e,19.47954354,7.870531659999999,42.57124717999999,69.78691500000001,0.5629648072999999,368.0626474,61.470000000000006,63.87259008945044,4.78463337,0.9057824999999999,0.035223249,7.944000000000001,19.8254312,8.78691391,459.00237000000004,0.021392486000000002,0.9503,8.67798024,21.20748387,17.5833798,,,,,,
t-ISic003460-f,20.53291257,9.38931599,58.343283680000006,61.173840000000006,0.23489639250000002,357.0297136,75.17999999999999,126.16129788417311,7.92400274,0.8591994,0.0232217888,7.29,23.3730317,9.55859979,420.383757,0.0230429228,18.02,9.18888522,25.732300589999998,17.961517,,,,,,
t-ISic003661-a,1.673455725,7.58466704,21.2658276,50.207925,0.9000414752,316.17803979999996,73.02,100.59422917232044,11.3317558,0.5854518,0.0088118395,11.3,27.3010995,8.08712423,248.875506,0.0007148175600000001,26.67,9.245652439999999,16.99400775,12.75672854,,,,,,
t-ISic003661-b,4.534675839,10.156420330000001,43.26470330000001,53.765195000000006,1.0250329397,341.2257814,72.02000000000001,86.75965043866614,17.604324799999997,0.6176574,0.007362888600000001,0.7343,32.668773300000005,13.2888143,253.296492,0.011586512400000002,10.370000000000001,7.23535241,22.4165232,21.4322763,,,,,,
t-ISic003661-c,94.59565230000001,8.48956224,13.3901271,42.785275000000006,0.9245569199999999,348.1834874,100.5,1809.273383253896,86.7465444,0.6586812,0.0138289224,7.924,38.0261642,9.80424514,259.017768,0.094528396,51.400000000000006,5.7137441,21.28013001,18.0425464,,,,,,
t-ISic003661-d,226.0851657,7.89109746,28.591331560000004,34.95648,2.7301227799999994,389.7309318,167.89999999999998,7433.375597996719,48.9774527,0.7944048,0.0193522943,3.737,33.0183919,13.540451,284.243394,0.19139862800000002,58.699999999999996,6.95892073,32.81529924,18.393673800000002,,,,,,
t-ISic003661-e,14.61225216,4.86895315,70.23467959999999,50.17991500000001,1.1205876192,333.57230480000004,107.0,673.8734524455087,74.2836696,0.6874362,0.008098213100000001,2.295,33.316596000000004,8.447803500000001,258.627681,0.035726009200000006,5.191,6.47022901,34.397947290000005,17.3537965,,,,,,
t-ISic003661-f,38.02506528,6.63966853,14.502227299999998,40.39042,0.6505940553,354.24663119999997,88.16,1041.446984412171,24.0517031,0.6709499999999999,0.0114951712,0.29560000000000003,43.003087799999996,8.688655769999999,227.420721,0.087093996,37.82,6.06915626,24.736010670000002,15.544139900000001,,,,,,
t-ISic003661-g,48.558755579999996,5.964082,7.78001796,50.09588500000001,0.31963082130000003,347.8853,203.5,117.43336561127151,25.738098700000002,0.7064145,0.0052943364,0.3186,45.0288191,10.67778397,447.689847,0.013854004400000001,22.93,6.34929015,13.21640847,10.58649111,,,,,,
t-ISic003661-h,164.4397269,4.78668995,65.3143678,47.925110000000004,0.2003274777,275.0281786,385.09999999999997,175.68047095674945,23.301051400000002,0.6995132999999999,0.0082959069,2.913,40.2267048,10.60708604,265.389189,0.005501456000000001,2.448,5.53356988,12.83761074,16.124850600000002,,,,,,
t-ISic003662-a,1.6085931,6.317813759999999,50.640184680000004,27.211715,0.00617221022208,336.5541788,50.85,253.01446607142705,10.18212758,0.5419359,0.0058488434,0.6534,15.558027699999998,8.39507962,228.46095300000002,0.032254144400000004,0.1517,10.816623550000001,7.98588639,14.7473508,,,,,,
t-ISic003662-b,37.111799520000005,8.87517099,30.13940218,42.953335,2.4993464999999997,351.6623404,60.28,1068.707590010377,6.02783598,0.8517231,0.0124378331,2.064,14.498889000000002,9.815029569999998,357.189663,0.077392104,33.760000000000005,12.6245361,17.855383409999998,34.842642,,,,,,
t-ISic003662-c,10.57001337,6.99957003,21.433661760000003,27.071665000000003,0.5710833177,340.430615,72.19,480.3117192328294,9.03661252,0.5503707,0.0096990507,2.556,19.1878914,12.6297658,268.119798,0.06992053200000001,0.6016,8.18065003,17.9539746,22.4316389,,,,,,
t-ISic003662-d,4.648315158,6.95741014,55.2454837,45.16612500000001,0.3167071488,354.9424018,54.94,74.56398767163878,16.1852846,0.5020623,0.0054847975,0.3373,19.8151483,8.90793918,209.99683499999998,0.0316222204,12.32,6.88117432,10.1704596,10.91601067,,,,,,
t-ISic003662-e,2.818151331,9.424277850000001,51.2377624,48.667375,0.33240858,338.939678,60.730000000000004,67.03394822426571,12.2674997,0.5954202,0.0027411933,10.09,15.9076463,7.77557403,197.904138,0.017359324,8.648,11.61630091,13.237164510000001,11.04295673,,,,,,
t-ISic003662-f,6.372104279999999,8.460770120000001,101.9047601,47.49095500000001,1.1809042448,330.988014,64.35000000000001,73.19464844188123,10.24999472,0.5281335,0.00217053327,5.259,16.6068835,7.32023143,187.111731,0.0214408096,3.1870000000000003,8.46942241,6.58485369,12.38804477,,,,,,
t-ISic003662-g,0.46628443859999996,5.95894055,44.454194099999995,25.096960000000003,0.3546001032,348.4816748,67.07000000000001,122.40856220197212,11.0746833,0.4146471,0.006384063200000001,3.618,22.4578536,6.34004657,148.10303100000002,0.041706984,2.595,5.71497817,17.91765153,9.83021671,,,,,,
t-ISic003662-h,1.5873181589999998,7.7060052599999995,22.086765959999997,46.132470000000005,0.060781881027,310.3136876,91.19999999999999,115.94387094820183,18.3138449,0.5919696,0.0048579635,0.6409,25.707250000000002,10.28714795,238.213128,0.028778562400000002,26.7,6.55784798,14.461770869999999,12.2489443,,,,,,
t-ISic003662-i,2.591391594,7.01807925,64.5857751,41.70689,0.9526152272,334.3674712,72.34,93.60866070767457,11.5271309,0.40007789999999993,0.007649785700000001,5.588,23.8460451,4.79188173,224.820141,0.028388256400000002,11.54,13.6611549,7.15564479,13.2212971,,,,,,
t-ISic003662-j,230.85905490000002,5.552766,16.58422956,37.30932000000001,11.76807282,390.128515,80.03,53192.67544016776,6.5697448099999995,0.4805919,0.017406698,0.8181999999999999,551.4719269999999,5.87631608,182.300658,0.072076508,13.49,7.63642516,48.247414979999995,8.57966297,,,,,,
t-ISic003662-k,391.251354,5.05096048,74.5836801,24.78885,21.790769,438.9318528,98.19,277986.8944102037,0.324528324,0.3255066,0.041081736,0.04332,761.7572319999999,4.88534679,183.730977,0.130325032,30.849999999999998,2.82478623,74.202843,9.870731410000001,,,,,,
t-ISic000065-a,0.15738267330000003,9.95796036,71.035664,52.71482,0.46770064250000004,334.963846,156.79999999999998,25.695228938333628,7.7533066,0.5756751,0.0044746303999999995,0.2202,22.8177551,7.35378299,144.462219,0.000168054612,0.2501,8.58048871,56.5083189,8.65258943,,,,,,
t-ISic000065-b,2.191318923,11.002703,11.551196099999999,51.888525,0.5595311924999999,328.2049316,82.76,37.857578410640045,9.93945114,0.6487128,0.0031992643,0.06611,22.1493666,9.52265169,125.9850981,0.031354582000000006,27.759999999999998,9.055605660000001,15.82129149,11.5331846,,,,,,
t-ISic000065-c,2.564927643,8.12554758,80.5795834,47.659015000000004,0.2428604213,328.00614,60.739999999999995,3.3839536798291414,7.2730951699999995,0.44972819999999997,0.00074906663,0.5038,14.498889000000002,9.55979806,115.5437694,0.0002499817,0.854,6.4048233,11.34836487,8.81194725,,,,,,
t-ISic000284-a,0.4695016248,5.00365914,166.21330880000002,107.54439500000001,0.44024650879999994,25.107379079999998,88.64,2129.730831684672,5.437597520000001,1.932336,0.234170717,9.452,19.0027992,7.171645949999999,175.149063,0.19440956000000004,28.06,13.0564606,84.4251927,22.5396781,,,,,,
t-ISic000284-b,7.24385796,7.4962341,44.57003796,87.93739500000001,1.0157448777,32.44278912,99.44,2126.4188202583305,10.3240316,1.8918872999999998,0.172740985,18.919999999999998,22.8383209,11.05044594,196.863906,0.22321786000000002,5.095000000000001,8.764365139999999,66.9901191,17.8939925,,,,,,
t-ISic000284-c,8.64489066,6.44326514,6.9531909999999995,88.11946,7.5916948799999995,37.09451256,163.7,16466.52830623545,10.0669591,1.3742972999999998,0.129634093,28.0,23.187939500000002,6.15311645,119.1715785,0.14203421200000002,32.44,10.30201636,83.8544016,14.504262599999999,,,,,,
t-ISic000284-d,0.636172626,9.15897903,180.6188535,33.92011,29.8394775,111.323296,99.05,248274.07189731926,6.450463170000001,3.2224769999999996,0.26375245999999997,66.02,18.6634635,54.0299943,382.675347,1.9675139600000002,63.040000000000006,45.068236399999996,143.6836869,129.3904469,,,,,,
t-ISic000284-e,23.02363737,9.614511499999999,111.83463549999999,42.281095,33.750612,84.4367321,126.69999999999999,241559.08925742857,0.816153773,2.735559,0.34234780000000004,74.46000000000001,8.45151551,37.7095569,448.209963,2.0548681600000003,65.08,44.4758828,147.6273345,151.524978,,,,,,
t-ISic000284-f,3.139869951,48.3913274,350.7825825,22.422005000000002,57.93267899999999,128.4193736,108.8,720203.7719702966,7.93428564,2.691468,0.27749459,95.45,20.4835368,46.7684781,378.514419,2.38867272,38.67,58.2234226,184.78064609999998,172.86272000000002,,,,,,
t-ISic000284-g,171.2892201,11.1363807,120.9603148,29.186420000000002,79.2981,168.475881,117.8,1461484.3442540208,8.11012323,0.9408635999999999,0.30763084,105.1,21.9951231,6.05605658,385.405956,1.1616250000000001,69.48,89.4083715,213.6834318,87.0660903,,,,,,
t-ISic000284-h,0.3208364883,6.780544259999999,1.5962302527999999,64.78713,8.02699142,57.12276626,135.7,39370.83452551815,9.46232458,1.1963997,0.154490472,32.08,16.946219199999998,10.25119985,391.517319,0.69102748,39.75,34.6897077,62.787021,51.183571,,,,,,
t-ISic000284-i,4.6887894359999995,14.0464414,7.2813571,84.66022500000001,8.59353278,99.79338320000001,73.10000000000001,25000.3114953639,5.57744496,1.2715461,0.118640389,30.06,13.1209804,8.58320801,319.351224,0.42301736,4.9830000000000005,29.8274719,48.27336003,44.944307200000004,,,,,,
t-ISic000284-j,0.25462472070000003,10.488558,81.9335174,122.865865,0.0011767367584175,43.4856625,131.7,63.6011413131304,8.29213056,1.468422,0.103572264,3.8139999999999996,21.2958859,8.29921802,137.960769,0.07021790800000001,26.86,6.78615093,39.67517046,11.62906939,,,,,,
t-ISic000284-k,12.36541083,8.76617225,72.30565630000001,95.62614,0.3336406808,31.14070414,186.3,115.88283302068852,14.1389875,1.3302063,0.058223235,3.164,20.6172145,7.79474635,138.22082699999999,0.090662508,10.86,7.35999348,56.871549599999994,10.54327543,,,,,,
t-ISic000284-l,0.035487639390000006,11.4037361,94.57118189999998,71.691595,0.4961315408,41.408290279999996,107.1,78.83593825722998,9.21759156,0.9330038999999999,0.075075426,3.6559999999999997,26.8692177,8.655104210000001,128.20859399999998,0.06029298400000001,18.84,10.625342700000001,43.577305980000006,15.6251693,,,,,,
t-ISic000896-1,3.2327532299999997,8.324007550000001,87.71451189999999,71.467515,0.032835575003,42.89922728,124.6,49.76928238361708,9.05100858,0.43515899999999996,0.005810269,1.598,43.4041209,8.31239899,176.319324,0.036365367600000004,47.06,11.239909560000001,30.39203157,14.0586009,,,,,,
t-ISic000896-2,22.15188369,9.08699873,66.5081764,82.69952500000001,1.3718388992,32.43284954,116.0,62.852949882205756,10.1697881,0.47464919999999994,0.004985741199999999,4.611000000000001,30.848699999999997,8.59998379,151.223727,0.041149404,27.35,8.396612280000001,34.41870333,14.6798263,,,,,,
t-ISic000896-3,18.39504045,11.5579796,130.689306,76.24322000000001,0.023550897867,47.86901728,124.6,69.75708482026131,8.209867359999999,0.4240404,0.009426619,0.1592,31.1880357,7.83428926,141.73161000000002,0.0221768152,23.119999999999997,6.76393767,53.965703999999995,9.38860648,,,,,,
t-ISic000896-4,5.9154713999999995,8.9358401,42.077266,63.484665,0.6909565992,34.3412489,134.9,260.8745056858825,8.05562386,0.657531,0.0138602641,2.329,102.931829,6.996698530000001,337.035168,0.062560476,21.0,7.47352792,65.1220755,13.425221089999999,,,,,,
t-ISic000896-5,4.600576266,14.005309800000001,0.11737787814799999,50.151905,0.045213263067000006,34.97738202,105.9,77.93601073339372,8.221178550000001,0.28620809999999997,0.0058054472,2.499,41.8822517,9.32973022,151.353756,0.067913244,57.82,11.45957402,32.22894111,10.0746554,,,,,,
t-ISic000896-6,8.9769873,10.7764792,19.304797960000002,64.21292500000001,0.5687410512000001,47.08379046,108.1,46.64119146978571,12.2983484,0.3193722,0.0037778803,3.618,39.9593494,7.331015859999999,179.049933,0.027971930000000002,27.310000000000002,13.093482700000001,40.26152859,11.068616039999998,,,,,,
t-ISic001039-a,2.588797089,8.19752788,16.66444346,84.80027500000001,0.1746765657,11.65912734,70.22,598.1778164319701,14.2109678,1.7761005,0.0141592157,6.812,36.5145779,13.1090738,1105.5065579999998,0.15723756,38.88,5.92970635,62.890801200000006,23.2959525,,,,,,
t-ISic001039-b,3.337571232,6.68799816,89.4230544,63.526680000000006,1.1259017972999998,43.70433326,61.029999999999994,415.07122591599204,13.5528622,1.3633704,0.01301886,0.5206000000000001,38.663703999999996,13.1570046,904.6117529999999,0.114378244,33.89,7.92766568,70.4667558,18.798820799999998,,,,,,
t-ISic001039-c,0.2836312866,6.764091619999999,43.92670696,72.12575000000001,0.8771479808,46.04013456,48.33,237.63218955325323,12.740513100000001,1.3831155,0.0063503106,3.79,19.8768457,9.9576237,812.291163,0.09319020400000001,8.987,6.1950314,27.7612035,16.2869094,,,,,,
t-ISic001514-1,6.63155478,9.121960589999999,96.98519139999999,88.70767000000001,1.1128606272000001,42.332671219999995,98.35000000000001,11.833088159072126,10.6530844,0.38397509999999996,0.0035295576,6.703,35.0955377,9.17275685,150.96366899999998,0.030994013600000005,13.27,10.311888920000001,19.73380503,20.6354872,,,,,,
t-ISic001514-2,1.445139285,9.0386691,71.7706587,81.97126500000002,0.2808947925,29.928075380000003,104.8,25.012266895929226,11.6402428,0.4018032,0.00199429648,0.037399999999999996,32.0312335,7.770780950000001,156.684945,0.032019960800000004,0.7512,6.87006769,20.673015839999998,10.77150824,,,,,,
t-ISic001514-3,0.04712658882,4.0226704799999995,32.1396278,84.56219,0.65263352,23.31825468,96.11,18.908387550984916,9.9332814,0.37592369999999997,0.0042214859,5.288,27.846093200000002,9.227877269999999,153.304191,0.03429117,21.73,8.34601541,18.24455916,14.720341000000001,,,,,,
t-ISic001514-4,6.3824823,11.4551506,69.9011911,87.741325,0.029992149075000002,53.45506124,100.2,12.499253730383803,10.8895911,0.38685059999999993,0.0014880074800000002,8.985,30.900114499999997,7.027853550000001,167.347323,0.038956256,0.9912,11.88286003,30.07550196,13.38605688,,,,,,
t-ISic001514-5,8.821317,13.2957897,66.0436865,86.77498000000001,0.148379691075,51.496963980000004,97.28,18.94114729246779,12.8124934,0.35061929999999997,0.00530398,2.588,32.5248127,7.34060202,159.805641,0.027113256800000003,40.129999999999995,6.60474264,28.11924519,14.922914500000001,,,,,,
t-ISic001514-6,0.02115040476,12.4731577,35.92933918,53.10696,0.4484626377,35.39484438,116.10000000000001,77.81518087899056,14.519454799999998,0.3671055,0.007015719,1.5090000000000001,37.645696900000004,13.1450219,219.879039,0.0290945244,44.3,12.0692046,44.59954095,11.693892909999999,,,,,,
t-ISic001758-1,1.697844072,10.153335460000001,16.602739560000003,63.876805000000004,0.5688971925,34.96744244,130.29999999999998,41.705103581970675,12.3291971,0.34908569999999994,0.0066830147999999995,5.46,37.2035322,11.94315709,128.5856781,0.086462072,21.68,17.128891600000003,31.10811495,14.1396303,,,,,,
t-ISic001758-2,0.6636743789999999,15.5683106,77.0032653,73.316175,0.7820709008000001,49.86687286,145.0,39.75921813393165,17.1313114,0.43132499999999996,0.004990563,1.605,30.673890699999998,7.69768648,131.979435,0.07189064800000002,27.86,11.03381987,33.5728947,12.995765270000001,,,,,,
t-ISic001758-3,16.73974626,11.897315299999999,54.141913699999996,65.03922,0.9447991833,38.73454326,129.2,34.19728638297725,12.853625000000001,0.3084453,0.0038936035,11.86,67.8362913,6.83972516,126.67425180000001,0.0362835892,0.37,18.0791255,25.34312484,18.029041499999998,,,,,,
t-ISic001758-4,5.67158793,9.30808108,10.8232493,74.436575,1.2907475672,40.88149254,109.0,34.12014980096652,11.784203399999999,0.348894,0.0035223249,0.4963,31.3525621,7.09256013,127.818507,0.05598103200000001,15.15,14.5867074,25.12518642,11.97479483,,,,,,
t-ISic001758-5,6.25794606,7.720401320000001,115.1479334,77.657725,1.3643339808000001,24.6998563,136.1,59.768999947629226,11.7327889,0.35541179999999994,0.010140245400000001,5.346,62.0573015,7.9565128000000005,138.610914,0.023239934400000002,12.1,20.6213097,25.41058197,15.4766154,,,,,,
t-ISic001758-6,0.0842695224,10.22428747,3.1743453693,78.385985,0.9016323792,57.17246416,135.5,58.14087837999812,12.1749536,0.47215709999999994,0.0080789259,9.508,66.7874355,10.27636352,148.23306,0.08233598,11.24,17.3386835,26.50546308,19.041909,,,,,,
t-ISic001759-1,0.7726435890000001,14.015592700000001,49.99121968,40.600495,0.7940861208,60.621498419999995,104.7,25.258959373057504,5.99081754,0.13167873,0.007852301300000001,4.692,25.3576314,9.11404162,50.321222999999996,0.05694750400000001,0.1074,11.62123719,16.93173963,11.60611106,,,,,,
t-ISic001759-2,24.388347,8.37439376,93.5388564,40.97863000000001,2.0638065,41.01070708,119.6,30.867250520543884,16.5040545,0.29368439999999996,0.009257856,5.606,29.6044691,13.1210565,55.6264062,0.06393584000000001,19.2,8.06094524,17.01476379,13.055186829999998,,,,,,
t-ISic001759-3,21.965079330000002,16.349811,112.8201893,43.03736500000001,0.6394596151999999,46.1693491,125.6,24.61427238798551,9.04483884,0.1991763,0.0066155096000000005,1.1909999999999998,32.874431300000005,15.685354300000002,57.498823800000004,0.020403710800000002,6.95,8.52989184,25.52474019,14.099115600000001,,,,,,
t-ISic001759-4,794.956332,23.0542618,96.08770129999999,47.02879,2.26080582,30.822637580000002,118.0,1377.374529762492,16.6891467,0.2170044,0.028617383,5.947,37.635414,10.64902549,73.8824778,0.05404808800000001,2.12,13.3526374,62.838911100000004,21.175683199999998,,,,,,
t-ISic001759-5,47.39641734,12.8330592,40.271177259999995,36.637080000000005,1.87203912,52.779169800000005,110.10000000000001,92.97721512123556,11.897315299999999,0.14170464,0.0112613139,5.207,38.416914399999996,7.926556049999999,45.2630949,0.07731776,24.369999999999997,8.34724948,26.74415754,14.274679299999999,,,,,,
t-ISic001759-6,34.885714230000005,11.650525700000001,95.88073220000001,39.676165000000005,1.2797017968000002,25.15707698,118.0,101.03535997460865,9.429419300000001,0.22850639999999997,0.0076570184,3.9160000000000004,33.676497499999996,5.58513647,59.3062269,0.05155756400000001,0.901,13.8462654,28.39426272,17.8129631,,,,,,
t-ISic001764-1,7.62265569,6.97386278,79.29556910000001,76.87344500000002,2.0891745,23.22879846,88.54,191.63384288412692,12.2777826,0.46218869999999995,0.0129682311,11.51,32.3191547,12.9053679,210.777009,0.021905459600000003,14.42,12.1432488,28.15556826,16.7865907,,,,,,
t-ISic001764-2,1.465895325,13.686539900000001,118.33265990000001,75.51496,0.9059285193,17.48372122,98.86,151.98964005728152,8.204725909999999,0.46142189999999994,0.0144316474,10.44,32.1957599,9.40761777,197.904138,0.016727400000000003,20.09,12.3530407,21.10370367,11.5736993,,,,,,
t-ISic001764-3,55.003506,12.8330592,47.7374986,65.29131000000001,1.2660659591999999,44.00252066,117.9,348.031451149702,9.055121739999999,0.4480029,0.0152441207,6.914000000000001,85.30693839999999,9.89171885,251.085999,0.063898668,45.06,12.051927619999999,101.54892570000001,17.6238945,,,,,,
t-ISic001764-4,0.03131048634,14.4269087,26.52035386,85.696595,0.7402389813,36.30928574,92.54,167.22213258802003,12.4525919,0.4848093,0.0127343738,2.097,76.1654403,9.572979029999999,246.144897,0.05334182,20.9,10.75985633,32.20299606,17.1782328,,,,,,
t-ISic001764-5,0.4855875558,6.20573015,98.229544,81.383055,0.8793724632000001,28.11907182,86.67,203.22819225750473,13.8305005,0.5509457999999999,0.0143424441,5.976999999999999,41.378389600000006,9.19911879,193.483152,0.0154747036,3.9589999999999996,12.02107587,31.777497240000002,17.205242600000002,,,,,,
t-ISic001764-6,2.4481749180000003,15.1055801,52.10905586,81.943255,0.6966178799999999,36.58759398,106.60000000000001,217.0143433821333,14.077290099999999,0.3977775,0.016109633800000002,9.692,52.031474,15.5295792,172.028367,0.06683525600000001,43.37,11.71626058,51.59432643,16.638036800000002,,,,,,
t-ISic001794-a,122.30496570000001,7.2874912300000005,12.353531800000003,104.64536000000001,0.015359363523,36.0309775,56.21,45.068700488580305,5.93528988,1.2356982,0.007305027,3.4690000000000003,130.59283000000002,5.76008389,176.449353,0.037692408000000004,18.74,6.32337468,81.62312730000001,14.7068361,,,,,,
t-ISic001794-b,63.2021418,4.6129089400000005,111.1313885,104.98148000000002,0.0075736640179200005,27.32390542,61.550000000000004,54.723482619085445,6.6119047,1.3894415999999998,0.0070108972,1.6720000000000002,145.297377,7.5790577500000005,170.207961,0.046316312,0.7631,4.193369860000001,67.40523990000001,12.43261094,,,,,,
t-ISic001794-c,52.927902,8.460770120000001,53.20946218,101.270155,0.2742939528,25.96218296,63.18,55.64656800693693,6.86589233,1.3570442999999999,0.0060344827,7.452,99.7029984,8.33037304,180.22019400000002,0.0179429244,1.6139999999999999,3.91940632,55.7818575,11.40218707,,,,,,
t-ISic001794-d,2450.7694229999997,0.5481813990000001,117.19892069999999,78.72210500000001,1.0961298767999998,71.32642608,92.18,490.5761907431919,0.428488443,1.1116683,0.010993704,0.8734,9532.248300000001,0.9662849279999999,167.73740999999998,0.053304648,16.62,0.363186801,305.3213484,0.827715321,,,,,,
t-ISic001796-a,94.439982,5.49826663,5.1907812425,67.518105,0.061978914228,30.33559816,63.059999999999995,167.22213258802003,6.6119047,1.3591529999999998,0.0128139335,6.06,123.189142,9.60173751,165.266859,0.076091084,5.9479999999999995,8.05600896,93.1427295,9.74783682,,,,,,
t-ISic001796-b,120.07369139999999,7.727599349999999,41.4682989,77.573695,0.040914813443,35.802367159999996,71.22999999999999,255.33162297084044,8.620155070000001,1.4699556,0.0098388829,9.292,117.533547,5.89189359,164.616714,0.079250704,7.602,8.25222609,70.8299865,6.88884949,,,,,,
t-ISic001796-c,90.2368839,4.36817592,36.76239176,65.809495,0.14809027629200003,24.7992521,94.32000000000001,409.23721670233044,4.05866063,1.5326415,0.0175320648,2.983,140.258756,7.24474042,151.873872,0.13274121200000003,13.010000000000002,3.66642197,94.958883,9.63979762,,,,,,
t-ISic001796-d,1356.407214,0.33810175200000003,0.009514323751680001,53.989275000000006,3.1013224200000002,38.3170809,75.84,2164.666333207679,0.36072413200000003,1.1509668,0.015104288500000002,0.11950000000000001,2082.28725,2.08738634,175.929237,0.09902620800000002,30.389999999999997,0.23336263699999998,193.96519379999998,3.63551908,,,,,,
t-ISic001796-e,920.011473,2.35889726,106.5050063,80.24865,1.1226809013,37.740585259999996,57.11,1203.500309511325,0.120824075,1.1271959999999999,0.0096387782,0.3685,1269.93815,4.91530354,184.51115099999998,0.0322690132,13.67,0.08037497910000001,101.2894752,2.06354872,,,,,,
t-ISic001796-f,168.8503854,5.1887513400000005,52.5125562,92.99320000000002,0.40757600730000004,37.61137072,72.19,85.8422057272503,2.29822815,1.4392836,0.0107935993,1.795,281.957118,4.7667180600000005,165.786975,0.055311936000000006,43.010000000000005,4.826447770000001,51.00277929,6.46479563,,,,,,
t-ISic001802-a,1.9105934820000001,6.21498476,42.5840826,97.7549,0.12229176778699999,32.303635,62.36000000000001,104.53503506512322,6.39699209,1.6273412999999999,0.0065793461,5.374,48.6072683,7.53951484,149.013234,0.05772811600000001,4.977,10.608065719999999,47.09545476,13.6264441,,,,,,
t-ISic001802-b,0.30168904139999997,5.8365740399999995,3.6720881725,56.74826,0.00791800516752,23.87487116,58.22,56.881031533417406,10.17287297,0.9866798999999998,0.005737942,0.023,41.8616859,5.31073264,110.5506558,0.0311092468,10.86,8.29418447,37.952419139999996,8.18126842,,,,,,
t-ISic001802-c,1.283761074,9.56926674,75.6580913,57.19642,0.00033255726224629996,30.08710866,55.4,30.35754383176465,6.83298705,0.8306361,0.0060368936,0.041,23.7432161,4.68763224,109.614447,0.05311878800000001,0.07735,6.11111464,12.0903933,6.09611186,,,,,,
t-ISic001803-a,7.04148657,14.1492704,78.2834036,49.647725,0.5546940672,38.13816846,67.74,66.20573179341775,13.676257000000001,0.7244343,0.0072664526,4.321,55.4659626,9.419600469999999,57.901913699999994,0.037116242,1.4929999999999999,14.882884200000001,37.86420597,7.66673173,,,,,,
t-ISic001803-b,1.588874862,14.200684899999999,115.64253729999999,49.99785,0.6906421368,30.1169274,91.7,96.86776339404321,8.72092749,0.7503137999999999,0.0105332221,14.48,53.368251,6.2909175,70.5927441,0.039030600000000006,0.3433,14.4879818,58.2725823,10.56623376,,,,,,
t-ISic001803-c,65.17396559999999,11.4654335,61.07887056,52.854870000000005,0.6496528437,24.82907084,148.70000000000002,73.76821757528509,8.86694467,0.8404128,0.0134576438,2.36,93.9959889,12.1504578,71.3339094,0.04572156000000001,57.14,8.76806735,87.9018294,10.27047645,,,,,,
t-ISic001803-d,204.2913237,7.6196288999999995,84.1727555,43.275450000000006,0.6677015072,31.955749700000002,240.6,619.7961301895258,6.99031542,1.4530859999999999,0.028641492,6.5969999999999995,346.945046,5.7804544799999995,111.4868646,0.16199557600000003,0.5277999999999999,5.11398608,214.51367340000002,5.717974659999999,,,,,,
t-ISic001851-a,11.083725359999999,9.10962111,22.2921639,91.67673,0.13679182003200002,16.201515399999998,53.17,48.82480759026773,10.05359133,1.2475836,0.007425572000000001,2.75,32.6070759,8.178192750000001,118.6254567,0.056166891999999996,8.096,8.636021860000001,29.73821631,7.95573659,,,,,,
t-ISic001851-b,0.9070389480000001,10.06181765,96.156703,94.23964500000001,0.9532534199999999,28.8744799,65.84,64.8341538083877,6.1388913,1.3942340999999998,0.0072712744,6.016,25.9951712,5.88949705,125.7120372,0.037320688000000005,9.317,11.110332210000001,36.67592268,7.98409688,,,,,,
t-ISic001851-c,0.4074929553,9.30396792,15.117490299999998,90.57033500000001,0.4722029592,13.83589536,60.04,47.126591196082224,9.43250417,1.1431071,0.0072785071000000005,6.863,35.2189325,8.24889068,133.669812,0.025243505200000006,1.1,5.90502495,38.14960152,10.61890287,,,,,,
t-ISic001851-d,0.02812962321,8.70653143,59.7755415,101.14411,0.33086858,23.169160979999997,48.62,19.346300736809106,7.25150108,1.3240718999999999,0.0035681320000000003,11.430000000000001,17.5220616,8.83843952,113.9704185,0.0324177012,0.8987999999999999,9.92932722,9.464754240000001,8.988861439999999,,,,,,
t-ISic001852-a,1.556184099,5.1106013,1.2927778,38.233650000000004,0.037918675067,13.05066854,38.5,21.8092978801415,7.8581921800000005,0.6241752,0.0030763084,5.974,19.043930800000002,3.7026543,179.44002,0.0263958372,11.51,4.94491849,15.33871356,6.86724165,,,,,,
t-ISic001852-b,1.061152545,8.24071606,3.1948752425,93.00720500000001,0.08816880187500001,30.79281884,55.97,86.38139930208507,9.494201570000001,1.5334082999999998,0.0051255734,1.9250000000000003,30.5916275,10.34706145,310.899339,0.09296717200000001,1.468,6.56401833,61.9567794,11.34681698,,,,,,
t-ISic001852-c,3.625042386,8.390846400000001,22.5785852,90.38827,0.46847682,22.92067148,58.739999999999995,113.11008492508091,6.11009918,1.5893846999999999,0.0089516717,1.987,33.100655100000004,6.6623812000000004,371.492853,0.07676018000000001,8.414,5.57182605,59.673615000000005,18.4611983,,,,,,
t-ISic001852-d,22.44246825,9.241242230000001,25.8815554,86.99906,0.13797916582800002,51.92436592,64.65,46.94079029270301,8.55948596,1.2153779999999998,0.0065528262,2.864,28.2882579,6.8049753299999995,355.499286,0.053267476,15.569999999999999,7.71540564,26.09553129,13.9505617,,,,,,
t-ISic001852-e,0.1436836869,7.34713205,35.230624680000005,84.43614500000001,0.3230167577,28.66574872,51.98,58.557939632598966,7.51885648,1.2617694,0.0071217986,2.5,37.7485259,5.748101190000001,177.749643,0.04613045200000001,2.266,4.92764151,43.65514113,7.8990160099999995,,,,,,
t-ISic001852-f,4.095166692,6.808308090000001,28.30854076,93.11924500000002,0.14938506590700004,31.57804566,55.14,94.8020445913433,6.94301408,1.5017778,0.0075412952,3.506,38.1598419,8.05716748,507.893274,0.05144604800000001,0.5134000000000001,6.67261649,56.041308,9.91664807,,,,,,
t-ISic001853-a,23.57886144,8.66951299,82.8148615,95.556115,0.142942584288,42.45194618,57.01,126.16129788417311,6.80111006,1.5504695999999998,0.008368233899999999,2.937,37.7279601,6.34004657,117.9493059,0.061742692,4.389,12.6245361,46.062841770000006,10.41632937,,,,,,
t-ISic001853-b,0.3462626373,6.07822219,125.16735109999999,98.76326000000002,0.3922686768,15.267194879999998,59.96,98.17294904516928,12.133822,1.3986432,0.0140724233,9.866,28.7304226,9.031360990000001,97.6257732,0.014991467600000002,11.270000000000001,9.98856258,44.97314967,13.8425225,,,,,,
t-ISic001853-c,1.877902719,9.715283920000001,18.5740511,97.78291000000002,0.2686162325,30.80275842,59.14,61.96586823792995,10.704498899999999,1.3950008999999999,0.0068011489,0.2452,26.6429939,6.80737187,108.1321164,0.062560476,21.09,10.24524914,35.15035374,11.15639789,,,,,,
t-ISic001868-1,42.57063804,11.5579796,14.02273868,76.43929,0.9610730997000001,30.733181360000003,125.2,542.653606256977,9.88700835,0.5252579999999999,0.0177779766,13.25,44.1650555,10.2212431,170.46801900000003,0.04988482400000001,4.404,11.450935529999999,54.1732644,15.3820811,,,,,,
t-ISic001868-2,37.84863894,10.8278937,0.085237849983,76.80342,1.341837,48.41569418,117.0,802.3407970081358,14.8690734,0.6343352999999999,0.0210013499,13.97,52.95693500000001,13.6243299,185.811441,0.096907404,45.800000000000004,12.298741620000001,52.3571109,25.551270799999998,,,,,,
t-ISic001868-3,138.6503472,17.6763051,3.8419212847999997,76.15919,1.5783953493000002,59.0411052,117.6,991.9189403055259,8.86900125,0.6546555,0.024109000000000002,10.309999999999999,56.422272299999996,12.7855409,172.80854100000002,0.09820842400000002,9.9,10.40567824,87.5904888,17.4348259,,,,,,
t-ISic001868-4,5484.78357,10.8484595,67.63744729999999,59.283165000000004,30.264584000000003,94.33655378,108.4,305596.4125761722,1.1331755799999998,0.4065957,0.068349015,0.3234,96.3096414,8.17579621,163.44645300000002,0.1533345,40.92,10.119374,366.9667872,15.9222771,,,,,,
t-ISic001868-5,1263.523935,6.05559981,1.7642783977,77.74175500000001,5.49064992,47.481373659999996,103.8,16008.785008678791,2.64784675,0.5055128999999999,0.0241065891,10.73,54.2114488,6.59288154,173.588715,0.10486221200000002,59.97,8.33984506,185.8703382,14.328698900000001,,,,,,
t-ISic001868-6,365.825205,13.984744,9.479702699999999,75.90710000000001,0.8316065625,34.331309319999995,111.8,2143.836326523167,5.8108667899999995,0.6253254,0.024133109,0.4037,41.1110342,12.1864059,170.07793199999998,0.11538188800000002,62.87,10.75492005,117.0121755,13.40496374,,,,,,
t-ISic001868-7,10.90729902,12.7199473,21.94364846,54.21335500000001,1.60926458,35.22587152,84.7,258.2419753129564,8.888538760000001,0.427491,0.013120117799999999,0.39999999999999997,34.9721429,10.40697495,159.155496,0.07393510800000001,0.879,11.652088939999999,53.187352499999996,17.461835699999998,,,,,,
t-ISic001903-1,16.31424744,5.32242904,130.8332074,114.89702000000001,1.1386298112000002,44.062158139999994,66.69,32.626871083424945,12.740513100000001,1.4578784999999999,0.0063430779,5.468999999999999,51.4453487,7.1776373,166.957236,0.0353803096,7.644,9.59612832,20.98954545,13.788502900000001,,,,,,
t-ISic001903-2,7.482552419999999,9.28340212,11.416553680000002,117.9221,0.014260922567430001,0.5416077142,71.2,29.73938987381019,4.20673439,1.5558371999999998,0.0048651962,2.229,29.717581,7.297464300000001,173.458686,0.0241134764,10.25,7.735150760000001,22.48398033,12.09633893,,,,,,
t-ISic001903-3,12.90506787,8.72915381,30.996804660000002,80.206635,0.2898023513,414.977465,92.64,86.68755081520428,8.745606449999999,0.8708931,0.011692865,4.305000000000001,70.4995624,10.58192237,176.709411,0.03947666400000001,9.026,11.94826574,17.03033082,15.7332085,,,,,,
t-ISic001903-4,75.0849747,9.607313470000001,43.116964180000004,114.81299,0.00394795192575,46.219046999999996,119.7,71.81856747388257,3.4242057000000004,1.3794731999999998,0.0119845839,9.606,132.238094,6.3628137,174.889005,0.04817491200000001,15.979999999999999,6.68248905,38.27413776,15.1660027,,,,,,
t-ISic001907-a,12.16303944,5.16510067,62.906161999999995,58.79299,0.61971728,343.5118848,78.03,6.627408735359795,7.0386450499999995,0.5423193,0.0038694945,5.453,23.722650299999998,10.258389470000001,103.4380695,0.0025622659600000003,4.138999999999999,6.76887395,16.075552979999998,14.504262599999999,,,,,,
t-ISic001907-b,0.31051035839999996,9.82839582,70.9688823,48.835435000000004,0.6303691128000001,344.3070512,74.14,32.84255750129303,8.95023616,0.5814261,0.0026977971,6.299,29.7072981,11.38835808,90.8382594,0.0092446764,0.5072,7.421696979999999,16.5010518,13.37525296,,,,,,
t-ISic001907-c,0.116752725,13.357487100000002,67.9699158,54.941615,0.5645257653,338.0451158,64.93,5.820316925694131,7.52091306,0.6117147,0.009255445099999999,1.597,29.3268308,5.71694617,92.6976741,2.9258081200000002e-06,5.638,13.5377479,4.375892133,11.51697872,,,,,,
t-ISic001907-d,15.17785425,16.9050876,56.4227683,59.801350000000006,0.7906071991999999,327.11157779999996,69.24,6.524163461179041,6.495707930000001,0.7018137,0.0101715871,3.9779999999999998,32.3705692,8.69584539,102.35882880000001,0.009742781200000002,0.6128,8.66070326,9.16898067,17.988526800000002,,,,,,
t-ISic001908-a,4.397685975,10.344597400000001,38.09996786,54.857585,0.44055648,335.460825,73.66,589.8969119183839,8.73429526,1.6110468,0.040117376,6.236,18.6943122,14.930444199999998,644.2936950000001,0.37357860000000004,12.51,13.9943538,22.39057815,24.2277906,,,,,,
t-ISic001908-b,6.00368457,9.83148069,2.3621611624999996,67.39206,0.8547595637000001,325.02426599999995,66.18,46.399148637401645,12.915322399999999,0.9119168999999999,0.035825974000000003,2.77,15.8253831,10.33028567,607.755546,0.027823242000000005,15.860000000000001,16.2527019,7.658978759999999,17.2592622,,,,,,
t-ISic001908-c,9.589290479999999,4.31059168,18.84024346,51.748475000000006,0.019031443199999998,334.6656586,76.59,33.62008948141781,8.0823594,0.6385527,0.0229710552,4.867999999999999,13.3266384,8.670681720000001,492.67988099999997,0.007557067600000001,9.014999999999999,10.065074919999999,11.379498929999999,14.9499243,,,,,,
t-ISic001909-a,3.644760624,14.5503035,22.09921246,56.888310000000004,0.4385417673,335.5602208,70.27000000000001,3.7993075414426123,9.26694948,0.5162481,0.0039104798,5.287000000000001,12.740513100000001,9.51306553,128.5596723,0.0124451856,9.204,6.1234553400000005,7.56038757,12.914735870000001,,,,,,
t-ISic001909-b,1.4051839080000001,6.370256550000001,51.9854487,70.515175,0.2488359272,318.3647474,66.1,4.187927380449871,7.579525589999999,0.7273098,0.0021866863,0.114,15.3523697,9.566987679999999,154.474452,0.004873249200000001,0.4481,5.65944502,9.345407009999999,10.729643050000002,,,,,,
t-ISic001909-c,4.885452915,13.141546199999999,52.5125562,60.347545000000004,0.5673358425,325.1236618,68.24,4.03073251554181,10.4679922,0.6065388,0.0012030391,3.156,15.4654816,6.62164002,126.9863214,0.00011976818400000002,19.99,9.20245999,8.432141249999999,10.74044697,,,,,,
t-ISic001910-1,16.14819912,4.70442675,21.12910618,78.105885,0.6010921497,40.34475522,114.7,28.66061804237802,10.080326869999999,0.44455229999999996,0.0074183393,11.48,38.704835599999996,8.7234056,262.00843499999996,0.032696491200000004,16.419999999999998,8.01281651,22.37501112,12.9511991,,,,,,
t-ISic001910-2,12.89468985,14.303513899999999,26.194613900000004,77.19556000000001,0.7591695572999999,42.18357752,103.8,25.754342908739563,7.090059549999999,0.4917105,0.0052437075,6.042,47.229359699999996,12.270284799999999,276.311625,0.038361504000000005,48.67,8.037497909999999,25.59219732,9.33728786,,,,,,
t-ISic001910-3,0.953221137,11.845900799999999,72.6402248,76.425285,0.6372649248000001,47.39191744,110.10000000000001,25.48273136424619,10.5811041,0.34467659999999994,0.00189352086,1.609,29.2959821,8.40466578,253.296492,0.032971564,6.267,6.70593638,22.541059439999998,16.165365299999998,,,,,,
t-ISic001910-4,28.78343847,11.928164,62.87974236,74.128465,0.6219097751999999,25.6441164,121.7,35.33488033074098,10.201665089999999,0.43439219999999995,0.0057499965,9.686,49.4504661,9.83180535,272.930871,0.0318155148,13.72,5.58663489,30.16371513,12.11659628,,,,,,
t-ISic001911-1,0.0625794606,12.3497629,66.4418027,80.83686000000002,0.8072172436999999,52.9779614,93.07000000000001,45.19550418482726,7.96102118,0.48595949999999993,0.0141616266,6.355,39.5377505,7.84387542,146.282625,0.03984838400000001,28.71,13.9820131,26.28752466,18.9878894,,,,,,
t-ISic001911-2,1.1068158330000002,10.817610799999999,76.8686399,77.78377,1.2610361813000002,25.30617068,102.7,35.62110958577619,8.69007879,0.5971455,0.0126765122,0.8661,31.743312300000003,14.4032054,147.452886,0.054345464,0.08799,11.8223906,29.34385155,19.352521699999997,,,,,,
t-ISic001911-3,25.638898410000003,8.88648218,108.88503010000001,86.69095,0.5823305817000001,52.20267416,103.3,29.702420824541466,8.7918795,0.5381019,0.0111480016,10.28,61.8413606,8.68146615,153.69427800000003,0.04404882,21.24,11.955670159999999,73.9952826,18.2991395,,,,,,
t-ISic001913-1,2.001920058,7.63505325,55.79464126,80.96290499999999,0.9973428192,35.90176296,101.8,20.47390829176109,9.614511499999999,0.3665304,0.006384063200000001,13.32,30.8178513,12.438042600000001,158.63538,0.018455898000000002,11.84,13.5871107,31.02509079,11.13479005,,,,,,
t-ISic001913-2,26.70783447,7.03247531,0.01636184688528,55.319750000000006,0.2512880328,38.65502662,102.80000000000001,273.6249985760382,12.5142893,0.5323509,0.0110997836,5.327,57.5019768,10.010347580000001,191.402688,0.08713116800000001,6.309,8.07328594,72.6980301,11.71144928,,,,,,
t-ISic001913-3,0.33967259460000004,14.0464414,77.1379147,57.112390000000005,0.0077216694097200006,49.68796042,121.6,296.5489292921661,13.480881899999998,0.44282699999999997,0.011885737,0.004286,65.4609414,9.69040949,175.53915,0.061779864000000004,19.17,12.7849652,58.0131318,12.21383156,,,,,,
t-ISic001915-a,0.688581627,7.7944382,21.850328060000002,96.564475,0.00290614314375,18.9845978,58.15,36.94456159919223,10.4988409,1.1344805999999998,0.0049977957,8.164,29.049192499999997,6.449089140000001,188.672079,0.0076871696,17.38,8.49533788,23.03401539,8.454067400000001,,,,,,
t-ISic001915-b,0.31466156640000004,7.14353063,52.480007300000004,103.44093000000001,0.1586648112,28.983815279999998,57.0,46.384924464034164,9.70808589,1.4226056999999999,0.0104367861,13.06,27.177704699999996,6.55693344,259.537884,0.026139350400000004,20.34,7.970858130000001,27.29938161,9.62359174,,,,,,
t-ISic001915-c,33.34976727,7.30497216,141.1843625,97.180695,0.2290789193,18.65659166,56.3,42.5169761201884,7.42836696,1.3052853,0.0059862647000000005,3.332,72.52529369999999,7.21118886,208.566516,0.020511509600000002,1.7850000000000001,7.583360150000001,28.01546499,13.05248585,,,,,,
t-ISic001915-d,9.69307068,9.85718794,33.784692,96.67651500000001,0.2546602632,54.4192005,46.99,45.28010817132367,6.417557889999999,1.1277711,0.007659429300000001,1.235,34.2729057,6.18187493,255.50698500000001,0.025481406,15.56,9.03092426,28.39426272,12.57981435,,,,,,
t-ISic001915-e,0.6854682209999999,8.1132081,109.7266945,101.662295,0.006721904021279999,27.94015938,57.97,34.687082822613576,9.54870094,1.1735874,0.0056342733,1.797,28.6687252,7.447248050000001,236.912838,0.007653714800000001,32.95,10.18724785,27.78195954,8.81329774,,,,,,
t-ISic001915-f,0.02832161658,9.75435894,135.1614094,100.76597500000001,0.00299522273792,29.590129660000002,57.660000000000004,69.4102774214538,11.6710915,1.1992752,0.0076377312,4.72,31.8872729,9.73234894,206.095965,0.037506548,0.148,9.54799959,21.86129913,12.15170902,,,,,,
t-ISic001915-g,1.556184099,9.98263932,76.0613915,94.575765,0.6487116825000001,47.97835266,65.95,110.96444719384536,7.755363180000001,1.1971664999999998,0.0082284017,15.99,33.213767,9.380057560000001,234.83237400000002,0.033603488,0.47859999999999997,6.6541054399999995,47.33933823,13.5724245,,,,,,
t-ISic001916-1,6.89100528,12.956454,134.22179930000001,80.72482000000001,0.10172748966799999,31.0611875,116.0,48.07383973370758,16.8948047,0.42825779999999997,0.0035825974,0.821,33.594234300000004,10.73769747,227.55075,0.03303847360000001,16.06,12.5751733,31.3416204,16.475978,,,,,,
t-ISic001916-2,5.370625349999999,7.0643523,66.37543500000001,85.58455500000001,0.015450022203,27.50281786,110.9,26.77701508577384,7.322453090000001,0.5104970999999999,0.0028086985000000003,3.339,23.2290711,11.66875326,194.00326800000002,0.044383368000000006,14.440000000000001,10.7857718,23.29346589,12.415054569999999,,,,,,
t-ISic001916-3,7.54482054,8.29624372,55.2454837,78.25994,0.3757398196999999,17.23523172,96.84,37.71154216702942,14.7456786,0.4280661,0.0050749445,4.048,29.254850499999996,10.11579534,181.650513,0.05490304400000001,12.52,7.23905462,26.78566962,12.98766233,,,,,,
t-ISic001916-4,28.77306045,6.77128965,28.270844500000003,66.21564000000001,6.34963532,26.7374702,214.5,17253.284581931508,19.7945825,0.48404249999999993,0.0221778691,13.18,73.7078272,12.354163699999999,193.093065,0.094937288,60.07,5.51382476,96.35991569999999,10.539223960000001,,,,,,
t-ISic001916-5,18.187480049999998,6.51318886,101.00173199999999,69.898955,0.1878024533,47.43167576,158.5,635.4693769355073,17.6146077,0.45394559999999995,0.0145521924,6.39,105.29689599999999,15.1940636,317.140731,0.06932578,31.26,7.56731724,47.85823923,18.4611983,,,,,,
t-ISic001916-6,3.820668063,9.372863350000001,70.5683181,81.69116500000001,1.0343257113,47.938594339999995,156.79999999999998,2203.2631621690994,9.624794399999999,0.423657,0.010796010200000001,8.344,51.3322368,9.1547828,224.039967,0.04687389200000001,28.900000000000002,7.21067101,55.937527800000005,13.680463699999999,,,,,,
t-ISic001917-1,2.351140431,14.910205,27.216226179999996,81.32703500000001,0.4552865625,9.96939874,96.52000000000001,102.94335358279967,15.1055801,0.4330503,0.017324727400000003,4.725,35.7125117,9.827012269999999,116.8830681,0.043602756000000006,22.79,13.155186200000001,55.2110664,13.815512700000001,,,,,,
t-ISic001917-2,7.4202843000000005,13.038717199999999,77.87891539999998,82.04129,1.4274019032,45.36424312,102.30000000000001,102.63397789848042,10.519406700000001,0.5158647,0.0183879343,1.349,40.2267048,8.149434269999999,118.70347410000001,0.04575873200000001,1.6640000000000001,12.673898900000001,80.22209459999999,13.774998,,,,,,
t-ISic001917-3,1.342396887,10.26850394,61.92267856000001,72.96605000000001,0.6192474953,50.62228094,99.55,214.33081446623055,10.22942892,0.33854219999999996,0.022173047300000002,2.698,35.6199656,9.0229731,104.90739719999999,0.029759903200000003,1.244,10.194652269999999,163.0905843,14.8283802,,,,,,
t-ISic001917-4,99.31765139999999,4.48642927,14.293174559999999,63.21857000000001,2.17906038,25.93236422,108.1,702.9340000916274,4.88232092,0.8365788,0.031293482000000004,1.322,66.24244180000001,12.8334717,123.917637,0.10567999600000001,43.53,15.6973704,230.5477143,21.445781200000003,,,,,,
t-ISic001917-5,84.9440937,8.322979259999999,26.71462218,73.23214500000002,3.2544049999999998,23.78541494,114.0,797.795203361383,12.2469339,0.8935137,0.025844848,0.1546,36.4528805,12.8334717,108.2621454,0.130733924,4.9479999999999995,17.4374091,156.8637723,27.887618500000002,,,,,,
t-ISic001917-6,10.45585515,10.8587424,46.832878799999996,66.35569000000001,0.9708125000000001,25.03780202,94.93,762.8792718587832,10.07827029,1.0901979,0.041877332999999996,2.096,42.478659900000004,14.9424269,143.68204500000002,0.11553057600000001,30.150000000000002,12.957735000000001,69.63651420000001,38.8130826,,,,,,
t-ISic001917-7,2274.3430829999998,4.55326812,34.653145959999996,66.85987,5.79907328,55.13485026,126.89999999999999,23560.612172776287,1.34808819,0.6841773,0.053280890000000004,0.1187,67.4969556,10.02113201,132.109464,0.099583788,53.04,12.123503679999999,286.9003629,24.2412955,,,,,,
t-ISic001917-8,9.30389493,7.480809750000001,16.3436487,77.265585,4.62575442,44.817566219999996,94.5,485.0360153803871,13.141546199999999,0.665199,0.030521993999999997,2.347,38.0261642,10.968963579999999,112.67012849999999,0.07646280400000001,52.95,16.5982415,168.33148440000002,27.171858800000003,,,,,,
t-ISic001917-9,341.8000887,10.218117730000001,188.09514610000002,77.33561,1.88208678,52.39152618,114.2,843.3114751786985,5.8406872,0.4974615,0.032474823,8.463000000000001,57.9544244,10.59749988,118.56044220000001,0.039179288,2.577,14.1301015,226.44839639999998,13.8560274,,,,,,
t-ISic001918-10,2.191837824,11.0438346,0.8637492297,83.60985000000001,0.9864703128,29.39133806,100.4,47.040805103097625,13.7276715,0.3899177999999999,0.0132864699,5.781000000000001,32.6893391,12.0665789,119.3016075,0.041260920000000006,44.230000000000004,13.130504799999999,26.55735318,12.4920325,,,,,,
t-ISic001918-11,22.712296770000002,9.03044278,22.628410560000003,84.14204000000001,0.9832737488000001,33.068982659999996,93.38000000000001,52.92405419251341,12.853625000000001,0.415989,0.0183614144,3.8890000000000002,31.6610491,9.38485064,112.5531024,0.043454068,1.447,14.5373446,21.80422002,11.1955621,,,,,,
t-ISic001918-12,0.815712372,11.825335,31.09143906,82.88159,0.015040551167669999,36.090614980000005,104.5,68.4887350274274,7.905493519999999,0.39030119999999996,0.0175151885,4.294,29.7998442,12.1264924,122.3052774,0.051260188,11.69,18.486368600000002,44.19479817,13.21319416,,,,,,
t-ISic001918-13,77.3681391,5.677189090000001,4.6681906432,73.47023,2.29154352,25.186895720000003,86.66,543.9049978391055,8.89676508,1.1421485999999998,0.0235255622,1.206,44.2267529,15.469665699999998,118.3523958,0.112370956,64.69000000000001,22.077512300000002,61.8529992,43.566807399999995,,,,,,
t-ISic001918-14,1.3823522639999999,11.3317558,47.349660400000005,65.613425,0.28734462330000005,23.83511284,99.1,252.14808135349756,12.4320261,0.8118495,0.0209700082,4.831,25.5838552,9.19312744,103.25602889999999,0.039142116000000005,29.33,17.1659137,25.82570277,21.297227300000003,,,,,,
t-ISic001918-15,1.4638197210000001,11.3214729,16.20797668,74.464585,2.768535,35.26562984,104.3,870.4879872701722,9.17029022,0.8952389999999999,0.0240945346,5.871,36.2780712,17.279053400000002,114.9196302,0.111032764,0.006934999999999999,14.6237295,58.4282526,35.5854115,,,,,,
t-ISic001918-16,8.167501739999999,10.5811041,27.7998235,83.1897,0.40680258080000004,39.87759496,108.6,86.45339535015103,8.24791409,0.4106213999999999,0.0170305976,6.747,31.506805600000003,8.84682741,103.5420927,0.050814124,0.5927,16.5982415,36.457984259999996,14.2881842,,,,,,
t-ISic001918-17,16.23122328,7.916804710000001,33.113522259999996,83.09166500000002,0.09097679570000002,40.19566152,91.86,703.8815528417787,7.18980368,0.37956599999999996,0.022556380400000003,6.234999999999999,45.9028656,11.82213182,132.759609,0.043639928,16.63,15.796095999999999,65.64097650000001,15.098478199999999,,,,,,
t-ISic001918-18,105.44068320000001,8.23968777,54.860018999999994,77.41964,0.6499665753,48.5548483,96.14,239.88263852137712,8.29624372,0.4926689999999999,0.02435009,3.4979999999999998,41.7382911,11.13911792,117.6242334,0.07616542800000001,0.01304,12.32712523,47.048753669999996,21.8104135,,,,,,
t-ISic001919-a,0.5578185750000001,5.4293712,62.0480151,64.423,0.5531339912000001,39.79807832,56.230000000000004,379.6137614372007,6.913193670000001,1.5516198,0.031076501,13.85,55.0340808,13.0970911,167.347323,0.074827236,7.841,12.7232617,63.565372499999995,19.5956099,,,,,,
t-ISic001919-b,10.12375851,7.08697468,44.92412576,66.60778,0.18169610129999997,17.871364840000002,56.01,474.4380468274711,6.934787760000001,1.9169999999999998,0.034210671000000005,33.4,26.036302799999998,12.8814025,123.94364279999999,0.056612956,12.07,12.8590094,24.0251163,13.8425225,,,,,,
t-ISic001919-c,163.24625460000001,6.65200801,82.20459220000001,56.286095,0.5328657432,29.19254646,66.11999999999999,1251.0667233774398,6.01241163,2.630124,0.049254687000000005,28.3,213.473004,28.5547741,112.5531024,0.094193848,6.712000000000001,10.60312944,27.57958815,21.7969086,,,,,,
t-ISic001919-d,9.55296741,8.5965044,51.3092459,81.25701000000001,0.2944115573,27.343784579999998,66.69999999999999,89.02504546039555,8.73326697,1.3857993,0.028111094,0.9289000000000001,32.7201878,6.49222686,149.403321,0.055088904,6.109,9.91822059,17.84500539,11.238777780000001,,,,,,
t-ISic001919-e,0.5920660409999999,6.63452708,54.54004606,82.30738500000001,0.12458840998800001,33.75481368,70.43,120.39542245389308,9.74510433,1.0928817,0.025627867,4.689,49.9646111,10.52440541,162.666279,0.043156692,6.408,12.5011291,27.63666726,14.3962234,,,,,,
t-ISic001920-a,1.4819812559999999,7.90138036,25.2308742,71.59356000000001,0.1894820928,24.073662759999998,62.910000000000004,76.0800772724844,7.710118420000001,1.0355633999999998,0.013730075500000001,1.409,36.2266567,6.1423320200000004,125.1659154,0.044532056,15.540000000000001,5.95562182,28.04141004,4.04606804,,,,,,
t-ISic001920-b,3.785382795,11.1775123,70.7685732,79.758475,0.5045299448,42.26309416,57.69,80.5256470760993,6.90908051,1.221129,0.0109792386,9.705,40.2575535,9.09726584,181.910571,0.042227392,4.296,8.85321818,35.89757118,14.0586009,,,,,,
t-ISic001920-c,22.88872311,8.59444782,136.6813831,72.09774000000002,0.2159205237,20.48547438,58.06,99.1042289669144,6.505990829999999,1.1404233,0.0107502031,1.548,29.1828702,9.19911879,137.440653,0.038881912,6.4590000000000005,6.05311335,26.1526104,13.10515496,,,,,,
t-ISic001920-d,156.9156624,11.784203399999999,76.3303783,106.227925,0.2575731893,21.906834319999998,60.77,73.09361286224664,4.946074899999999,1.4858666999999999,0.006972322800000001,6.226999999999999,215.426755,5.11181982,184.121064,0.057951148,2.121,6.31473619,21.31645308,11.51697872,,,,,,
t-ISic001920-e,1.462781919,6.18105119,75.3893445,60.36155,0.047075265972,33.61565956,61.95,74.07258361061015,5.64634039,0.9809289,0.008052406,3.483,32.5659443,4.78589038,177.48958499999998,0.038473020000000004,12.76,3.7861267599999997,34.7144769,9.72082702,,,,,,
t-ISic001920-f,16.40246061,4.94093345,72.30565630000001,77.08352000000001,0.5506381607999999,27.045597179999998,62.730000000000004,108.97498370472678,6.87103378,1.1459826,0.012893493200000002,0.1678,45.8822998,7.10334456,188.412021,0.0357557468,12.850000000000001,7.7450233200000005,49.77298392,11.35086845,,,,,,
t-ISic001921-a,0.9900631080000001,7.7563914700000005,88.0559204,67.26601500000001,0.3837705333,52.3318887,57.29,184.3269683932117,7.17232275,1.3302063,0.005737942,0.3671,24.3910388,11.76940794,312.589716,0.18957720000000003,17.27,6.16047744,23.64631857,19.325511900000002,,,,,,
t-ISic001921-b,2.56337094,7.362556400000001,2.0167395152000003,70.55719,0.1385576472,34.0430615,60.61,253.59282831314755,5.93528988,1.0022076,0.0049592213,5.7749999999999995,30.5196472,11.78977853,319.091166,0.63080884,21.42,9.724471600000001,25.43652702,27.9956577,,,,,,
t-ISic001921-c,0.17097787949999999,8.56051425,82.8826992,85.444505,0.3002516937,19.51139554,60.52,33.62008948141781,7.98775672,1.0273203,0.00176309117,0.034440000000000005,17.3472523,7.18003384,302.96757,0.024202689200000002,7.0600000000000005,9.84541046,14.38393572,11.543988520000001,,,,,,
t-ISic001921-d,1.94587875,4.54195693,66.5745561,87.18112500000001,0.053328906603,30.85245632,45.44,28.502246362327384,6.753808719999999,1.1118599999999998,0.0048796616,0.03782,14.848507600000001,5.26280184,266.55945,0.006464210800000001,17.28,10.47602023,12.391355879999999,12.443414859999999,,,,,,
t-ISic001921-e,19.188958980000002,6.369228260000001,45.130224,87.32117500000001,0.1673549913,25.972122539999997,48.38,25.707048710933062,14.4269087,1.0183103999999998,0.00200635098,6.735,22.9000183,6.87926807,230.541417,0.034711213600000006,4.057,9.03956275,9.41286414,10.56623376,,,,,,
t-ISic001921-f,0.29935398690000004,5.077696019999999,50.5557853,88.5116,0.4495480808,21.99629054,63.60999999999999,28.904765573649684,9.97955445,1.0967157,0.0034668742,6.075,17.583759,7.685703780000001,219.74901,0.026529656400000004,11.209999999999999,7.557444680000001,18.67005798,6.63225639,,,,,,
t-ISic001923-a,2.0169681870000002,6.43606711,29.4593143,58.722965,0.38655127770000003,32.61176198,37.35,26.29996359497536,10.16053349,0.839646,0.0006350310600000001,9.942,14.200684899999999,5.43055964,113.4242967,0.0368783412,0.02326,6.04941114,4.243053477,12.32322125,,,,,,
t-ISic001923-b,0.1601847387,9.62376611,61.289730399999996,63.10653000000001,0.144084685563,12.04677096,39.05,11.625682370016037,7.94662512,0.9055907999999999,0.0025676085,5.901,9.68135035,5.848755870000001,103.0999941,0.014314937200000002,0.23270000000000002,7.898047999999999,3.479231205,6.67277109,,,,,,
t-ISic001923-c,15.07926306,8.947151289999999,39.689379679999995,57.92468000000001,0.9585193652999999,35.782488,41.16,124.54098787360203,7.5373657000000005,1.1764629,0.006099576999999999,6.605,13.583710900000002,9.698797379999998,135.620247,0.084157408,14.209999999999999,9.23701395,10.59076941,14.5447773,,,,,,
t-ISic004473-1,3.9924242939999997,6.41138815,21.78190168,46.930755000000005,0.2333652825,30.285900260000002,135.3,413.60897995474613,9.92094192,0.6477543,0.068324906,14.74,39.8153888,12.6657139,186.331557,0.05735639600000001,23.77,13.735199099999999,45.88641543,16.3814437,,,,,,
t-ISic004473-2,0.4251874794,9.27723238,103.78352000000001,61.24386500000001,0.4261487433,27.79106568,129.4,106.13697798701746,14.2726652,0.5313924,0.042094314,1.599,32.3397205,9.99596834,147.71294400000002,0.045944592,24.86,6.88981281,28.78343847,7.03200143,,,,,,
t-ISic004473-3,2.515632048,10.8484595,226.02292630000002,61.257870000000004,1.2079003124999999,33.36717006,131.29999999999998,155.69631648841371,9.67518061,0.6517799999999999,0.030738975,4.4399999999999995,37.655979800000004,7.18482692,159.41555400000001,0.057951148,2.203,9.62327786,31.549180800000002,13.6129392,,,,,,
t-ISic004473-4,2.599175109,9.16720535,221.26380429999998,64.46501500000001,0.8534901333000001,42.2929129,132.8,162.0017106818075,13.789368900000001,0.6711417,0.059115268,9.07,33.0183919,10.38540609,184.251093,0.044160336,27.95,5.99387799,34.314923130000004,16.989164199999998,,,,,,
t-ISic004473-5,0.24300133829999998,10.899874,0.7266207273,64.829145,1.4017247572999998,34.17227604,132.29999999999998,185.57754988259262,8.35485625,0.5683905,0.064684447,17.31,34.128945099999996,9.55260844,147.322857,0.053044444,11.64,10.94990311,37.66183458,14.274679299999999,,,,,,
t-ISic004473-6,28.92873075,9.671067449999999,39.3890854,58.48488000000001,0.33826185680000004,44.231131,145.3,351.73831062242425,11.5065651,1.0269369,0.048338545,7.6,48.7203802,13.18097,244.194462,0.05564648400000001,28.68,11.13254547,67.92414090000001,18.771811,,,,,,
t-ISic004487-a,121.83795479999999,4.00518955,52.7990512,98.5952,0.3419597048,45.5232764,462.79999999999995,46.58420080942033,3.5990149999999996,2.407752,0.021312355999999998,6.246,180.156408,7.334610670000001,138.22082699999999,0.0279756472,13.64,7.8030246100000005,62.5275705,10.08140785,,,,,,
t-ISic004487-b,64.9664052,7.986728429999999,52.90977356,89.87008500000002,0.039840377472,26.538678599999997,452.6,63.87259008945044,2.62111121,2.095281,0.0186410788,5.332999999999999,117.533547,7.8259013699999995,125.3609589,0.042561940000000006,35.65,6.55661391,45.64253196,7.92062385,,,,,,
t-ISic004487-c,22.44246825,13.059282999999999,41.42344906,102.06844000000001,0.19330008529999998,28.86454032,247.4,150.29927988473156,8.707559719999999,2.348325,0.0186724205,16.38,76.8852433,8.50052738,145.892538,0.08322810800000001,5.723,11.816220249999999,81.986358,9.0752928,,,,,,
t-ISic004488-a,367.7970288,6.88131668,354.5012919,12.213760500000001,28.1946,110.03115059999999,198.5,97535.52821107637,3.97125598,2.0626919999999997,0.13886784,26.43,525.250532,74.0171379,199.464486,1.50881148,72.79,41.2426194,248.55357899999998,413.114891,,,,,,
t-ISic004488-b,880.056096,2.2046537600000002,520.1451910000001,19.985135,31.8212475,83.84035730000001,295.0,62893.38339799478,2.3239354,2.3502419999999997,0.122907682,15.0,1508.50143,82.3091663,232.49185200000002,1.1118145200000003,83.54,27.532101700000002,288.6127362,375.706318,,,,,,
t-ISic004488-c,182.03047080000002,10.06387423,404.1754769,9.666251,27.2125665,117.4858356,399.5,75274.79267521059,2.72908166,3.118959,0.10065507500000001,35.15,158.870805,126.53731200000001,251.47608599999998,1.79317728,90.42,43.6737373,217.6270794,474.157039,,,,,,
0-1,,,,,,,,,,,,,,,,,,,,,0.9754783093136776,0.0001416110289814438,0.007602792708148556,7.030245494250457e-05,0.0019058749984445747,0.01480110949580546
0-2,,,,,,,,,,,,,,,,,,,,,0.9761140960523031,0.00015594324339637998,0.007478466907892849,7.243119351282765e-05,0.0018108229756576427,0.014368239627237147
0-3,,,,,,,,,,,,,,,,,,,,,0.9742691011281528,0.00015961927610558594,0.008103390026613871,7.767172072327964e-05,0.001973058852875266,0.01541715899552905
10-1,,,,,,,,,,,,,,,,,,,,,0.9484936542214901,0.00021605801653478977,0.01131277165347375,0.00010808277679402658,0.023404408172205012,0.0164650251595023
10-2,,,,,,,,,,,,,,,,,,,,,0.9510596299486682,0.000228263455828283,0.010585316372447655,9.752515608277944e-05,0.022125517608886824,0.015903747458086093
10-3,,,,,,,,,,,,,,,,,,,,,0.951256557620431,0.0002083007903975979,0.010597509622344526,8.501889497163252e-05,0.022125176731382663,0.015727436340472623
20-1,,,,,,,,,,,,,,,,,,,,,0.9281738518945315,0.0002437196431489985,0.011536543891327205,0.00010311339968979927,0.044156450095491975,0.01578632107581042
20-2,,,,,,,,,,,,,,,,,,,,,0.9315156570037588,0.00024775087245038324,0.010909209301934076,0.0001132910912443672,0.04218829674019666,0.015025794990415864
20-3,,,,,,,,,,,,,,,,,,,,,0.9334820401620941,0.00022849584703106348,0.010564060967966698,9.400597433591499e-05,0.04094152648509409,0.014689870563478032
30-1,,,,,,,,,,,,,,,,,,,,,0.8955257767239051,0.0002854325850650653,0.013340865773226318,0.00012171701710599384,0.07410844469149497,0.016617763209202333
30-2,,,,,,,,,,,,,,,,,,,,,0.912816936452933,0.0002426469438381454,0.010963161611069451,9.8377787425718e-05,0.06151258879637306,0.014366288408360432
30-3,,,,,,,,,,,,,,,,,,,,,0.9159392112135263,0.0002475948329837962,0.010381511615145427,9.658320721190347e-05,0.05968255244511689,0.01365254668601565
40-1,,,,,,,,,,,,,,,,,,,,,0.8633407089621205,0.00030886811419723485,0.011575989465131666,0.00010261377578996187,0.11047939370278222,0.014192425979978333
40-2,,,,,,,,,,,,,,,,,,,,,0.8569068746924329,0.0003098370490369401,0.0123417023597689,0.00011573824466415177,0.11570514103305421,0.014620706621042904
40-3,,,,,,,,,,,,,,,,,,,,,0.8467321433284499,0.000369681010376255,0.013519747441149005,0.00014591218430993444,0.12390203148233424,0.015330484553380415
50-1,,,,,,,,,,,,,,,,,,,,,0.8192016436307763,0.0002918875069986855,0.010833790167776493,0.00010448779002009393,0.15662229559227883,0.012945895312149732
50-2,,,,,,,,,,,,,,,,,,,,,0.7890043298908743,0.00034475283456097136,0.013321466130948008,0.00011608267655566425,0.18223349093956673,0.014979877527494391
50-3,,,,,,,,,,,,,,,,,,,,,0.8043203643537189,0.00033260645775062445,0.012364854708156493,0.00012639464841420213,0.16872825728372903,0.0141275225482309
60-1,,,,,,,,,,,,,,,,,,,,,0.6241563935866877,0.00034613926420776366,0.008681640961214638,0.00011640440991136923,0.3562570368120399,0.010442384965938743
60-2,,,,,,,,,,,,,,,,,,,,,0.6314052480941672,0.00026871795040577326,0.008495261364384527,9.587762093913404e-05,0.3497550208835909,0.009979874086512328
60-3,,,,,,,,,,,,,,,,,,,,,0.5910754597025402,0.0003771274528897559,0.009684465054267503,0.00013786724350989447,0.3876969944073044,0.011028086139488351
70-1,,,,,,,,,,,,,,,,,,,,,0.6001761307470596,0.0002797794886535264,0.007215914038596281,0.0001345205212702684,0.3835760784281154,0.008617576776304939
70-2,,,,,,,,,,,,,,,,,,,,,0.5476611742292402,0.00039534271294635644,0.008958246269629148,0.00017215051532268793,0.43326457568926635,0.009548510583595312
70-3,,,,,,,,,,,,,,,,,,,,,0.5516507344718216,0.0003210209563318701,0.008064080894942975,8.286310308510692e-05,0.43064172095985004,0.00923957961396858
80-1,,,,,,,,,,,,,,,,,,,,,0.3730057741279243,0.00042569116214593173,0.0082604218002768,0.0001358915159403614,0.6079736028449584,0.010198618548754399
80-2,,,,,,,,,,,,,,,,,,,,,0.49336314941277165,0.0003083403342670607,0.0066260546831887115,0.0001055644809248707,0.49124558141536034,0.008351309673487241
80-3,,,,,,,,,,,,,,,,,,,,,0.44048397740328427,0.000293395962504182,0.007680871387672799,0.00012121064719816587,0.5424795467220944,0.008940997877246283
90-1,,,,,,,,,,,,,,,,,,,,,0.1991360120897981,0.0004943388762885185,0.004857786237800548,0.00014286132470143654,0.7885920923936172,0.006776909077794114
90-2,,,,,,,,,,,,,,,,,,,,,0.3641084567971604,0.00036711345145891926,0.003938297824985786,0.00010644251533936959,0.6262983930742221,0.005181296336833412
90-3,,,,,,,,,,,,,,,,,,,,,0.25456892424136385,0.00032211859958875417,0.00460753408059456,7.040751495667064e-06,0.734400184210356,0.006094198116601221
100-1,,,,,,,,,,,,,,,,,,,,,0.10347688246760214,0.00034580047358535686,0.0005691654384362011,0.00011060311131987436,0.8946345820316061,0.0008629664774504303
100-2,,,,,,,,,,,,,,,,,,,,,0.06896839888843465,0.0003796865740200258,0.0005517228675393615,8.96786754037507e-05,0.9291030631201234,0.0009074498744788959
100-3,,,,,,,,,,,,,,,,,,,,,0.11931836123738587,0.0003624079882471902,0.000380734965168593,7.999502685397385e-05,0.8789195747557287,0.0009389260266157803
ISic000662,,,,,,,,,,,,,,,,,,,,,0.1294977437727792,0.00249523770761113,0.005304838188758405,0.0003464250205111695,0.8583016394148323,0.004054115895507815
ISic000662,,,,,,,,,,,,,,,,,,,,,0.18961445086528633,0.002411458852523558,0.006713100840752495,0.0005857299900783561,0.7975998513389597,0.0030754081123995384
ISic000662,,,,,,,,,,,,,,,,,,,,,0.34872870632272374,0.0014510772681956376,0.006071208990009085,0.00044707194207418364,0.6404488875686682,0.0028530479083290834
ISic000662,,,,,,,,,,,,,,,,,,,,,0.14069276367797587,0.0028484946610946014,0.009216791891066832,0.0002402915233021372,0.8420123121479413,0.004989346098619488
ISic000662,,,,,,,,,,,,,,,,,,,,,0.0007740991656340389,0.0012994068580254026,0.004435885121248139,0.0006251051286989364,0.9928078290755501,5.767465084334942e-05
ISic000786,,,,,,,,,,,,,,,,,,,,,0.1250901021548379,0.0011093679000160738,0.003954869621791459,0.0006327081851618294,0.8680352366220803,0.0011777155161125103
ISic000786,,,,,,,,,,,,,,,,,,,,,0.050398268400662895,0.0013922495243141443,0.008977566184445134,0.0004573495419641664,0.9374652857775898,0.0013092805710237794
ISic001246,,,,,,,,,,,,,,,,,,,,,0.049096185432974414,0.0021814602858049544,0.009238626384668961,0.0007030728200197394,0.9350810918140494,0.0036995632624825503
ISic001247,,,,,,,,,,,,,,,,,,,,,0.08655332105582475,0.001725465680346897,0.01323703017637802,0.0008027336732429865,0.8941337506487648,0.003547698765442726
ISic001247,,,,,,,,,,,,,,,,,,,,,0.037226343001770745,0.0016844538764061168,0.008869318791367025,0.00033592714265833444,0.9464743420789434,0.005409615108854441
ISic001247,,,,,,,,,,,,,,,,,,,,,0.014297002915956493,0.0011972425577380982,0.005968921519077759,0.0003727354122757608,0.9763936611023165,0.0017704364926354457
ISic001248,,,,,,,,,,,,,,,,,,,,,0.1216605280959629,0.0018532810903309483,0.014431029578587802,0.0005233386347451509,0.8595471250024155,0.001984697597957621
ISic001249,,,,,,,,,,,,,,,,,,,,,0.4121049905690089,0.0024903621838279506,0.026887517959209996,0.0008936327288443106,0.5509860084815499,0.0066374880775589475
ISic001250,,,,,,,,,,,,,,,,,,,,,0.09749463439499878,0.0015871545990643412,0.01018781827052444,0.0006971231549840475,0.8880854453645396,0.0019478242158887202
ISic001251,,,,,,,,,,,,,,,,,,,,,0.3095786476051084,0.0016315081299591908,0.012409501999450144,0.0006214770253275999,0.6712817184053408,0.004477146834813846
ISic001254,,,,,,,,,,,,,,,,,,,,,0.3739338808121708,0.0021973706694386965,0.01721469763468984,0.00036908772996572484,0.6032060393669627,0.0030789237867723663
ISic001255,,,,,,,,,,,,,,,,,,,,,0.08504070491581926,0.0022911070034968306,0.02127929582907179,0.0007408921218632086,0.8860307569660338,0.0046172431637150685
ISic001255,,,,,,,,,,,,,,,,,,,,,0.0015419175437252112,0.001716187108771601,0.00802283264110908,0.0008376651755355015,0.986423542465893,0.00145785506496561
ISic001256,,,,,,,,,,,,,,,,,,,,,0.25532022261059545,0.0008302517257008414,0.008883691466002765,0.0005055479505249339,0.7311151368801659,0.003345149367010044
ISic001256,,,,,,,,,,,,,,,,,,,,,0.0017343547027910964,0.0013668762710117542,0.008882734756272877,0.00047111657579134125,0.9845608884161109,0.0029840292780221192
ISic001256,,,,,,,,,,,,,,,,,,,,,0.14069590880181182,0.0012988049799379005,0.009201347123253748,0.0010957977286076095,0.845670651012044,0.0020374903543449734
ISic001258,,,,,,,,,,,,,,,,,,,,,0.12346286356581927,0.00145440181829497,0.007668364413145869,0.0005136694163637406,0.8655670855778335,0.0013336152085427649
ISic001259,,,,,,,,,,,,,,,,,,,,,0.0021196197689190353,0.0038307930439330324,0.016040389319767548,0.0004708650099405068,0.9676489107963796,0.009889422061060228
ISic001259,,,,,,,,,,,,,,,,,,,,,0.0025363537698771255,0.0028506600873374056,0.010021272784204635,0.0004558311677693744,0.9724248746131589,0.011711007577652581
ISic001259,,,,,,,,,,,,,,,,,,,,,0.08543738066706595,0.004053284142656116,0.04113010398959868,0.0008816445733342348,0.8581776594588957,0.010319927168449327
ISic001260,,,,,,,,,,,,,,,,,,,,,0.01766394024358357,0.002777557449569705,0.013208182382347583,0.0012710671582397291,0.9605574591677075,0.0045217935985519
ISic001260,,,,,,,,,,,,,,,,,,,,,0.013724203605208922,0.0026634199115776725,0.016933736079324833,0.0007086463865909981,0.9599559296650635,0.006014064352234132
ISic001260,,,,,,,,,,,,,,,,,,,,,0.058445230714229565,0.0020483961695348185,0.01472803867504149,0.0006388459591757117,0.9190969109065656,0.005042577575452784
ISic001262,,,,,,,,,,,,,,,,,,,,,0.28250785945651685,0.001065905357592029,0.008712729659637325,0.0004886391749286423,0.7037064338822537,0.0035184324690713024
ISic001262,,,,,,,,,,,,,,,,,,,,,0.4114690886177201,0.00223326316453011,0.02640034719051497,0.0005792557882806717,0.5552608057732191,0.004057239465735115
ISic001262,,,,,,,,,,,,,,,,,,,,,0.3230986682788113,0.001673745162560823,0.013837839616819,0.00031904055233684405,0.6577895036754476,0.0032812027140244485
ISic001269,,,,,,,,,,,,,,,,,,,,,0.00055199235496946,0.0018326747246278775,0.013980933478780232,0.00047669207673652547,0.9796082629580523,0.0035494444068336723
ISic001269,,,,,,,,,,,,,,,,,,,,,0.12462197463936882,0.0029969306085263284,0.034104266558545135,0.0010957131710378433,0.8307489106375183,0.006432204385003648
ISic001269,,,,,,,,,,,,,,,,,,,,,0.3375736388972698,0.0024025795216159915,0.022261771354944674,0.0006615337048621616,0.6326129374194914,0.004487539101815822
ISic001833,,,,,,,,,,,,,,,,,,,,,0.39428716677021286,0.003252343283143547,0.026858570153095975,0.000650112278068669,0.5663289325762844,0.008622874939194634
ISic001833,,,,,,,,,,,,,,,,,,,,,0.6765212561959983,0.003102829530723636,0.039036920238919734,0.0007908188919637816,0.27037885604766204,0.01016931909473238
ISic001833,,,,,,,,,,,,,,,,,,,,,0.01862872539425454,0.00174197141409034,0.013530187207044374,0.00041113840872582534,0.9642728307392183,0.0014151468366667703
ISic001834,,,,,,,,,,,,,,,,,,,,,0.23980722661457618,0.002414470380369135,0.011445800609968483,0.0004148428221175398,0.743846778415515,0.002070881157453516
ISic001834,,,,,,,,,,,,,,,,,,,,,0.25688891428014043,0.0021139822462964628,0.019142317741109024,0.000727508046238877,0.7161784833856663,0.004948794300548914
ISic001834,,,,,,,,,,,,,,,,,,,,,0.23727076959600465,0.0015221793439871016,0.010577039888550514,0.00027362798273265976,0.7483993908195115,0.0019569923692137068
ISic001835,,,,,,,,,,,,,,,,,,,,,0.317641917666414,0.0011058282543237926,0.008165565199427943,0.0003137082109644338,0.6715059838376858,0.0012669968311841504
ISic001835,,,,,,,,,,,,,,,,,,,,,0.34905441796765435,0.0017977392317878203,0.0214310629054708,0.00045832318342381147,0.6230889811276679,0.004169475583995303
ISic001835,,,,,,,,,,,,,,,,,,,,,0.24665425870849128,0.001509759351050357,0.007987513808164677,0.0004466437920910803,0.7421746493631375,0.001227174977065165
ISic002985,,,,,,,,,,,,,,,,,,,,,0.3521366530936152,0.001487295195752594,0.010853395328425603,0.0003356764456882724,0.6310940098580357,0.004092970078482792
ISic002986,,,,,,,,,,,,,,,,,,,,,0.1510991017260138,0.0021967532088728297,0.015337963309167403,0.000665919798562955,0.8264369748844068,0.004263287072976288
ISic002987,,,,,,,,,,,,,,,,,,,,,0.14253032877314672,0.001542358935429784,0.00930469256841485,0.0005782658362204795,0.8435202847960536,0.00252406909073451
ISic003081,,,,,,,,,,,,,,,,,,,,,0.0013336997385839057,0.0011170710265502124,0.005025605596017232,0.0003893134425218317,0.9903084926784429,0.0018258175178838794
ISic003082,,,,,,,,,,,,,,,,,,,,,0.0024742693798225374,0.002279693088617151,0.02492292265449603,0.0006714894355166678,0.9651389972357566,0.004512628205791074
ISic003082,,,,,,,,,,,,,,,,,,,,,0.011665397447018104,0.0029673678847995486,0.02333760501127053,0.0012762700097313465,0.9514568748191452,0.009296484828035233
ISic003407,,,,,,,,,,,,,,,,,,,,,0.1345226482672578,0.0011577194618471807,0.004951331531408387,6.7075693750095e-05,0.8592048367032814,9.638834245519994e-05
ISic003412,,,,,,,,,,,,,,,,,,,,,0.03215739017324374,0.0014557795804846759,0.008462268646072609,0.0005034640587435294,0.95559976991454,0.0018213276269155492
ISic003412,,,,,,,,,,,,,,,,,,,,,0.026847339681421178,0.0011051656747183207,0.0072959836325227545,0.00032871195238614784,0.9623174190070681,0.0021053800518836276
MK-ISic000065-a,,,,,,,,,,,,,,,,,,,,,0.001750223535580215,0.0008194389791314848,0.003654411491541236,0.00020028764099354592,0.9928847725261848,0.0006908658265689183
MK-ISic000065-b,,,,,,,,,,,,,,,,,,,,,0.0002548101457589539,0.0013758776866574865,0.0054256361239077965,0.00043030648103029387,0.9902744141876385,0.0022389553750068367
MK-ISic000065-c,,,,,,,,,,,,,,,,,,,,,0.001993514091973084,0.0009532290717016092,0.0009093101212006178,0.0002280626997701607,0.9948707335185957,0.0010451504967588486
MK-ISic000284-a,,,,,,,,,,,,,,,,,,,,,0.18560433666780254,0.003307016927571465,0.03508988155984612,0.004498196431117806,0.7659062082791217,0.005594360134540399
MK-ISic000284-b,,,,,,,,,,,,,,,,,,,,,0.4828218588537191,0.0017230096634212896,0.013933861870247841,0.0017465666430653466,0.4968822639468826,0.0028924390226637885
MK-ISic000284-c,,,,,,,,,,,,,,,,,,,,,0.0628560411026187,0.0016629526609782137,0.018131344213463133,0.003982402531013123,0.9110438372797435,0.002323422212183428
MK-ISic000284-d,,,,,,,,,,,,,,,,,,,,,0.8475340380999087,0.0029586243380711834,0.07300160673696332,0.0010789655734067206,0.07129636780794042,0.004130397443709662
MK-ISic000284-e,,,,,,,,,,,,,,,,,,,,,0.6852822365670682,0.008073434914147054,0.21070972589214518,0.001804370855620675,0.08014553597745601,0.01398469579356279
MK-ISic000284-f,,,,,,,,,,,,,,,,,,,,,0.8377561199147354,0.002779712400935998,0.10410091712217608,0.0009146709974247095,0.049169525810150085,0.0052790537545777064
MK-ISic000284-g,,,,,,,,,,,,,,,,,,,,,0.5362980755663989,0.0034221223789710205,0.3315734696904825,0.0015529839426552036,0.12382083368309783,0.0033325147383944345
MK-ISic000284-h,,,,,,,,,,,,,,,,,,,,,0.5169197961814425,0.0035616893878613917,0.12019766739373128,0.002509562412271554,0.3554051545931691,0.001406130031524121
MK-ISic000284-i,,,,,,,,,,,,,,,,,,,,,0.6296550877273382,0.005459658461907193,0.14859549281000597,0.001705507557122651,0.21244132631265125,0.0021429271309745717
MK-ISic000284-j,,,,,,,,,,,,,,,,,,,,,0.19293423809142832,0.0013737370504646462,0.0041461116916109405,0.0026806544874033605,0.7981844745227126,0.0006807841563802044
MK-ISic000284-k,,,,,,,,,,,,,,,,,,,,,0.14692556257344266,0.0010329803712385963,0.006128586879917828,0.001657448642957835,0.8430022376402205,0.0012531838922225059
MK-ISic000284-l,,,,,,,,,,,,,,,,,,,,,0.22228440542191763,0.0012958482246714328,0.010156127296677454,0.00310056892763554,0.7623292292008619,0.000833820928236103
MK-ISic001039-a,,,,,,,,,,,,,,,,,,,,,0.8662720933231844,0.0003971851690104936,0.003510939295001439,6.452195103928126e-05,0.12877772354560926,0.0009775367161552362
MK-ISic001039-b,,,,,,,,,,,,,,,,,,,,,0.8533534418856931,0.00043541797600534535,0.004105983336794387,6.48816540318169e-05,0.14088485635358947,0.0011554187938859909
MK-ISic001039-c,,,,,,,,,,,,,,,,,,,,,0.8579661370372281,0.0002658486444146125,0.0024796339536915777,4.145606930347281e-05,0.13857102633090912,0.0006758979644532031
MK-ISic001764-6,,,,,,,,,,,,,,,,,,,,,0.8737684374724224,8.300835816265103e-05,0.0011528767855151561,5.7595582611105634e-05,0.12483058090806824,0.00010750089322046603
MK-ISic001794-a,,,,,,,,,,,,,,,,,,,,,0.8309887295018618,0.0001138304809959919,0.0006514661018760804,3.601040972482573e-05,0.16772586305429307,0.00048410045124850395
MK-ISic001794-b,,,,,,,,,,,,,,,,,,,,,0.8384945430874503,0.0002232453294749704,0.0010802543665801238,4.449461225730535e-05,0.15955856114210182,0.0005989014621353568
MK-ISic001794-c,,,,,,,,,,,,,,,,,,,,,0.8357074553873114,0.00014957018046577985,0.000810946104750131,0.00012201028798748411,0.1626494572155574,0.0005605608239278672
MK-ISic001794-d,,,,,,,,,,,,,,,,,,,,,0.8552611350333658,0.00013535544308832466,0.0012457675339889636,0.00015064500326733102,0.14276874998807756,0.00043834699821207826
MK-ISic001796-a,,,,,,,,,,,,,,,,,,,,,0.9262606096456026,0.00015031278961922555,0.0006443799146600637,3.180158259726649e-05,0.0729060095555941,6.886511926557714e-06
MK-ISic001796-b,,,,,,,,,,,,,,,,,,,,,0.8246486095775624,0.0003218349815952591,0.0027699562928252116,7.815072287518637e-05,0.17106212839428436,0.0011193200308575082
MK-ISic001796-c,,,,,,,,,,,,,,,,,,,,,0.8678058545170729,0.000247266344951359,0.0025170645189899407,5.732560322224659e-05,0.12857712325089748,0.0007953657648659012
MK-ISic001796-d,,,,,,,,,,,,,,,,,,,,,0.8606029220458369,0.0002953810073515299,0.00756722912846861,8.429946497275279e-05,0.13068367469054037,0.0007664936628298024
MK-ISic001796-e,,,,,,,,,,,,,,,,,,,,,0.8070788101605176,0.0002189398077148758,0.006397355975452323,6.684509789324371e-05,0.18572284786151116,0.0005152010969109464
MK-ISic001796-f,,,,,,,,,,,,,,,,,,,,,0.7959768982481664,0.00028740850730855813,0.0017670512942358698,8.271610216477454e-05,0.20118131522640903,0.0007046106217153923
MK-ISic001802-a,,,,,,,,,,,,,,,,,,,,,0.7833172632526786,0.00021212711365577533,0.0012580767475924473,0.00012827292949526512,0.21447505778639955,0.0006092021701782982
MK-ISic001802-b,,,,,,,,,,,,,,,,,,,,,0.8499198479382718,0.0001978034093357652,0.0018730658731386416,5.832317626544552e-05,0.14735123789887056,0.0005997217041177953
MK-ISic001802-c,,,,,,,,,,,,,,,,,,,,,0.888278542162566,0.00028813751538074003,0.0013424718233637524,2.070075342615555e-05,0.10946532983283463,0.000604817912428672
MK-ISic001803-a,,,,,,,,,,,,,,,,,,,,,0.8620392327695788,0.0002710277849424448,0.0012085829959064224,0.00016131932409162026,0.135948326200789,0.0003715109246915072
MK-ISic001803-b,,,,,,,,,,,,,,,,,,,,,0.8649664367599976,0.00016607311868287704,0.0015355429511387973,0.00014249409762410675,0.1327459256883275,0.0004435273842291377
MK-ISic001803-c,,,,,,,,,,,,,,,,,,,,,0.8804958284602538,0.00020564861089329472,0.0009737505469326251,7.868459798489227e-05,0.11799391587471639,0.0002521719092190764
MK-ISic001851-a,,,,,,,,,,,,,,,,,,,,,0.07899904182824588,0.0009875550612664732,0.008110694516641563,0.00031789635075585087,0.9090709307012067,0.002513881541883413
MK-ISic001851-b,,,,,,,,,,,,,,,,,,,,,0.1612699427084347,0.0011333964475799551,0.005665315160467596,0.0007404003713845251,0.8291426416998515,0.002048303612281697
MK-ISic001851-c,,,,,,,,,,,,,,,,,,,,,0.007933987125440243,0.0011178531102499453,0.007797937910103697,0.00039827154173748864,0.9796682914624858,0.0030836588499828558
MK-ISic001851-d,,,,,,,,,,,,,,,,,,,,,0.0014696784667447302,0.0009264686398315492,0.004621574343297507,0.00020376586312800636,0.9909359748734611,0.0018425378135372222
MK-ISic001852-a,,,,,,,,,,,,,,,,,,,,,0.1305634648329754,0.0013089679762740229,0.00755648976333629,0.000701169330895241,0.8568227787240145,0.0030471293725047484
MK-ISic001852-b,,,,,,,,,,,,,,,,,,,,,0.13325691221831665,0.0013457305584320385,0.008890251321913083,0.0004451822863140288,0.8519721925087319,0.0040897311062924055
MK-ISic001852-c,,,,,,,,,,,,,,,,,,,,,0.15270248655502977,0.0012816864262515787,0.007945924713223047,0.0001914569339082087,0.8343966627073185,0.0034817826642688644
MK-ISic001852-d,,,,,,,,,,,,,,,,,,,,,0.001054100263980271,0.0012247087190875269,0.0064389738219589,0.0007042351798616075,0.9886263461626167,0.001951635852495112
MK-ISic001852-e,,,,,,,,,,,,,,,,,,,,,0.08566359054179846,0.0014208210876482654,0.010438927432888314,0.0006506354233211307,0.897939163614953,0.003886861899390772
MK-ISic001852-f,,,,,,,,,,,,,,,,,,,,,0.2932699664091252,0.0009241799856038665,0.006313476534775873,0.0004342322677809487,0.6972469070916278,0.0018112377110861963
MK-ISic001853-a,,,,,,,,,,,,,,,,,,,,,0.14220592960942952,0.0013575522257750613,0.00960616199642828,0.0002179565809798954,0.8424328187898946,0.004179580797492649
MK-ISic001853-b,,,,,,,,,,,,,,,,,,,,,0.09787152741815464,0.0010106633363187924,0.008440663336011662,0.0005087419385723899,0.8899413742628387,0.0022270297081038288
MK-ISic001853-c,,,,,,,,,,,,,,,,,,,,,0.0010552181685045475,0.0013573361000016753,0.006526901884166601,0.0004194007830416541,0.9885925923739588,0.002048550690326908
MK-ISic001903-1,,,,,,,,,,,,,,,,,,,,,0.12777275229990284,0.0006224212866383627,0.00399226959200375,0.00012401236901327936,0.8660546385334624,0.0014339059189792062
MK-ISic001903-2,,,,,,,,,,,,,,,,,,,,,0.1559648952025048,0.0008540544519319074,0.0027101742004554015,0.00033149133823384236,0.8388880857912744,0.0012512990155997819
MK-ISic001903-3,,,,,,,,,,,,,,,,,,,,,0.248866767510795,0.00032798950098397733,0.0020870516725443543,0.00020198037791731448,0.7474545414672606,0.0010616694704987375
MK-ISic001907-a,,,,,,,,,,,,,,,,,,,,,0.05073197174593958,0.0006738912451310532,0.001323494162128258,0.00022013880165061686,0.946532712606852,0.000517791438298456
MK-ISic001907-b,,,,,,,,,,,,,,,,,,,,,0.03328952638027207,0.0009509198017151367,0.0010288954376558275,0.0002478432732805774,0.9642918657113302,0.00019094939574610845
MK-ISic001907-c,,,,,,,,,,,,,,,,,,,,,0.14078385479025135,0.0016287330962021153,0.0012298352881907266,0.0005726897984121481,0.8551208444770378,0.0006640425499057028
MK-ISic001907-d,,,,,,,,,,,,,,,,,,,,,0.1141055191944135,0.0005679680469148875,0.001215670875836752,0.00041814922455035095,0.8830648674151365,0.0006278252431480767
MK-ISic001908-a,,,,,,,,,,,,,,,,,,,,,0.051855502863011556,0.002190773636292874,0.009856137572539144,0.0015153119100082939,0.9298789382812617,0.004703335736886375
MK-ISic001908-b,,,,,,,,,,,,,,,,,,,,,0.2611651315545245,0.0011292580829238236,0.008642450002213142,0.001067623827603685,0.7245294642380166,0.003466072294718346
MK-ISic001908-c,,,,,,,,,,,,,,,,,,,,,0.04335408732390404,0.000810867487862913,0.004613000242544644,0.001114259074280514,0.9483044574920108,0.0018033283793970258
MK-ISic001909-a,,,,,,,,,,,,,,,,,,,,,0.2620966812878598,0.0004910525429187557,0.0008139953114065438,2.1771427427129534e-07,0.7360544294234452,0.0005436237200953905
MK-ISic001909-b,,,,,,,,,,,,,,,,,,,,,0.14705683574987302,0.0003236284370271919,0.0009376714929217791,0.00014184520280055655,0.8507133251374044,0.0008266939799729246
MK-ISic001909-c,,,,,,,,,,,,,,,,,,,,,0.21169282537338804,0.00042039113569529793,0.0003094420250147955,0.00015992744900069703,0.7867858396667522,0.0006315743501490317
MK-ISic001915-a,,,,,,,,,,,,,,,,,,,,,0.16061161407133648,0.000825677968198247,0.004474640191853448,0.00025437794049301243,0.832499715916368,0.0013339739117509332
MK-ISic001915-b,,,,,,,,,,,,,,,,,,,,,0.16937919221249872,0.0006754247881708963,0.005622149891522061,0.00064743619328796,0.8226983348444104,0.0009774620701099468
MK-ISic001915-c,,,,,,,,,,,,,,,,,,,,,0.0011908025531644237,0.0009846192873523188,0.005163441050705071,0.00017778999572867115,0.9913622342955519,0.0011211128174975378
MK-ISic001915-d,,,,,,,,,,,,,,,,,,,,,0.07683187334314183,0.000960316053294474,0.00588708092990452,0.00040705441741144087,0.9148368056811624,0.0010768695750852373
MK-ISic001915-e,,,,,,,,,,,,,,,,,,,,,0.10482282553186706,0.0006744704142737169,0.0031507605058434143,4.8135694430633845e-06,0.89051455358476,0.0008325763938128138
MK-ISic001915-f,,,,,,,,,,,,,,,,,,,,,0.09910539457899174,0.000963804521894395,0.009906415815563521,0.00025097820972886,0.8884791879950458,0.001294218878775771
MK-ISic001915-g,,,,,,,,,,,,,,,,,,,,,0.0019791720302547887,0.001062337800482909,0.007581736494696186,0.00015573386115239887,0.9877245721175572,0.0014964476958565466
MK-ISic001919-a,,,,,,,,,,,,,,,,,,,,,0.8383717437781238,0.0002845188395562955,0.0036113914221377187,0.00027457416161479135,0.15567363922962002,0.001784132568947276
MK-ISic001919-b,,,,,,,,,,,,,,,,,,,,,0.8327649067294993,0.0002621229784453001,0.003958653239798937,0.00023251705422883142,0.161150402888928,0.0016313971090995158
MK-ISic001919-c,,,,,,,,,,,,,,,,,,,,,0.8496676775863996,0.00029568100291764925,0.004289752260255472,0.0002600188995185477,0.1433686990279794,0.0021181712229292687
MK-ISic001919-d,,,,,,,,,,,,,,,,,,,,,0.7823897383055917,0.000298006594766334,0.0023562241696925335,0.00017282548525714587,0.21417651256475723,0.0006066928799349522
MK-ISic001919-e,,,,,,,,,,,,,,,,,,,,,0.8109230193065232,0.0001759697316416241,0.0015385194382830595,0.00022143393053766859,0.18681600924915553,0.0003250483438587698
MK-ISic001920-a,,,,,,,,,,,,,,,,,,,,,0.8194209691724881,0.00022126920449835267,0.0016292971833896243,0.00016311935394711224,0.17819556099504827,0.00036978409062842914
MK-ISic001920-b,,,,,,,,,,,,,,,,,,,,,0.8023148950228282,0.00019394910253636222,0.0008445985042661374,0.0001036350867560465,0.19619524468224175,0.0003476776013715218
MK-ISic001920-c,,,,,,,,,,,,,,,,,,,,,0.8179851582867184,0.00023983948077022224,0.002269589156373089,0.00017229699561163638,0.1787363932564115,0.0005967228241151837
MK-ISic001920-d,,,,,,,,,,,,,,,,,,,,,0.7670894728840553,0.00023356163504863065,0.001516732434541524,9.834791369071655e-06,0.23028640357538963,0.0008639946795958785
MK-ISic001920-e,,,,,,,,,,,,,,,,,,,,,0.7670894728840553,0.00023356163504863065,0.001516732434541524,9.834791369071655e-06,0.23028640357538963,0.0008639946795958785
MK-ISic001920-f,,,,,,,,,,,,,,,,,,,,,0.8407420109891337,0.00016739250839964436,0.0018197325716504378,9.90101307258093e-05,0.15674602570244747,0.000425828097642959
MK-ISic001921-a,,,,,,,,,,,,,,,,,,,,,0.8350020323704271,0.0004271518513843418,0.00204803800846017,3.262828626257287e-05,0.16169851549751518,0.0007916339859504829
MK-ISic001921-b,,,,,,,,,,,,,,,,,,,,,0.8677271382197239,0.00035376286914423096,0.003729431094160252,3.199731802840886e-05,0.12770665389714772,0.0004510166017954765
MK-ISic001921-c,,,,,,,,,,,,,,,,,,,,,0.7924003027546282,0.0002866028729932122,0.0011434543817712911,2.2941870294718252e-05,0.20536681119156672,0.0007798869287458191
MK-ISic001921-d,,,,,,,,,,,,,,,,,,,,,0.7805861022415191,0.0001798585788295568,0.0008631003160086485,6.55864465335259e-05,0.21802304506299336,0.00028230735411584925
MK-ISic001921-e,,,,,,,,,,,,,,,,,,,,,0.7984984050595162,0.0001392654000456174,0.0009092817109196236,4.260560413495548e-05,0.20007067023859051,0.0003397719867930659
MK-ISic001921-f,,,,,,,,,,,,,,,,,,,,,0.7582059365958813,0.00018993801464162598,0.0010270290655866082,0.00010258793738272485,0.24011273502866848,0.00036177335783897955
MK-ISic001923-a,,,,,,,,,,,,,,,,,,,,,0.7920690482737038,0.00020165181185541757,0.000581279112635127,0.00019347939013334678,0.20660002389717186,0.00035451751450036434
MK-ISic001923-b,,,,,,,,,,,,,,,,,,,,,0.7891239502518196,0.00016271872496290962,0.0003435575247165221,0.00023175057685029143,0.2099584168207501,0.0001796061009006776
MK-ISic001923-c,,,,,,,,,,,,,,,,,,,,,0.809525870233129,0.00022220641355586638,0.00035875086104857393,7.058959862928722e-08,0.18976810442929679,0.00012499747337102056
MK-ISic004487-a,,,,,,,,,,,,,,,,,,,,,4.8317066309016714e-05,0.0008037494768554587,0.004777309975964389,0.000592549537870397,0.9830488330850361,0.010729240857964657
MK-ISic004487-b,,,,,,,,,,,,,,,,,,,,,0.2538592061846407,0.0007571058896705907,0.005094606305194816,0.00045823174589906335,0.7300087087805911,0.009822141094003721
MK-ISic004487-c,,,,,,,,,,,,,,,,,,,,,0.4114380146621489,0.0008999312603908453,0.00757055537075049,0.00038008233417662497,0.5737649487867073,0.005946467585825891
MK-ISic004488-a,,,,,,,,,,,,,,,,,,,,,0.801506331151886,0.0052250964817145895,0.08432898122820472,0.001217693955528247,0.09874192292856178,0.008979974254104734
MK-ISic004488-b,,,,,,,,,,,,,,,,,,,,,0.8410257004989441,0.003785225253384349,0.05839191496098944,0.0007121097604277049,0.08715514152030407,0.008929908005950364
MK-ISic004488-c,,,,,,,,,,,,,,,,,,,,,0.7712604231830753,0.005157070274449651,0.09020913797328022,0.0012512314096100807,0.12276742738306891,0.0093547097765159
ISic000613,34.28378907,7.54662031,0.5860362589120001,58.45687,1.86366992,28.50671544,88.46000000000001,266.7694016573122,6.608819830000001,1.2240045,0.0143834294,5.477,45.4812667,7.24474042,161.105931,0.097725188,13.59,8.035029770000001,32.84124429,11.61826547,,,,,,
ISic000662,3.017928216,10.3651632,53.28114566,64.68909500000001,0.00023805777585029998,26.2901891,129.4,89.91957500459887,8.86591638,0.9193931999999999,0.012575254400000001,4.738,57.7384835,12.809506299999999,127.25938230000001,0.032967846800000006,1.397,10.53031931,21.55514754,8.62693012,,,,,,
ISic000662,0.5754612090000001,4.347610120000001,34.634116660000004,56.07602,0.36370084729999996,28.307923839999997,71.77,879.4659399146758,10.4165777,1.9610909999999997,0.0094820697,9.55,55.9595418,19.3760259,103.7501391,0.09300434400000002,5.084,14.3028713,29.06883402,19.4335511,,,,,,
ISic000662,4.921257084,8.705503140000001,26.915217700000003,57.78463000000001,1.5046403924999998,22.58272576,72.53999999999999,999.2427466372764,9.65667139,2.250558,0.006912050300000001,2.6879999999999997,40.7305669,18.621115800000002,102.68390129999999,0.130362204,9.524999999999999,16.585900799999997,34.475782439999996,25.4837463,,,,,,
ISic000662,8.6656467,5.8715359,34.50726846,71.73361,1.0745952728000001,42.71037526,131.29999999999998,356.14339556282334,10.22737234,1.6904105999999999,0.0058777742,21.36,37.5531508,16.092766100000002,113.5803315,0.06401018400000001,28.35,6.99470876,28.6952253,13.450880399999999,,,,,,
ISic000662,2.944763175,9.16103561,44.82753835999999,47.617000000000004,1.1223588425,32.77079526,69.6,1464.9963433542473,8.23968777,2.2946489999999997,0.0124450658,12.75,21.388431999999998,29.189857200000002,93.29580750000001,0.128726636,25.93,28.704468199999997,33.417224399999995,29.940363299999998,,,,,,
ISic000786,9.12746859,5.93734646,76.3303783,112.978335,0.033728028768,21.77761978,52.18,48.1314609572539,10.694215999999999,1.4126372999999999,0.0114107897,8.187,53.0494811,8.24529587,169.947903,0.027897586,2.273,7.55374247,16.59445398,11.01054497,,,,,,
ISic000786,17.27421429,12.8124934,61.144757659999996,63.33061000000001,0.00151565876112,20.6246285,54.76,51.234830174480756,5.74608452,1.0071918,0.0052846928,7.5120000000000005,40.1650074,5.48927487,117.36417540000001,0.044940948,3.651,8.458315780000001,12.67156242,5.424918330000001,,,,,,
ISic001246,60.9708675,7.8972672,128.8925635,110.55547000000001,1.0243922324999999,28.25822594,66.19,182.33403057802116,4.71676623,1.6248491999999997,0.0144726327,5.899,130.490001,5.90866937,340.02583500000003,0.090402304,5.226,13.8339247,69.0657231,15.530635,,,,,,
ISic001247,126.92318459999998,6.821675860000001,46.00682696,102.99277000000002,0.2692299477,29.61000882,75.44,125.63422919822617,4.1954232000000005,1.5880427999999998,0.014176092,3.737,70.16022670000001,7.516747710000001,300.497019,0.10724122000000001,6.7379999999999995,8.26209865,118.72454880000001,14.301689099999999,,,,,,
ISic001247,88.732071,4.344525249999999,74.7850152,105.19155500000001,0.26631499999999997,48.03799014,75.76,124.72990682334752,5.32859878,1.5403095,0.0175224212,0.09067,114.34584799999999,8.51730316,336.77511,0.07720624400000001,55.54,10.74628156,47.45349645,9.62224125,,,,,,
ISic001247,7.15045578,9.82633924,24.8182785,118.888445,0.3345648152,28.854600740000002,72.66,96.20848802976244,8.7301821,1.7268336,0.0096146692,0.1865,41.8925346,9.70958181,461.21286299999997,0.082744872,22.72,7.66851098,93.2983998,14.261174400000002,,,,,,
ISic001248,2.797395291,9.4397022,318.13511270000004,94.64579,0.2784383637,50.17499984,74.66,308.1790060120205,7.506517,1.5930269999999997,0.019622315100000003,2.669,78.458527,6.71869989,262.39852199999996,0.104118772,7.572,8.19916108,81.0004461,11.24823121,,,,,,
ISic001249,0.1268712945,12.3908945,474.45218310000007,97.1947,0.47841498320000003,28.03955518,64.64,48.448811251191735,9.181601409999999,1.4300819999999999,0.0113746262,1.646,31.8564242,9.53223785,309.46902,0.025050210800000004,0.9092,9.29624931,28.98580986,14.9634292,,,,,,
ISic001250,66.8863389,4.30545023,76.6667468,96.900595,0.028994042427,18.2391293,61.04,164.12836061744292,7.98878501,1.4904674999999998,0.013693911999999999,6.42,129.050395,5.677403259999999,387.48642,0.042153048000000005,3.552,9.04079682,102.1716069,13.5319098,,,,,,
ISic001251,14.30610057,7.472583429999999,46.077777180000005,47.939115,0.14936983250000002,20.00837454,53.76,370.90131182335097,3.47973336,1.3451589,0.025531431,6.736000000000001,79.9186988,8.185382370000001,249.395622,0.11790958400000001,14.35,9.53319075,90.7557849,7.54788861,,,,,,
ISic001254,11.701217549999999,9.58057793,104.48046700000002,78.03586000000001,1.05725732,39.64898462,108.8,1285.4296223803776,8.04842583,2.212218,0.024808161,12.61,52.3810926,11.57408993,222.34958999999998,0.26875356,14.08,10.27116461,101.8602663,13.6264441,,,,,,
ISic001255,0.27470618939999997,7.46949856,127.6729206,69.674875,0.5565663432,30.0672295,66.14999999999999,132.21591435372733,9.39342915,1.1634273,0.013373262300000001,0.4735,29.254850499999996,6.23340054,232.75190999999998,0.053044444,1.03,8.47435869,28.072544100000002,10.21240538,,,,,,
ISic001255,0.1136912091,8.16359431,103.71385830000001,66.42571500000001,0.0812646933,26.96608054,70.16000000000001,150.23092880552474,8.55023135,1.2723129,0.014004918100000001,0.0070880000000000006,45.2653258,7.6257902799999995,251.60611500000002,0.078730296,3.362,9.78864324,37.71891369,15.003943900000001,,,,,,
ISic001256,2.226604191,8.06076531,42.7830623,88.805705,0.00417142104183,43.05826056,70.67999999999999,140.37754517568928,7.79957965,1.3300146,0.029557634,7.947,32.3088718,6.58329538,119.7957177,0.038733224000000004,0.6315000000000001,8.997604370000001,44.17923114,9.68166281,,,,,,
ISic001256,0.4620294504,2.62933753,17.2385771,9.4603775,0.038251552227,7.7528724,88.75,21.15576536274481,3.76559798,0.23234039999999997,0.005424525,1.5939999999999999,10.3034658,3.02443348,24.6404955,0.026024117200000002,3.095,3.7231891900000003,10.62190347,4.8050434200000005,,,,,,
ISic001256,0.4278338745,13.049000099999999,41.0199328,53.078950000000006,0.0062280848437500005,29.97777328,65.07,665.0893608521837,12.750796000000001,1.2999177,0.0151693828,0.474,22.8588867,13.516485600000001,201.54495,0.155527648,0.884,14.3028713,25.67522148,79.5033463,,,,,,
ISic001256,0.4020444948,10.755913399999999,22.840211179999997,44.64794,0.7036970325,23.96432738,62.34,802.8466566646184,7.43350841,1.274805,0.0216908673,4.805,24.2882098,9.972002940000001,225.34025699999998,0.10300361200000001,17.31,16.450153099999998,23.630751540000002,22.4991634,,,,,,
ISic001258,42.64328418,8.70653143,53.92662368,44.535900000000005,0.4791916437,25.912485059999998,58.55,477.5662897533328,6.5604902,1.2387654,0.014436469200000001,1.545,54.910686,6.63721753,205.575849,0.115902296,8.275,8.14856421,67.1457894,9.69921918,,,,,,
ISic001259,108.96921,5.64428381,92.78267570000001,113.46851000000001,0.4916229717,47.10366962,60.13,204.5356897863618,4.92139594,2.561112,0.0085731604,8.126,158.048173,6.92480233,175.409121,0.20842340400000003,14.81,6.38137597,86.1894561,17.7319337,,,,,,
ISic001259,33.37052331,10.8278937,124.0243959,111.50781,0.019394162592,31.528347760000003,54.11,198.29479504761775,4.35789302,2.967516,0.0174934904,3.78,100.258275,7.46402383,211.817241,0.140101268,1.497,8.00541209,271.2295527,15.4631105,,,,,,
ISic001259,60.192516,6.73632779,144.5401867,106.43800000000002,0.34072699920000005,37.34300206,65.32000000000001,246.6932605811799,7.19391684,2.08953,0.011227561300000001,4.781,105.502554,8.8312499,179.44002,0.096684372,5.613,6.752831039999999,132.2159748,17.2727671,,,,,,
ISic001260,0.1275458658,6.557405329999999,398.85150030000005,79.68845,0.004926406951830001,20.71408472,39.77,212.99482749677315,4.1090468399999995,1.4808824999999999,0.017401876200000003,3.412,38.7356843,10.442923050000001,120.7579323,0.11709180000000001,0.1536,6.72691557,250.8367434,15.4766154,,,,,,
ISic001260,8.660457690000001,10.2623342,284.5657612,109.11295500000001,0.3550627353,45.075995299999995,81.08,608.2781004008435,4.91316962,2.656962,0.0128356316,4.731,89.8211315,16.7877627,189.58228200000002,0.159988288,2.2129999999999996,7.95851743,314.50589610000003,23.3769819,,,,,,
ISic001260,4.785823923,10.1080907,106.0158624,90.73839500000001,0.3125533257,29.55037134,33.519999999999996,190.36481131759047,8.26231015,1.7224244999999998,0.0124089023,2.044,29.861541600000002,8.91632707,150.313524,0.07137024,6.255,10.33286811,144.7214889,16.8541152,,,,,,
ISic001262,0.39545445209999996,7.224765539999999,30.1205014,100.962045,0.025501149408,48.425633760000004,45.559999999999995,106.80420807263006,7.540450570000001,1.8395531999999999,0.0138916058,2.569,25.4193288,6.576105760000001,309.078933,0.070143564,0.29069999999999996,9.361655019999999,165.89264970000002,11.96669189,,,,,,
ISic001262,3.926004966,11.1569465,33.968431360000004,85.50052500000001,0.5077970933,25.36580816,60.64,227.07740721257392,6.49262306,1.5123213,0.0084333282,0.34280000000000005,21.9951231,10.0534853,287.49411899999996,0.099137724,6.253,11.42131785,73.3207113,15.125487999999999,,,,,,
ISic001262,4.661287683,9.74510433,206.02380449999998,55.305745,0.5314634324999999,40.78209674,71.61999999999999,1783.4561849241109,5.08386576,1.4678468999999998,0.02555554,6.972,26.930915100000004,9.602935780000001,184.901238,0.22477908400000002,2.453,10.915349149999999,137.9238858,11.19826308,,,,,,
ISic001269,26.09553129,6.272569,52.480007300000004,54.675520000000006,0.5768622552,33.059043079999995,60.41,219.71328148520064,10.6016699,1.0407392999999998,0.0078667667,9.469000000000001,23.2702027,8.046383050000001,136.27039200000002,0.10229734400000001,4.825,11.97171307,15.899126639999999,17.988526800000002,,,,,,
ISic001269,4.647796257,7.00676806,49.12254726,76.789415,0.1862756553,15.515684380000001,486.2,48.00184731265678,6.60676325,1.0472571,0.0227468415,9.843,32.8127339,6.63961407,224.430054,0.042041532,7.151,5.3435231000000005,62.0605596,10.36501075,,,,,,
ISic001269,0.5671587929999999,8.01346397,12.89308356,80.26265500000001,0.35861,15.16779908,286.3,41.37635887332372,7.22270896,1.0528164,0.022141705600000002,0.03536,24.6275455,5.92903996,254.20669500000002,0.016705096800000003,0.7278,9.502339000000001,30.69299415,13.348243159999999,,,,,,
ISic001269,1.8384662429999998,4.03500996,74.6507858,61.916105,0.028948675392,19.76982462,149.70000000000002,193.41694655307688,7.22270896,1.1340972,0.0177225259,1.0150000000000001,51.722986999999996,9.683219869999999,144.59224799999998,0.05077695200000001,24.669999999999998,10.72653644,38.90200797,13.8425225,,,,,,
ISic001269,1.8384662429999998,4.03500996,74.6507858,61.916105,0.028948675392,19.76982462,149.70000000000002,193.41694655307688,7.22270896,1.1340972,0.0177225259,1.0150000000000001,51.722986999999996,9.683219869999999,144.59224799999998,0.05077695200000001,24.669999999999998,10.72653644,38.90200797,13.8425225,,,,,,
ISic001833,11.1044814,7.73582567,279.4650815,27.911965000000002,2.44419098,35.285509000000005,73.78,2652.824537406528,5.8972431499999995,2.095281,0.034017798999999994,3.745,50.910637900000005,17.8901711,171.508251,0.30990296400000006,4.987,12.278996500000002,286.2776817,19.8657079,,,,,,
ISic001833,12.137094390000001,7.74919344,157.0523057,54.12932500000001,0.00415028194007,48.03799014,61.83,821.6750916362188,11.2906242,1.7755253999999998,0.027894112999999998,1.408,37.686828500000004,11.12354041,210.907038,0.16452327200000003,1.243,14.6730923,205.2253455,13.774998,,,,,,
ISic001833,15.73307832,11.5888283,69.36792150000001,56.94433000000001,1.1694387033,45.543155559999995,68.72000000000001,92.47702825257917,11.547696700000001,0.9078911999999999,0.0082525107,7.984,26.529881999999997,8.23930452,128.0915679,0.08300507600000001,10.39,9.57514913,47.28225912,8.697155599999999,,,,,,
ISic001834,5.54705169,6.78979887,19.33578026,87.93739500000001,0.2419413017,34.26173226,53.059999999999995,108.93535017680114,6.637611949999999,1.2303306,0.0082886742,0.8914,14.9821853,7.5910404499999995,191.14263,0.09779953200000001,23.99,11.06590569,63.357812100000004,14.720341000000001,,,,,,
ISic001834,2.7237113490000002,6.34969075,117.76559830000001,102.37655000000001,0.018003782048,33.536142919999996,70.52,825.2616884171155,14.1287046,2.1336209999999998,0.017257222200000002,4.657,31.2188844,8.94987863,138.870972,0.22857062800000003,0.09577000000000001,7.566083169999999,130.08848070000002,12.475826620000001,,,,,,
ISic001834,5.67677694,8.29418714,21.1477483,85.80863500000001,0.5896764608,25.25647278,54.5,58.15630535888607,8.41346878,1.2312891,0.0059332249,2.554,18.0773382,6.81336322,163.44645300000002,0.043639928,2.276,9.18024673,47.987964479999995,8.948346740000002,,,,,,
ISic001835,4.359287301,14.3754942,25.4185041,103.090805,0.098765793203,20.94269506,64.08,92.82889576532042,10.2623342,1.3840739999999998,0.0129899292,6.464,19.3627007,6.33285695,189.712311,0.0687682,1.896,7.56238096,71.6602281,13.774998,,,,,,
ISic001835,12.94139094,9.52299369,41.34657046,86.284805,0.1910091848,9.530069304,63.11,513.449619459612,4.55635299,1.6378848,0.0160180196,3.183,21.5735242,6.27414172,384.88584,0.114824308,8.005999999999998,10.088522249999999,84.6327531,14.9094096,,,,,,
ISic001835,0.9158602650000001,12.1441049,49.15494105999999,85.79463000000001,0.045546288683,27.5326366,58.25,60.95789254071231,7.579525589999999,1.123362,0.009580916600000001,0.8786,14.7662444,6.98831064,189.712311,0.016255315600000004,4.35,9.61093716,55.885637700000004,8.262297819999999,,,,,,
ISic002985,3.5700388800000002,14.8587905,26.08815718,65.44536500000001,0.6164290517000001,36.9255397,231.9,352.07623050498734,10.4165777,1.6392266999999998,0.006793916200000001,5.085,48.082840399999995,12.893385199999999,134.31995700000002,0.11002912000000001,11.17,10.46367953,64.1361636,15.3550713,,,,,,
ISic002986,0.3810808944,7.564101239999999,0.34234606221200004,56.74826,0.035694624308,26.49892028,61.15,700.0951366231016,7.066408880000001,1.6139222999999998,0.0067601636,4.203,39.8873691,14.187516800000001,116.1288999,0.155341788,0.6733,8.21520399,24.1288965,20.1628157,,,,,,
ISic002987,18.187480049999998,9.62993585,7.68876936,58.65294000000001,0.014764050712319999,449.5672034,55.099999999999994,76.86839778797528,7.50137555,0.8051399999999999,0.0038502073000000006,3.574,12.3703287,9.25543748,195.433587,0.044532056,7.983,9.07164857,21.549958529999998,10.35285634,,,,,,
ISic003081,6.69901191,5.4190883,13.433099960000002,57.546545,0.15622628,30.23620236,170.2,306.2786325303355,10.385729,1.2864986999999999,0.011256492100000001,5.368,58.201214,12.4500253,165.656946,0.073526216,26.5,11.08318267,56.560209,14.7473508,,,,,,
ISic003082,7.24385796,3.87562501,14.02273868,51.384345,2.8771521800000004,27.36366374,67.23,2686.311903426157,9.65050165,3.860838,0.0117314394,16.68,29.676449400000003,41.1965226,101.1885678,0.208980984,24.48,27.4086947,46.31191425,36.8278623,,,,,,
ISic003082,3.333420024,9.34304294,53.95923918,53.26101500000001,2.733612,39.30109932,76.88,3758.8126731843977,7.653562470000001,5.116472999999999,0.021755961600000002,18.11,39.332092499999995,44.8512461,102.0077505,0.29343576800000004,0.2368,17.9186964,59.154714000000006,42.0812684,,,,,,
ISic003407,16.049607929999997,6.41961447,57.995505099999995,45.92239500000001,0.09067320570000001,40.23541984,44.28,33.799333583263575,6.672573809999999,0.5912027999999999,0.0035512557,3.148,66.9828106,4.0813076200000005,93.5688684,0.0265816972,17.45,6.92683491,12.51589212,6.9320651699999996,,,,,,
ISic003412,78.5616114,5.83246088,75.72529300000001,105.65372,0.33564303570000004,38.327020479999995,67.58999999999999,67.49033603998478,4.86998144,1.4739813,0.010675465200000001,1.843,127.09664399999998,8.59519071,170.207961,0.034997438,2.328,10.71789795,57.442340699999995,12.14900804,,,,,,
ISic003412,78.5616114,10.048449880000001,56.4293142,105.63971500000001,0.00743623164375,35.52405892,66.39,93.14419100081687,3.20929309,1.4709141,0.0070928678,1.786,120.82407500000001,5.66901537,175.66917899999999,0.059586716000000005,42.61,9.3665913,48.70923687,15.3010517,,,,,,
t0-0CC-1,95.7891246,6.101872859999999,150.1859576,0.6935276,8.08661658,69.23911428,114.5,12138.190570606528,6.0566281,6.8628599999999995,0.031992643,10.11,50.3656442,405.973876,13.7050566,0.167348344,11.17,160.058879,79.08051239999999,338.027647,,,,,,
t0-0CC-2,48.735181919999995,6.831958759999999,154.8316847,0.6596355,7.7094399199999994,48.5548483,108.8,12262.1166100022,6.4628026499999995,7.232841,0.029485307,9.183,59.764214800000005,415.560036,22.742072099999998,0.15865009600000002,9.359,164.995159,76.4341173,356.124213,,,,,,
t0-0CC-3,70.8299865,3.54040247,200.19257700000003,0.7113139500000001,12.11187362,23.43752964,111.0,12014.939057701251,7.60626113,6.952958999999999,0.038333309999999995,8.246,50.2628152,420.832424,16.6567149,0.15017488,24.2,160.058879,77.73136980000001,348.83156699999995,,,,,,
t0-10CC-1,65.0701854,5.531171909999999,181.91163039999998,6.3176555,8.14208108,57.73902022,101.8,9097.744347407515,3.4684221699999997,6.684578999999999,0.027219061000000003,6.42,60.278359800000004,359.840481,138.610914,0.129024012,1.048,148.33521399999998,68.0279211,317.905346,,,,,,
t0-10CC-2,85.20354420000001,5.02319665,138.3491522,6.316255000000001,7.635797820000001,48.1075672,134.6,9009.670832963751,0.322471744,6.931871999999999,0.027821786,0.3699,45.3373061,361.398232,143.291958,0.12538115600000002,29.669999999999998,145.743667,82.03824809999999,311.017847,,,,,,
t0-10CC-3,64.5512844,6.69622448,132.850347,6.349867000000001,6.245090879999999,49.33013554,109.3,8904.583252337514,4.25506402,6.813018,0.026857426,4.172,50.0365914,370.26543,144.852306,0.105903028,39.75,157.220518,74.0471727,334.111226,,,,,,
t0-20CC-1,42.285242489999995,7.983643559999999,63.725647,11.6591625,4.823122499999999,65.51177178,96.18,6407.35360058583,6.1419761699999995,6.826437,0.022481642500000003,6.071,40.9670736,304.600234,236.392722,0.12214719200000002,15.83,127.97305899999999,63.098361600000004,265.641383,,,,,,
t0-20CC-2,64.7069547,3.36662146,64.51957540000001,11.8048145,6.13692618,37.93937686,88.78999999999999,6143.254114138726,3.53423273,6.673077,0.026278810000000003,2.71,45.8000366,316.103626,237.172896,0.13831701200000002,0.8456,128.219873,67.7684706,272.79898000000003,,,,,,
t0-20CC-3,54.9516159,2.89874951,152.6164637,11.5695305,6.70017138,51.79515138,80.95,6785.726644299895,1.50644485,6.462206999999999,0.025507322,0.6675,36.3397686,321.25618699999995,234.0522,0.08609035200000001,7.102,121.926116,62.4756804,273.204127,,,,,,
t0-30CC-1,42.48761388,4.8329629999999995,142.42307939999998,17.058090000000004,3.65617518,56.71524348,87.38,4921.4218008171,4.02781193,6.552306,0.024784052,4.676,37.1932493,272.36677099999997,305.308092,0.07854443600000001,25.740000000000002,115.385545,59.9330655,239.71197500000002,,,,,,
t0-30CC-2,23.594428469999997,1.8365259399999998,78.6881078,16.86202,4.10190522,61.426604399999995,85.53999999999999,4857.76040483238,7.021164120000001,6.485211,0.0184313305,6.977,34.1803596,267.21421000000004,294.125598,0.093041516,7.456,103.8346498,52.201440600000005,237.956338,,,,,,
t0-30CC-3,38.362350930000005,6.90908051,165.24078269999998,16.91804,2.54945502,30.07716908,85.95,4722.979192420999,7.620657189999999,6.519716999999999,0.0170860483,13.370000000000001,39.7639743,267.813345,294.255627,0.095271836,3.089,109.9926591,53.706253499999995,243.628396,,,,,,
t0-40CC-1,38.134034490000005,8.68288076,239.7854547,26.035295000000005,3.77459348,26.17091414,88.85000000000001,2837.7642371403317,2.64476188,5.912027999999999,0.0190316446,5.3,33.676497499999996,211.37482799999998,397.88874,0.053564852,0.322,86.7180989,34.34605719,186.502669,,,,,,
t0-40CC-2,15.36465861,11.5271309,120.675848,25.783205000000002,2.42354462,44.429922600000005,86.11,2903.4287227007017,3.0838417099999997,5.90436,0.015135630200000002,6.2219999999999995,36.3911831,210.775693,400.619349,0.088543704,0.6169,86.3108558,41.60029317,189.878894,,,,,,
t0-40CC-3,0.8587811550000001,7.31011361,119.53894079999998,26.27338,1.2373656393,26.67783272,80.4,3021.1989787514776,2.32702027,5.917779,0.0165267195,3.8850000000000002,39.0544542,218.684275,420.513786,0.068805372,0.3713,92.802064,42.37864467,190.554139,,,,,,
t0-50CC-1,23.80717788,6.7023942199999995,136.17443120000001,34.84444,3.43371,29.282002679999998,89.85000000000001,1829.1436187373201,2.49977299,5.643648,0.0129200131,4.428,29.213718900000003,165.960395,487.60875,0.04497812,10.44,68.8857874,42.824899529999996,154.361007,,,,,,
t0-50CC-2,9.39729711,7.91886129,169.73782469999998,35.306605000000005,3.44631378,22.69206114,68.58,1956.2395673228634,0.909728163,5.570802,0.012881438700000001,5.571,32.185477,166.08022200000002,481.1073,0.043900132,22.71,70.9096622,45.014661749999995,160.70831,,,,,,
t0-50CC-3,57.4942308,8.169764050000001,52.935828400000005,35.278595,2.44246968,40.752278000000004,78.35,1999.3068328669822,0.679905348,5.542047,0.0112540812,8.347,25.6249868,164.043163,478.24666199999996,0.052263832,0.22249999999999998,71.8352147,46.26002415,153.28061499999998,,,,,,
t0-60CC-1,0.001061671446,6.77437452,47.265657260000005,61.131825000000006,1.2879855177,28.05943434,63.919999999999995,465.1134035828954,3.5547985300000002,4.117716,0.0068107925,0.1065,21.182774,84.0346751,608.275662,0.0350680648,0.9199999999999999,35.541216,18.19266906,75.897538,,,,,,
t0-60CC-2,0.2237501112,8.31783781,47.79569296,60.97777000000001,0.8217834932999999,48.34611712,72.53999999999999,482.27743628765523,7.27412346,4.121549999999999,0.0063937068,0.1625,19.5477929,82.440976,614.1269669999999,0.0252806772,23.98,32.3943375,18.96064254,85.29694839999999,,,,,,
t0-60CC-3,13.953247889999998,8.21089565,103.01757130000001,60.431575,0.7336180425000001,27.681730299999998,68.85000000000001,463.95415886936087,7.25664253,4.041036,0.0064901428,0.016800000000000002,28.401369799999998,83.9507962,610.746213,0.03561449320000001,2.097,38.428939799999995,17.51809776,79.543861,,,,,,
t0-70CC-1,0.2434683492,5.63091604,29.7425992,68.63850500000001,1.3937179368000001,20.88305758,60.49,334.3806193087187,9.0078204,3.7266479999999995,0.0067312328000000005,0.07721,19.671187699999997,68.3493208,646.7642460000001,0.029417920800000004,22.01,28.1984995,19.988066519999997,74.8036411,,,,,,
t0-70CC-2,8.5099764,10.5811041,80.91784189999998,69.12868,1.5122005017000002,36.61741272,72.28,323.25842570966165,6.28079532,3.7132289999999997,0.0083200159,1.723,17.995075,66.32424449999999,640.392825,0.032863765200000006,0.4133,27.2606063,26.54178615,71.1438132,,,,,,
t0-70CC-3,1.553070693,9.071574380000001,66.3090733,68.20435,1.5429644888,30.59402724,66.66,341.6729860804005,6.272569,3.655719,0.0060393045,4.758,20.9359844,72.9986084,641.433057,0.0348896392,11.219999999999999,26.4337794,19.85834127,70.67114169999999,,,,,,
t0-80CC-1,1.474197741,8.89779337,105.0384566,75.26287,0.9070425000000001,21.06197002,49.5,221.88352863979878,6.1286084,3.3144929999999997,0.004903770599999999,2.0370000000000004,21.645504499999998,56.31869,662.497755,0.024232426800000005,4.216,19.5600095,20.37724227,55.0864871,,,,,,
t0-80CC-2,6.60042072,5.54659626,132.56189619999998,74.49259500000001,2.0350941799999998,36.855962639999994,65.29,237.91295551671215,5.10134669,3.3835049999999995,0.0044963285,0.061130000000000004,16.5040545,57.3611849,657.686682,0.0169578664,10.309999999999999,23.5954184,19.72861602,60.4614373,,,,,,
t0-80CC-3,0.23563294410000002,9.27414751,12.3780468,75.15083,1.3358097332999999,38.87369738,57.54,232.0492737340301,7.506517,3.046113,0.00196657113,0.1733,22.6635116,56.2827419,664.0581030000001,0.0274069156,39.57,25.940151399999998,22.97693628,60.8665843,,,,,,
t0-90CC-1,0.4325039835,8.05253899,58.73063166,88.46958500000001,0.3576845552,28.48683628,56.13,85.50142544541285,6.95741014,2.3349059999999997,0.00188363617,0.6411,11.3831703,31.2029508,698.1257009999999,0.0211397164,24.150000000000002,14.9075656,15.07407405,33.802764700000004,,,,,,
t0-90CC-2,1.1607815369999999,10.0978078,95.6048574,87.71331500000001,0.15561670319999998,37.60143114,69.35000000000001,79.8968674988891,11.3523216,2.495934,0.0049592213,0.035800000000000005,19.7020364,31.2988124,688.633584,0.0052115144000000006,6.84,15.635666899999999,11.45214507,28.670902700000003,,,,,,
t0-90CC-3,3.30539937,9.91785705,110.85025769999999,87.97941,0.6978761888,28.814842419999998,73.73,83.21996970534485,3.20003848,2.315736,0.00030473776,3.702,14.8896392,32.712771000000004,700.85631,0.0147981732,20.020000000000003,14.5496853,15.78496842,30.6696279,,,,,,
t0-100CC-1,0.17533664789999998,11.0849662,42.147812959999996,100.69595000000001,0.9395372112,27.46305954,55.309999999999995,2.8895446004925804,7.447904469999999,1.3597280999999999,0.0028906691000000003,0.1829,17.0079166,7.03863798,717.630051,0.00873542,9.174000000000001,6.98236806,2.655216417,9.59523145,,,,,,
t0-100CC-2,0.19541811660000002,8.123491,36.53971966,102.99277000000002,0.2618668437,26.71759104,56.07,3.1920157182178976,5.8612530000000005,1.077354,0.0037079642,0.2555,12.2160852,7.6365747100000005,722.7011819999999,0.014248027600000001,22.02,6.22835129,7.22829093,11.799231129999999,,,,,,
t0-100CC-3,18.27569322,7.2011148700000005,121.6719018,101.88637500000002,0.2868838392,33.30753258,49.29,2.882807486780638,8.08750085,1.0365219,0.00115433892,0.8333,15.054165600000001,9.85457248,729.722748,0.0072634088,0.3049,9.58502169,4.321407528,11.48186598,,,,,,
t0-0CC-1,95.7891246,6.101872859999999,150.1859576,0.6935276,8.08661658,69.23911428,114.5,12138.190570606528,6.0566281,6.8628599999999995,0.031992643,10.11,50.3656442,405.973876,13.7050566,0.167348344,11.17,160.058879,79.08051239999999,338.027647,,,,,,
t0-0CC-2,48.735181919999995,6.831958759999999,154.8316847,0.6596355,7.7094399199999994,48.5548483,108.8,12262.1166100022,6.4628026499999995,7.232841,0.029485307,9.183,59.764214800000005,415.560036,22.742072099999998,0.15865009600000002,9.359,164.995159,76.4341173,356.124213,,,,,,
t0-0CC-3,70.8299865,3.54040247,200.19257700000003,0.7113139500000001,12.11187362,23.43752964,111.0,12014.939057701251,7.60626113,6.952958999999999,0.038333309999999995,8.246,50.2628152,420.832424,16.6567149,0.15017488,24.2,160.058879,77.73136980000001,348.83156699999995,,,,,,
t0-10CC-1,65.0701854,5.531171909999999,181.91163039999998,6.3176555,8.14208108,57.73902022,101.8,9097.744347407515,3.4684221699999997,6.684578999999999,0.027219061000000003,6.42,60.278359800000004,359.840481,138.610914,0.129024012,1.048,148.33521399999998,68.0279211,317.905346,,,,,,
t0-10CC-2,85.20354420000001,5.02319665,138.3491522,6.316255000000001,7.635797820000001,48.1075672,134.6,9009.670832963751,0.322471744,6.931871999999999,0.027821786,0.3699,45.3373061,361.398232,143.291958,0.12538115600000002,29.669999999999998,145.743667,82.03824809999999,311.017847,,,,,,
t0-10CC-3,64.5512844,6.69622448,132.850347,6.349867000000001,6.245090879999999,49.33013554,109.3,8904.583252337514,4.25506402,6.813018,0.026857426,4.172,50.0365914,370.26543,144.852306,0.105903028,39.75,157.220518,74.0471727,334.111226,,,,,,
t0-20CC-1,42.285242489999995,7.983643559999999,63.725647,11.6591625,4.823122499999999,65.51177178,96.18,6407.35360058583,6.1419761699999995,6.826437,0.022481642500000003,6.071,40.9670736,304.600234,236.392722,0.12214719200000002,15.83,127.97305899999999,63.098361600000004,265.641383,,,,,,
t0-20CC-2,64.7069547,3.36662146,64.51957540000001,11.8048145,6.13692618,37.93937686,88.78999999999999,6143.254114138726,3.53423273,6.673077,0.026278810000000003,2.71,45.8000366,316.103626,237.172896,0.13831701200000002,0.8456,128.219873,67.7684706,272.79898000000003,,,,,,
t0-20CC-3,54.9516159,2.89874951,152.6164637,11.5695305,6.70017138,51.79515138,80.95,6785.726644299895,1.50644485,6.462206999999999,0.025507322,0.6675,36.3397686,321.25618699999995,234.0522,0.08609035200000001,7.102,121.926116,62.4756804,273.204127,,,,,,
t0-30CC-1,42.48761388,4.8329629999999995,142.42307939999998,17.058090000000004,3.65617518,56.71524348,87.38,4921.4218008171,4.02781193,6.552306,0.024784052,4.676,37.1932493,272.36677099999997,305.308092,0.07854443600000001,25.740000000000002,115.385545,59.9330655,239.71197500000002,,,,,,
t0-30CC-2,23.594428469999997,1.8365259399999998,78.6881078,16.86202,4.10190522,61.426604399999995,85.53999999999999,4857.76040483238,7.021164120000001,6.485211,0.0184313305,6.977,34.1803596,267.21421000000004,294.125598,0.093041516,7.456,103.8346498,52.201440600000005,237.956338,,,,,,
t0-30CC-3,38.362350930000005,6.90908051,165.24078269999998,16.91804,2.54945502,30.07716908,85.95,4722.979192420999,7.620657189999999,6.519716999999999,0.0170860483,13.370000000000001,39.7639743,267.813345,294.255627,0.095271836,3.089,109.9926591,53.706253499999995,243.628396,,,,,,
t0-40CC-1,38.134034490000005,8.68288076,239.7854547,26.035295000000005,3.77459348,26.17091414,88.85000000000001,2837.7642371403317,2.64476188,5.912027999999999,0.0190316446,5.3,33.676497499999996,211.37482799999998,397.88874,0.053564852,0.322,86.7180989,34.34605719,186.502669,,,,,,
t0-40CC-2,15.36465861,11.5271309,120.675848,25.783205000000002,2.42354462,44.429922600000005,86.11,2903.4287227007017,3.0838417099999997,5.90436,0.015135630200000002,6.2219999999999995,36.3911831,210.775693,400.619349,0.088543704,0.6169,86.3108558,41.60029317,189.878894,,,,,,
t0-40CC-3,0.8587811550000001,7.31011361,119.53894079999998,26.27338,1.2373656393,26.67783272,80.4,3021.1989787514776,2.32702027,5.917779,0.0165267195,3.8850000000000002,39.0544542,218.684275,420.513786,0.068805372,0.3713,92.802064,42.37864467,190.554139,,,,,,
t0-50CC-1,23.80717788,6.7023942199999995,136.17443120000001,34.84444,3.43371,29.282002679999998,89.85000000000001,1829.1436187373201,2.49977299,5.643648,0.0129200131,4.428,29.213718900000003,165.960395,487.60875,0.04497812,10.44,68.8857874,42.824899529999996,154.361007,,,,,,
t0-50CC-2,9.39729711,7.91886129,169.73782469999998,35.306605000000005,3.44631378,22.69206114,68.58,1956.2395673228634,0.909728163,5.570802,0.012881438700000001,5.571,32.185477,166.08022200000002,481.1073,0.043900132,22.71,70.9096622,45.014661749999995,160.70831,,,,,,
t0-50CC-3,57.4942308,8.169764050000001,52.935828400000005,35.278595,2.44246968,40.752278000000004,78.35,1999.3068328669822,0.679905348,5.542047,0.0112540812,8.347,25.6249868,164.043163,478.24666199999996,0.052263832,0.22249999999999998,71.8352147,46.26002415,153.28061499999998,,,,,,
t0-60CC-1,0.001061671446,6.77437452,47.265657260000005,61.131825000000006,1.2879855177,28.05943434,63.919999999999995,465.1134035828954,3.5547985300000002,4.117716,0.0068107925,0.1065,21.182774,84.0346751,608.275662,0.0350680648,0.9199999999999999,35.541216,18.19266906,75.897538,,,,,,
t0-60CC-2,0.2237501112,8.31783781,47.79569296,60.97777000000001,0.8217834932999999,48.34611712,72.53999999999999,482.27743628765523,7.27412346,4.121549999999999,0.0063937068,0.1625,19.5477929,82.440976,614.1269669999999,0.0252806772,23.98,32.3943375,18.96064254,85.29694839999999,,,,,,
t0-60CC-3,13.953247889999998,8.21089565,103.01757130000001,60.431575,0.7336180425000001,27.681730299999998,68.85000000000001,463.95415886936087,7.25664253,4.041036,0.0064901428,0.016800000000000002,28.401369799999998,83.9507962,610.746213,0.03561449320000001,2.097,38.428939799999995,17.51809776,79.543861,,,,,,
t0-70CC-1,0.2434683492,5.63091604,29.7425992,68.63850500000001,1.3937179368000001,20.88305758,60.49,334.3806193087187,9.0078204,3.7266479999999995,0.0067312328000000005,0.07721,19.671187699999997,68.3493208,646.7642460000001,0.029417920800000004,22.01,28.1984995,19.988066519999997,74.8036411,,,,,,
t0-70CC-2,8.5099764,10.5811041,80.91784189999998,69.12868,1.5122005017000002,36.61741272,72.28,323.25842570966165,6.28079532,3.7132289999999997,0.0083200159,1.723,17.995075,66.32424449999999,640.392825,0.032863765200000006,0.4133,27.2606063,26.54178615,71.1438132,,,,,,
t0-70CC-3,1.553070693,9.071574380000001,66.3090733,68.20435,1.5429644888,30.59402724,66.66,341.6729860804005,6.272569,3.655719,0.0060393045,4.758,20.9359844,72.9986084,641.433057,0.0348896392,11.219999999999999,26.4337794,19.85834127,70.67114169999999,,,,,,
t0-80CC-1,1.474197741,8.89779337,105.0384566,75.26287,0.9070425000000001,21.06197002,49.5,221.88352863979878,6.1286084,3.3144929999999997,0.004903770599999999,2.0370000000000004,21.645504499999998,56.31869,662.497755,0.024232426800000005,4.216,19.5600095,20.37724227,55.0864871,,,,,,
t0-80CC-2,6.60042072,5.54659626,132.56189619999998,74.49259500000001,2.0350941799999998,36.855962639999994,65.29,237.91295551671215,5.10134669,3.3835049999999995,0.0044963285,0.061130000000000004,16.5040545,57.3611849,657.686682,0.0169578664,10.309999999999999,23.5954184,19.72861602,60.4614373,,,,,,
t0-80CC-3,0.23563294410000002,9.27414751,12.3780468,75.15083,1.3358097332999999,38.87369738,57.54,232.0492737340301,7.506517,3.046113,0.00196657113,0.1733,22.6635116,56.2827419,664.0581030000001,0.0274069156,39.57,25.940151399999998,22.97693628,60.8665843,,,,,,
t0-90CC-1,0.4325039835,8.05253899,58.73063166,88.46958500000001,0.3576845552,28.48683628,56.13,85.50142544541285,6.95741014,2.3349059999999997,0.00188363617,0.6411,11.3831703,31.2029508,698.1257009999999,0.0211397164,24.150000000000002,14.9075656,15.07407405,33.802764700000004,,,,,,
t0-90CC-2,1.1607815369999999,10.0978078,95.6048574,87.71331500000001,0.15561670319999998,37.60143114,69.35000000000001,79.8968674988891,11.3523216,2.495934,0.0049592213,0.035800000000000005,19.7020364,31.2988124,688.633584,0.0052115144000000006,6.84,15.635666899999999,11.45214507,28.670902700000003,,,,,,
t0-90CC-3,3.30539937,9.91785705,110.85025769999999,87.97941,0.6978761888,28.814842419999998,73.73,83.21996970534485,3.20003848,2.315736,0.00030473776,3.702,14.8896392,32.712771000000004,700.85631,0.0147981732,20.020000000000003,14.5496853,15.78496842,30.6696279,,,,,,
t0-100CC-1,0.17533664789999998,11.0849662,42.147812959999996,100.69595000000001,0.9395372112,27.46305954,55.309999999999995,2.8895446004925804,7.447904469999999,1.3597280999999999,0.0028906691000000003,0.1829,17.0079166,7.03863798,717.630051,0.00873542,9.174000000000001,6.98236806,2.655216417,9.59523145,,,,,,
t0-100CC-2,0.19541811660000002,8.123491,36.53971966,102.99277000000002,0.2618668437,26.71759104,56.07,3.1920157182178976,5.8612530000000005,1.077354,0.0037079642,0.2555,12.2160852,7.6365747100000005,722.7011819999999,0.014248027600000001,22.02,6.22835129,7.22829093,11.799231129999999,,,,,,
t0-100CC-3,18.27569322,7.2011148700000005,121.6719018,101.88637500000002,0.2868838392,33.30753258,49.29,2.882807486780638,8.08750085,1.0365219,0.00115433892,0.8333,15.054165600000001,9.85457248,729.722748,0.0072634088,0.3049,9.58502169,4.321407528,11.48186598,,,,,,
t-ISic000711-1,1.908517878,8.37747863,91.4782554,117.67001,0.10551012212300001,46.9148176,62.69,44.25446521825741,9.2031955,1.428165,0.0050990535,3.0290000000000004,40.6277379,7.00868123,169.297758,0.015441248800000001,1.253,5.4015243900000005,42.326754570000006,12.3839933,,,,,,
t-ISic000711-2,6.20086695,6.6119047,46.348744800000006,115.65329000000001,0.7112512532999999,27.09529508,71.86000000000001,57.909655853143136,7.36564127,1.3982598,0.007488255399999999,0.1946,30.9823777,8.3519419,170.07793199999998,0.04505246400000001,28.62,6.243160130000001,56.4564288,14.8823998,,,,,,
t-ISic000711-3,4.453727283,12.740513100000001,122.8829767,110.89159000000001,0.034060820612,36.84602306,56.830000000000005,64.57720205744972,9.98366761,1.3591529999999998,0.0095664512,1.16,43.8874172,8.13864984,174.23886000000002,0.0318080804,7.1690000000000005,7.819067520000001,56.612099099999995,13.144319170000001,,,,,,
t-ISic000711-4,27.62628924,13.6248425,80.7825205,110.94761000000001,1.0421801712,38.05865182,88.22,517.5150104645115,5.7481411,1.420497,0.0180865718,6.102,37.7793746,7.5407131099999996,253.426521,0.11883888400000002,23.8,7.827706009999999,87.9537195,14.6258067,,,,,,
t-ISic000821-1,34.53805056,8.51526949,17.596901680000002,110.90559500000002,0.01462655769575,31.409072800000004,106.2,100.82428369020593,6.2520032,1.5418431,0.0113191755,2.773,129.358882,6.85889748,181.260426,0.05936368400000001,38.83,11.07701232,60.8151972,11.43054736,,,,,,
t-ISic000821-2,1.792802955,11.3831703,52.538596399999996,111.81592,0.4236712137,28.14889056,80.67,51.028740566325204,7.58363875,1.4074613999999999,0.0052991582,8.831999999999999,41.2858435,3.97466159,220.919271,0.045870248,4.046,10.49576535,27.87017271,17.9480121,,,,,,
t-ISic000821-3,5.3550583199999995,9.11887572,79.7008133,109.81320500000001,0.137857382852,26.96608054,96.37,60.89510058883571,8.64689061,1.3022181,0.006196013,9.471,55.116344000000005,11.067221720000001,209.34669000000002,0.069548812,13.87,7.546338049999999,49.1399247,9.20358935,,,,,,
t-ISic002995-1,7.61227767,10.3343145,17.6401614,45.06809,0.4922447733,328.2049316,93.05999999999999,549.7635118029096,4.28282785,0.7261596,0.007835425,6.278,17.9847921,12.0665789,729.4626900000001,0.08951017600000001,27.82,8.49780602,22.24009686,18.3396542,,,,,,
t-ISic002995-2,17.3831835,8.895736789999999,48.520295999999995,56.734255000000005,0.8100662297,314.9852902,70.49,217.0143433821333,10.22634405,0.8812449,0.006726411,12.1,24.4321704,14.2953611,767.951274,0.0240540012,5.796,9.15926754,11.8828329,24.6464425,,,,,,
t-ISic002995-3,5.32911327,9.13738494,16.11548968,50.37598500000001,0.8585683925,334.963846,60.699999999999996,205.5844588551555,12.2469339,0.686286,0.0074906663,2.7159999999999997,17.6146077,13.4445894,708.007905,0.027882717200000004,59.79,10.54883036,10.8450309,18.447693400000002,,,,,,
t-ISic003005-1,38.185924590000006,8.87619928,487.5266226,4.383565000000001,33.61373400000001,309.120938,149.29999999999998,82544.51441759805,5.5712752199999995,1.6720074,0.14839089500000002,0.1986,4.8072557499999995,39.5309273,1341.8992799999999,1.55490476,138.2,26.4708015,56.8196595,219.049478,,,,,,
t-ISic003005-2,31.54399179,10.7764792,443.70868570000005,4.649660000000001,18.650037,324.1297038,115.8,29871.496569779414,6.21498476,0.9565829999999999,0.087587997,0.060570000000000006,4.08333959,29.609251699999998,1439.42103,0.8854370400000001,60.85,16.8327148,39.50393313,151.93012499999998,,,,,,
t-ISic003005-3,12.63005034,8.153311409999999,381.28083819999995,4.062850500000001,24.710112000000002,376.213103,146.5,47261.38555735946,8.7815966,1.3434336,0.109261988,0.1688,10.14613743,29.117961,1311.99261,1.20920516,135.6,15.3148087,52.2533307,156.11664399999998,,,,,,
ISic002713d,0.40681838400000003,18.9822334,820.8541908,165.11895,0.3814535928,54.806844119999994,44.620000000000005,61.760619740993626,23.558123900000002,2.4767639999999997,0.0127753591,44.5,33.090372200000004,10.93301548,348.997836,0.14236876,6.079,6.06792219,26.70264546,9.20223886,,,,,,
ISic002713d,0.1334613372,15.2906723,838.3229958000001,161.47765,1.4306753552,54.8167837,55.87,260.5813840731184,17.7380025,2.735559,0.029027236,53.62,32.802451,8.58560455,356.149431,0.165824292,34.14,5.83838517,13.20084144,8.24068998,,,,,,
ISic002713d,1.88361063,19.095345299999998,554.235189,163.8585,1.30765362,112.4166498,35.05,91.66428961297677,26.3653556,2.559195,0.0675052,41.699999999999996,33.326878900000004,7.54191138,346.917372,0.11619967200000002,7.986,5.37684299,14.76273345,10.98758664,,,,,,
ISic002713d,9.905820089999999,26.8897835,834.4682757,159.657,1.0543692488,21.50925112,49.93,82.08859706375107,14.2520994,2.212218,0.004566244600000001,17.95,31.7844439,11.96832076,387.48642,0.10125652800000001,6.279000000000001,9.58995797,24.06143937,6.656565209999999,,,,,,
t0-0CC-1,95.7891246,6.101872859999999,150.1859576,0.6935276,8.08661658,69.23911428,114.5,12138.190570606528,6.0566281,6.8628599999999995,0.031992643,10.11,50.3656442,405.973876,13.7050566,0.167348344,11.17,160.058879,79.08051239999999,338.027647,,,,,,
t0-0CC-2,48.735181919999995,6.831958759999999,154.8316847,0.6596355,7.7094399199999994,48.5548483,108.8,12262.1166100022,6.4628026499999995,7.232841,0.029485307,9.183,59.764214800000005,415.560036,22.742072099999998,0.15865009600000002,9.359,164.995159,76.4341173,356.124213,,,,,,
t0-0CC-3,70.8299865,3.54040247,200.19257700000003,0.7113139500000001,12.11187362,23.43752964,111.0,12014.939057701251,7.60626113,6.952958999999999,0.038333309999999995,8.246,50.2628152,420.832424,16.6567149,0.15017488,24.2,160.058879,77.73136980000001,348.83156699999995,,,,,,
t0-10CC-1,65.0701854,5.531171909999999,181.91163039999998,6.3176555,8.14208108,57.73902022,101.8,9097.744347407515,3.4684221699999997,6.684578999999999,0.027219061000000003,6.42,60.278359800000004,359.840481,138.610914,0.129024012,1.048,148.33521399999998,68.0279211,317.905346,,,,,,
t0-10CC-2,85.20354420000001,5.02319665,138.3491522,6.316255000000001,7.635797820000001,48.1075672,134.6,9009.670832963751,0.322471744,6.931871999999999,0.027821786,0.3699,45.3373061,361.398232,143.291958,0.12538115600000002,29.669999999999998,145.743667,82.03824809999999,311.017847,,,,,,
t0-10CC-3,64.5512844,6.69622448,132.850347,6.349867000000001,6.245090879999999,49.33013554,109.3,8904.583252337514,4.25506402,6.813018,0.026857426,4.172,50.0365914,370.26543,144.852306,0.105903028,39.75,157.220518,74.0471727,334.111226,,,,,,
t0-20CC-1,42.285242489999995,7.983643559999999,63.725647,11.6591625,4.823122499999999,65.51177178,96.18,6407.35360058583,6.1419761699999995,6.826437,0.022481642500000003,6.071,40.9670736,304.600234,236.392722,0.12214719200000002,15.83,127.97305899999999,63.098361600000004,265.641383,,,,,,
t0-20CC-2,64.7069547,3.36662146,64.51957540000001,11.8048145,6.13692618,37.93937686,88.78999999999999,6143.254114138726,3.53423273,6.673077,0.026278810000000003,2.71,45.8000366,316.103626,237.172896,0.13831701200000002,0.8456,128.219873,67.7684706,272.79898000000003,,,,,,
t0-20CC-3,54.9516159,2.89874951,152.6164637,11.5695305,6.70017138,51.79515138,80.95,6785.726644299895,1.50644485,6.462206999999999,0.025507322,0.6675,36.3397686,321.25618699999995,234.0522,0.08609035200000001,7.102,121.926116,62.4756804,273.204127,,,,,,
t0-30CC-1,42.48761388,4.8329629999999995,142.42307939999998,17.058090000000004,3.65617518,56.71524348,87.38,4921.4218008171,4.02781193,6.552306,0.024784052,4.676,37.1932493,272.36677099999997,305.308092,0.07854443600000001,25.740000000000002,115.385545,59.9330655,239.71197500000002,,,,,,
t0-30CC-2,23.594428469999997,1.8365259399999998,78.6881078,16.86202,4.10190522,61.426604399999995,85.53999999999999,4857.76040483238,7.021164120000001,6.485211,0.0184313305,6.977,34.1803596,267.21421000000004,294.125598,0.093041516,7.456,103.8346498,52.201440600000005,237.956338,,,,,,
t0-30CC-3,38.362350930000005,6.90908051,165.24078269999998,16.91804,2.54945502,30.07716908,85.95,4722.979192420999,7.620657189999999,6.519716999999999,0.0170860483,13.370000000000001,39.7639743,267.813345,294.255627,0.095271836,3.089,109.9926591,53.706253499999995,243.628396,,,,,,
t0-40CC-1,38.134034490000005,8.68288076,239.7854547,26.035295000000005,3.77459348,26.17091414,88.85000000000001,2837.7642371403317,2.64476188,5.912027999999999,0.0190316446,5.3,33.676497499999996,211.37482799999998,397.88874,0.053564852,0.322,86.7180989,34.34605719,186.502669,,,,,,
t0-40CC-2,15.36465861,11.5271309,120.675848,25.783205000000002,2.42354462,44.429922600000005,86.11,2903.4287227007017,3.0838417099999997,5.90436,0.015135630200000002,6.2219999999999995,36.3911831,210.775693,400.619349,0.088543704,0.6169,86.3108558,41.60029317,189.878894,,,,,,
t0-40CC-3,0.8587811550000001,7.31011361,119.53894079999998,26.27338,1.2373656393,26.67783272,80.4,3021.1989787514776,2.32702027,5.917779,0.0165267195,3.8850000000000002,39.0544542,218.684275,420.513786,0.068805372,0.3713,92.802064,42.37864467,190.554139,,,,,,
t0-50CC-1,23.80717788,6.7023942199999995,136.17443120000001,34.84444,3.43371,29.282002679999998,89.85000000000001,1829.1436187373201,2.49977299,5.643648,0.0129200131,4.428,29.213718900000003,165.960395,487.60875,0.04497812,10.44,68.8857874,42.824899529999996,154.361007,,,,,,
t0-50CC-2,9.39729711,7.91886129,169.73782469999998,35.306605000000005,3.44631378,22.69206114,68.58,1956.2395673228634,0.909728163,5.570802,0.012881438700000001,5.571,32.185477,166.08022200000002,481.1073,0.043900132,22.71,70.9096622,45.014661749999995,160.70831,,,,,,
t0-50CC-3,57.4942308,8.169764050000001,52.935828400000005,35.278595,2.44246968,40.752278000000004,78.35,1999.3068328669822,0.679905348,5.542047,0.0112540812,8.347,25.6249868,164.043163,478.24666199999996,0.052263832,0.22249999999999998,71.8352147,46.26002415,153.28061499999998,,,,,,
t0-60CC-1,0.001061671446,6.77437452,47.265657260000005,61.131825000000006,1.2879855177,28.05943434,63.919999999999995,465.1134035828954,3.5547985300000002,4.117716,0.0068107925,0.1065,21.182774,84.0346751,608.275662,0.0350680648,0.9199999999999999,35.541216,18.19266906,75.897538,,,,,,
t0-60CC-2,0.2237501112,8.31783781,47.79569296,60.97777000000001,0.8217834932999999,48.34611712,72.53999999999999,482.27743628765523,7.27412346,4.121549999999999,0.0063937068,0.1625,19.5477929,82.440976,614.1269669999999,0.0252806772,23.98,32.3943375,18.96064254,85.29694839999999,,,,,,
t0-60CC-3,13.953247889999998,8.21089565,103.01757130000001,60.431575,0.7336180425000001,27.681730299999998,68.85000000000001,463.95415886936087,7.25664253,4.041036,0.0064901428,0.016800000000000002,28.401369799999998,83.9507962,610.746213,0.03561449320000001,2.097,38.428939799999995,17.51809776,79.543861,,,,,,
t0-70CC-1,0.2434683492,5.63091604,29.7425992,68.63850500000001,1.3937179368000001,20.88305758,60.49,334.3806193087187,9.0078204,3.7266479999999995,0.0067312328000000005,0.07721,19.671187699999997,68.3493208,646.7642460000001,0.029417920800000004,22.01,28.1984995,19.988066519999997,74.8036411,,,,,,
t0-70CC-2,8.5099764,10.5811041,80.91784189999998,69.12868,1.5122005017000002,36.61741272,72.28,323.25842570966165,6.28079532,3.7132289999999997,0.0083200159,1.723,17.995075,66.32424449999999,640.392825,0.032863765200000006,0.4133,27.2606063,26.54178615,71.1438132,,,,,,
t0-70CC-3,1.553070693,9.071574380000001,66.3090733,68.20435,1.5429644888,30.59402724,66.66,341.6729860804005,6.272569,3.655719,0.0060393045,4.758,20.9359844,72.9986084,641.433057,0.0348896392,11.219999999999999,26.4337794,19.85834127,70.67114169999999,,,,,,
t0-80CC-1,1.474197741,8.89779337,105.0384566,75.26287,0.9070425000000001,21.06197002,49.5,221.88352863979878,6.1286084,3.3144929999999997,0.004903770599999999,2.0370000000000004,21.645504499999998,56.31869,662.497755,0.024232426800000005,4.216,19.5600095,20.37724227,55.0864871,,,,,,
t0-80CC-2,6.60042072,5.54659626,132.56189619999998,74.49259500000001,2.0350941799999998,36.855962639999994,65.29,237.91295551671215,5.10134669,3.3835049999999995,0.0044963285,0.061130000000000004,16.5040545,57.3611849,657.686682,0.0169578664,10.309999999999999,23.5954184,19.72861602,60.4614373,,,,,,
t0-80CC-3,0.23563294410000002,9.27414751,12.3780468,75.15083,1.3358097332999999,38.87369738,57.54,232.0492737340301,7.506517,3.046113,0.00196657113,0.1733,22.6635116,56.2827419,664.0581030000001,0.0274069156,39.57,25.940151399999998,22.97693628,60.8665843,,,,,,
t0-90CC-1,0.4325039835,8.05253899,58.73063166,88.46958500000001,0.3576845552,28.48683628,56.13,85.50142544541285,6.95741014,2.3349059999999997,0.00188363617,0.6411,11.3831703,31.2029508,698.1257009999999,0.0211397164,24.150000000000002,14.9075656,15.07407405,33.802764700000004,,,,,,
t0-90CC-2,1.1607815369999999,10.0978078,95.6048574,87.71331500000001,0.15561670319999998,37.60143114,69.35000000000001,79.8968674988891,11.3523216,2.495934,0.0049592213,0.035800000000000005,19.7020364,31.2988124,688.633584,0.0052115144000000006,6.84,15.635666899999999,11.45214507,28.670902700000003,,,,,,
t0-90CC-3,3.30539937,9.91785705,110.85025769999999,87.97941,0.6978761888,28.814842419999998,73.73,83.21996970534485,3.20003848,2.315736,0.00030473776,3.702,14.8896392,32.712771000000004,700.85631,0.0147981732,20.020000000000003,14.5496853,15.78496842,30.6696279,,,,,,
t0-100CC-1,0.17533664789999998,11.0849662,42.147812959999996,100.69595000000001,0.9395372112,27.46305954,55.309999999999995,2.8895446004925804,7.447904469999999,1.3597280999999999,0.0028906691000000003,0.1829,17.0079166,7.03863798,717.630051,0.00873542,9.174000000000001,6.98236806,2.655216417,9.59523145,,,,,,
t0-100CC-2,0.19541811660000002,8.123491,36.53971966,102.99277000000002,0.2618668437,26.71759104,56.07,3.1920157182178976,5.8612530000000005,1.077354,0.0037079642,0.2555,12.2160852,7.6365747100000005,722.7011819999999,0.014248027600000001,22.02,6.22835129,7.22829093,11.799231129999999,,,,,,
t0-100CC-3,18.27569322,7.2011148700000005,121.6719018,101.88637500000002,0.2868838392,33.30753258,49.29,2.882807486780638,8.08750085,1.0365219,0.00115433892,0.8333,15.054165600000001,9.85457248,729.722748,0.0072634088,0.3049,9.58502169,4.321407528,11.48186598,,,,,,
ISic000086,11.28090774,12.5862696,97.60712469999999,74.464585,0.138040057652,39.132126459999995,69.67999999999999,343.6748623378625,8.37439376,2.298483,0.0165001996,7.491,30.468232699999998,7.37295531,77.79635069999999,0.08475216,27.610000000000003,9.41225189,129.5695797,12.66894669,,,,,,
ISic000086,1.573307832,11.6710915,69.4345592,77.629715,0.089792826368,33.098801400000006,66.11999999999999,203.22819225750473,8.67054128,2.8352429999999997,0.0235376167,7.365,19.8254312,7.15127536,117.24714929999999,0.072336712,26.1,9.55293587,61.6454388,9.96796669,,,,,,
ISic000086,4.936305213,5.99287412,15.72103016,74.296525,0.2023140168,31.78677684,56.58,267.06576987768835,7.994954750000001,2.515104,0.0170137213,4.335,21.6557874,10.55436216,68.3822511,0.05899196400000001,26.15,11.875455610000001,21.84054309,15.9222771,,,,,,
ISic000086,1.090729902,7.580553880000001,35.07192718,85.68259,0.4337384072,21.21106372,43.43,233.43921697105804,9.98778077,2.503602,0.016370011,1.322,23.527275200000002,10.86950717,90.0710883,0.06300654,1.8860000000000001,9.78740917,46.265213159999995,12.64598836,,,,,,
ISic000086,1.7938407570000001,10.3137487,68.36907599999999,68.55447500000001,0.2670820425,38.10834972,61.8,300.29759882760965,10.3034658,2.879334,0.016109633800000002,7.289,15.5991593,8.88637032,90.8382594,0.09475142800000001,43.0,13.0194385,20.185248899999998,13.344191689999999,,,,,,
ISic000086,1.044028812,9.09728163,17.32505076,71.34147,0.6374216793,31.7569581,63.98,277.23431670881274,9.03147107,2.417337,0.012825988,0.2636,32.421983700000006,6.453882220000001,98.3539356,0.07902767200000001,27.8,11.01160661,150.48129,7.98274639,,,,,,
ISic000086,5.68196595,10.18315587,78.6881078,60.151475000000005,0.4582340952,36.607473139999996,60.47,367.44356907271924,8.48750566,2.018601,0.014800515099999998,7.0280000000000005,39.589165,8.755758890000001,73.1933241,0.0345625256,27.41,10.4525729,99.110091,12.217883030000001,,,,,,
ISic000086,57.6499011,7.56615782,77.9463151,73.876375,1.3198548825,40.41433228,54.45,718.6495172960703,8.19649959,2.887002,0.0141712702,9.595,21.501543899999998,13.4086413,71.8800312,0.13370768400000002,13.56,11.07207604,44.38679154,21.1216636,,,,,,
ISic000086,2.7221546460000003,5.342994839999999,9.870253100000001,77.965835,0.1545499977,38.93333486,55.11,542.236789752805,10.04022356,2.816073,0.010776723,1.786,28.010619600000002,9.212299759999999,54.09206399999999,0.08162971200000001,1.417,10.46861581,32.87237835,15.8952673,,,,,,
ISic000092,4.647796257,7.00676806,49.12254726,76.789415,0.1862756553,15.515684380000001,486.2,48.00184731265678,6.60676325,1.0472571,0.0227468415,9.843,32.8127339,6.63961407,224.430054,0.042041532,7.151,5.3435231000000005,62.0605596,10.36501075,,,,,,
ISic000092,0.5671587929999999,8.01346397,12.89308356,80.26265500000001,0.35861,15.16779908,286.3,41.37635887332372,7.22270896,1.0528164,0.022141705600000002,0.03536,24.6275455,5.92903996,254.20669500000002,0.016705096800000003,0.7278,9.502339000000001,30.69299415,13.348243159999999,,,,,,
ISic000092,3.012739206,6.9101088,59.3153314,72.48988,1.2714217173,18.40810216,185.7,70.40293435891803,12.185236499999998,0.9826542,0.029919269000000002,11.46,55.8772786,8.670681720000001,222.999735,0.03146981520000001,1.926,8.290482260000001,26.52621912,13.48734363,,,,,,
ISic000095,1.8384662429999998,4.03500996,74.6507858,61.916105,0.028948675392,19.76982462,149.70000000000002,193.41694655307688,7.22270896,1.1340972,0.0177225259,1.0150000000000001,51.722986999999996,9.683219869999999,144.59224799999998,0.05077695200000001,24.669999999999998,10.72653644,38.90200797,13.8425225,,,,,,
ISic000095,34.28378907,7.54662031,0.5860362589120001,58.45687,1.86366992,28.50671544,88.46000000000001,266.7694016573122,6.608819830000001,1.2240045,0.0143834294,5.477,45.4812667,7.24474042,161.105931,0.097725188,13.59,8.035029770000001,32.84124429,11.61826547,,,,,,
ISic000095,3.017928216,10.3651632,53.28114566,64.68909500000001,0.00023805777585029998,26.2901891,129.4,89.91957500459887,8.86591638,0.9193931999999999,0.012575254400000001,4.738,57.7384835,12.809506299999999,127.25938230000001,0.032967846800000006,1.397,10.53031931,21.55514754,8.62693012,,,,,,
ISic000095,0.5754612090000001,4.347610120000001,34.634116660000004,56.07602,0.36370084729999996,28.307923839999997,71.77,879.4659399146758,10.4165777,1.9610909999999997,0.0094820697,9.55,55.9595418,19.3760259,103.7501391,0.09300434400000002,5.084,14.3028713,29.06883402,19.4335511,,,,,,
ISic000095,4.921257084,8.705503140000001,26.915217700000003,57.78463000000001,1.5046403924999998,22.58272576,72.53999999999999,999.2427466372764,9.65667139,2.250558,0.006912050300000001,2.6879999999999997,40.7305669,18.621115800000002,102.68390129999999,0.130362204,9.524999999999999,16.585900799999997,34.475782439999996,25.4837463,,,,,,
ISic000095,8.6656467,5.8715359,34.50726846,71.73361,1.0745952728000001,42.71037526,131.29999999999998,356.14339556282334,10.22737234,1.6904105999999999,0.0058777742,21.36,37.5531508,16.092766100000002,113.5803315,0.06401018400000001,28.35,6.99470876,28.6952253,13.450880399999999,,,,,,
ISic000095,2.944763175,9.16103561,44.82753835999999,47.617000000000004,1.1223588425,32.77079526,69.6,1464.9963433542473,8.23968777,2.2946489999999997,0.0124450658,12.75,21.388431999999998,29.189857200000002,93.29580750000001,0.128726636,25.93,28.704468199999997,33.417224399999995,29.940363299999998,,,,,,
ISic000095,7.24385796,3.87562501,14.02273868,51.384345,2.8771521800000004,27.36366374,67.23,2686.311903426157,9.65050165,3.860838,0.0117314394,16.68,29.676449400000003,41.1965226,101.1885678,0.208980984,24.48,27.4086947,46.31191425,36.8278623,,,,,,
ISic000095,3.333420024,9.34304294,53.95923918,53.26101500000001,2.733612,39.30109932,76.88,3758.8126731843977,7.653562470000001,5.116472999999999,0.021755961600000002,18.11,39.332092499999995,44.8512461,102.0077505,0.29343576800000004,0.2368,17.9186964,59.154714000000006,42.0812684,,,,,,
ISic000095,6.69901191,5.4190883,13.433099960000002,57.546545,0.15622628,30.23620236,170.2,306.2786325303355,10.385729,1.2864986999999999,0.011256492100000001,5.368,58.201214,12.4500253,165.656946,0.073526216,26.5,11.08318267,56.560209,14.7473508,,,,,,
ISic000095,0.3810808944,7.564101239999999,0.34234606221200004,56.74826,0.035694624308,26.49892028,61.15,700.0951366231016,7.066408880000001,1.6139222999999998,0.0067601636,4.203,39.8873691,14.187516800000001,116.1288999,0.155341788,0.6733,8.21520399,24.1288965,20.1628157,,,,,,
ISic000095,3.5700388800000002,14.8587905,26.08815718,65.44536500000001,0.6164290517000001,36.9255397,231.9,352.07623050498734,10.4165777,1.6392266999999998,0.006793916200000001,5.085,48.082840399999995,12.893385199999999,134.31995700000002,0.11002912000000001,11.17,10.46367953,64.1361636,15.3550713,,,,,,
ISic000097,0.330021036,5.29672179,102.25234859999999,74.31053,0.00812944632192,12.28532088,60.19,165.07752799828899,6.557405329999999,1.4095701,0.0076546075,11.430000000000001,27.5273233,7.1704476800000005,122.0582223,0.04780319200000001,37.64,8.96922076,18.571466790000002,11.407589029999999,,,,,,
ISic000097,0.38793038760000004,6.17488145,86.82755180000001,70.711245,0.48245399999999994,37.00505634,78.83,226.2536207372159,5.12808223,1.4630543999999999,0.011459007700000001,4.4,44.9876875,5.99015173,131.069232,0.083116592,4.524,8.211501779999999,25.7893797,12.21248107,,,,,,
ISic000097,0.1970785998,6.387737479999999,117.69474260000001,68.09231000000001,0.022084583108000003,34.331309319999995,60.67,280.562432596648,10.982137199999999,1.295892,0.012729552000000002,5.177,35.7742091,8.68146615,124.09967759999999,0.0789905,27.92,10.536489659999999,22.9354242,11.510226269999999,,,,,,
ISic000098,14.280155520000001,11.599111200000001,70.1679699,70.68323500000001,0.060539454563,34.12257814,106.39999999999999,191.37972899305134,8.76822883,1.1170358999999999,0.052750492,8.503,26.6841255,6.8361303499999995,241.073766,0.053081616000000005,3.557,11.19178083,13.86503472,9.73433192,,,,,,
ISic000098,0.734244915,6.89262787,72.2387606,76.425285,0.4205748057,15.37653026,96.64,192.39710733961027,9.59908715,1.1668779,0.06837312400000001,4.374,28.391086899999998,8.44420869,261.098232,0.0362427,1.12,14.636070199999999,17.50771974,11.66418213,,,,,,
ISic000098,1.12082616,9.58057793,112.04572660000001,72.74197000000001,0.38500636369999997,37.18396878,98.74000000000001,103.64087707904132,9.058206610000001,0.9945396,0.059742102000000005,1.6119999999999999,34.128945099999996,9.21948938,242.764143,0.0238012316,10.35,13.6241328,13.40321283,13.9640666,,,,,,
ISic000098,21.518824470000002,6.44120856,178.11429539999997,75.108815,0.2675422848,26.76728894,143.7,166.26744020294458,5.00057427,1.3068189,0.043540854,9.113999999999999,32.884714200000005,7.5287304100000005,183.60094800000002,0.04193001600000001,15.01,14.0437166,30.36608652,13.7614931,,,,,,
ISic000098,1.3029604110000002,6.73324292,48.99298706,73.036075,0.7394506448,26.27030994,110.0,230.94009584790803,7.16615301,1.2905244,0.052991582,20.29,33.882155499999996,11.15709197,172.158396,0.063266744,16.189999999999998,16.2280205,22.64483964,14.7068361,,,,,,
ISic000098,0.943880919,8.99445263,8.12079868,68.82057,1.0697775368000002,4.305826056,96.63,121.84675911953289,8.421695099999999,1.2061764,0.03399369,2.2560000000000002,22.7046432,8.51850143,151.09369800000002,0.046650859999999995,30.889999999999997,12.33082744,15.722700300000001,8.572910519999999,,,,,,
ISic000101,9.61004652,6.7250166,29.377499059999998,74.98277,0.6725699673,30.0672295,57.370000000000005,197.52091599239446,6.73221463,1.5401177999999998,0.0216715801,2.976,37.6251311,7.5718681299999995,320.91157200000004,0.05798832,8.812,7.107009130000001,49.50834441,10.75530236,,,,,,
ISic000101,1.959370176,8.290073979999999,32.5505136,58.23279000000001,0.58061178,25.87272674,45.19,54.40700555730495,7.06949375,1.004508,0.009580916600000001,0.43010000000000004,17.2032917,3.26888056,242.634114,0.033164858400000004,14.879999999999999,5.2324568000000005,15.76421238,7.95708708,,,,,,
ISic000101,0.3508289661,6.678743550000001,53.215978559999996,83.32975,0.6194040888000001,26.80704726,45.49,96.02046671766006,4.15634818,1.47609,0.023072313,4.109999999999999,12.020710099999999,8.40466578,349.647981,0.028206113600000002,1.895,8.14239386,16.53737487,15.5171301,,,,,,
ISic000103,67.0938993,3.5979867100000003,107.274255,45.810355,0.47624051999999995,23.735717039999997,91.42999999999999,429.8310034843397,3.2164911199999997,1.9108655999999997,0.025531431,0.9036000000000001,99.7646958,7.6928934,321.951804,0.081295164,3.603,7.39454744,87.64237890000001,5.946207469999999,,,,,,
ISic000103,49.710715799999996,7.91474813,103.08717299999999,56.566195,0.111193297467,48.097627620000004,89.51,337.6860118998842,9.73687801,2.020518,0.031365809,4.271,140.361585,11.63759824,354.97916999999995,0.07255974400000001,26.869999999999997,7.6512340000000005,99.2138712,13.13756672,,,,,,
ISic000103,74.5660737,6.11524063,91.0667832,57.00035,0.26984368529999997,28.58623208,123.8,316.47846498969693,6.991343710000001,1.7450450999999998,0.028062876,11.32,127.09664399999998,6.86848364,291.394989,0.079473736,20.020000000000003,7.886941370000001,91.7935869,9.507449600000001,,,,,,
ISic000104,1.3553694120000002,3.8560874999999997,135.5954176,59.46523,5.04889308,57.47065156,138600.0,885.2997205320191,4.71368136,1.5347501999999997,0.044770412999999995,223.6,153.318039,7.89420276,89.1088737,0.15909616000000001,9.197000000000001,5.109049799999999,333.0825519,7.17785435,,,,,,
ISic000104,69.63651420000001,1.7686588,365.1844959,9.926744000000001,19.631115,128.4193736,457000.0,3252.6631144522567,6.48542503,1.0278953999999998,0.070253626,591.4,227.97189299999997,6.00932405,28.996467,0.252806772,90.16000000000001,2.55822711,896.660928,3.85024699,,,,,,
ISic000104,61.749219000000004,0.0269926125,256.9927951,11.0009275,31.254629,67.77799601999999,635700.0,841.2387872183,9.34612781,1.0662354,0.0233471556,838.4,99.2916824,3.8069037900000002,11.54527491,0.25845691600000004,3.294,2.1176641199999997,910.671255,0.017434825900000003,,,,,,
ISic000104,2.476195572,9.02632962,140.1655447,85.10838500000001,0.1518073557,30.00759202,73.18,131.5060489346503,8.42992142,1.3677795,0.0224527117,10.72,45.9954117,3.08554525,133.539783,0.047617332000000005,9.02,6.34065166,45.79820226,9.37105011,,,,,,
ISic000104,0.412007394,5.7378582,52.07652556,78.21792500000001,0.033561635387,35.85206506,44.16,149.4799773380147,9.6453602,1.5027363,0.0194366758,3.405,30.8281342,7.0901635899999995,117.76726529999999,0.090662508,0.8861,5.888982039999999,38.65293549,10.43118476,,,,,,
ISic000104,2.226604191,8.06076531,42.7830623,88.805705,0.00417142104183,43.05826056,70.67999999999999,140.37754517568928,7.79957965,1.3300146,0.029557634,7.947,32.3088718,6.58329538,119.7957177,0.038733224000000004,0.6315000000000001,8.997604370000001,44.17923114,9.68166281,,,,,,
ISic000104,0.4620294504,2.62933753,17.2385771,9.4603775,0.038251552227,7.7528724,88.75,21.15576536274481,3.76559798,0.23234039999999997,0.005424525,1.5939999999999999,10.3034658,3.02443348,24.6404955,0.026024117200000002,3.095,3.7231891900000003,10.62190347,4.8050434200000005,,,,,,
ISic000107,0.27434295870000003,17.1930088,102.11329520000001,31.973415000000003,0.00691369715687,26.86668474,51.959999999999994,23.085664696247015,7.50960187,0.4694732999999999,0.0074014630000000005,3.8739999999999997,19.568358699999997,9.05412812,37.7344158,0.00028046274,0.12279999999999999,8.6261493,5.91028239,7.49251852,,,,,,
ISic000107,3.581973603,9.99292222,24.33100236,48.34526,0.41113422000000005,22.781517360000002,58.79,48.521038647389524,7.78312701,0.8277606,0.0099546061,0.08889999999999999,23.033696,9.30456655,53.0908407,0.04988482400000001,9.633000000000001,12.12226961,23.13779559,7.64647438,,,,,,
ISic000107,4.603170771,9.63096414,62.410953500000005,45.12411,0.9175491192,18.51743754,74.82000000000001,51.24956223510256,11.9898614,0.7556814,0.0106730543,4.6770000000000005,35.0235574,8.78451737,57.056725199999995,0.026741536800000004,24.7,10.04409573,11.919155969999998,9.77079515,,,,,,
ISic000107,170.40708840000002,5.9486576499999995,51.38073666,56.762265000000006,1.5539987925,41.249257,64.39999999999999,4506.805825720988,5.7789898,1.9169999999999998,0.0162880404,3.5980000000000003,121.852365,7.32981759,137.83074,0.07393510800000001,13.020000000000001,4.19213579,72.3866895,10.10571667,,,,,,
ISic000107,62.1643398,5.3368251,97.3306499,60.66966,1.2208463925000002,33.03916392,89.45,1551.833150338345,7.3286228300000005,1.6944362999999998,0.014959634500000001,9.052999999999999,39.7639743,14.738721000000002,92.3465958,0.082596184,34.04,7.48710269,207.3009495,13.0052187,,,,,,
ISic000107,106.5822654,9.69574641,79.29556910000001,47.392920000000004,0.3239403125,40.34475522,74.39,7016.092961918196,7.32348138,1.5646554000000001,0.023761830400000003,1.975,59.6305371,11.0121013,93.12676979999999,0.079956972,16.3,12.31478453,73.0093707,12.159811959999999,,,,,,
ISic000114,3.199024665,6.2180696300000005,51.419734680000005,85.82264,0.16628753119999998,19.95867664,54.85,40.73509401819603,5.93220501,1.6166060999999998,0.007030184399999999,4.184,17.5940419,11.07680788,347.30745900000005,0.0360605572,6.134,9.95524269,7.264614,14.450243,,,,,,
ISic000114,0.4718885694,5.077696019999999,95.7427828,72.335825,0.5992150857,49.68796042,35.86,41.91101202809944,8.27876279,1.3923171,0.0089950679,6.272,11.845900799999999,7.07698262,258.10756499999997,0.015537896,2.8320000000000003,5.877875410000001,7.015541519999999,9.380503540000001,,,,,,
ISic000114,1.134836487,4.6591819899999996,30.61209718,81.55111500000001,0.025334839803,30.00759202,57.5,51.441217034248375,6.547122430000001,1.702296,0.0086430765,11.75,13.5117306,5.88590224,309.208962,0.0228644972,11.04,6.3431198,13.22159748,9.02397418,,,,,,
ISic000117,0.062423790300000004,7.75947634,75.9269341,62.93847000000001,0.51978192,30.45487312,61.470000000000006,144.98688697036727,7.5281110899999995,0.8590076999999999,0.072423436,2.438,33.2651815,7.792349810000001,447.819876,0.030425282,5.932,8.25839644,37.32973794,8.04621942,,,,,,
ISic000117,16.319436449999998,5.91575237,115.64253729999999,60.29152500000001,1.2192276425000002,23.2586172,65.75,255.91245724929502,4.7404169000000005,0.7836695999999999,0.063237907,5.847,31.6507662,8.39747616,474.865908,0.0228830832,11.85,10.24648321,42.11919417,6.16363636,,,,,,
ISic000117,70.1035251,3.7213815099999996,76.73403850000001,58.48488000000001,0.5515740551999999,23.417650480000002,55.64,291.58540698289676,4.0483777299999995,1.2316725,0.08799785,5.090000000000001,79.6102118,5.93862612,491.639649,0.04888118,33.24,8.700193500000001,87.1234779,7.43444745,,,,,,
ISic000121,1.787613945,7.97541724,194.3950995,96.88659,0.44830758,41.18961952,41.36,42.10350070721276,10.766196299999999,1.372572,0.0050990535,0.8484,22.0465376,6.64440715,184.901238,0.0008270770000000001,1.192,8.17941596,68.8062726,11.882961510000001,,,,,,
ISic000121,1.840022946,2.74347772,49.809617,92.62907000000001,0.051117903627,35.69303178,52.089999999999996,37.990497568678876,7.504460419999999,1.3194711,0.0025049251000000003,0.6824,14.385777100000002,6.63961407,140.041233,0.048397944,11.559999999999999,5.908727160000001,48.97387638,9.741084370000001,,,,,,
ISic000121,2.3791610850000002,12.442309,1.4149833737000002,90.59834500000001,0.028691597907000002,30.812698,54.07,45.689796482420874,12.555420900000001,1.3223466,0.0039659305,0.94,21.4398465,8.81687066,178.789875,0.051706252,31.439999999999998,6.39865295,38.88644094,9.43452314,,,,,,
ISic000121,0.4542459354,4.1193297399999995,112.46807079999999,94.36569,0.1783385625,38.148108040000004,51.239999999999995,65.7042374790452,7.76050463,1.4701472999999998,0.0121003071,2.43,17.275271999999998,9.06970563,169.68784499999998,0.0358003532,15.43,7.627786670000001,162.934914,7.3736754,,,,,,
ISic000121,2.083906416,7.86127705,50.86096946,96.10231000000002,0.21026253920000001,20.137589079999998,63.71,80.56063711443453,7.56307295,1.5617798999999999,0.0055715899,5.563999999999999,20.1956156,7.855858120000001,174.628947,0.056166891999999996,26.169999999999998,4.318010930000001,72.2829093,10.073304910000001,,,,,,
ISic000121,23.99917125,4.94710319,109.7266945,76.677375,0.36771289170000004,59.76669454,57.78,119.94083496764108,6.03709059,1.4241392999999998,0.0224093155,4.454,26.6429939,10.47887115,170.46801900000003,0.054605668,60.82,5.810001560000001,105.0255624,10.36095928,,,,,,
ISic000125,21.482501399999997,5.60520879,75.6580913,80.3887,0.3222471672,19.45175806,55.75,87.0482926464025,7.277208330000001,1.8038969999999999,0.029027236,2.665,16.339528100000003,8.171003129999999,468.234429,0.037023312,5.717,13.4760444,15.94582773,11.369775310000001,,,,,,
ISic000125,0.1689541656,8.238659479999999,255.8481453,69.78691500000001,1.0753983512999998,23.19897972,48.6,57.478954261047946,10.982137199999999,1.4720643,0.02868971,2.172,13.809934700000001,7.3933259,408.031002,0.031094378000000002,26.13,13.3032746,12.78053163,5.36279579,,,,,,
ISic000125,18.535143719999997,5.98670438,213.14434519999998,65.44536500000001,0.8301802991999999,41.06040498,52.23,55.67692869960762,5.1681855400000005,1.3014512999999999,0.02579663,8.472,13.7585202,5.9649880600000005,378.644448,0.0191770348,28.2,11.348507719999999,9.55815642,8.61072424,,,,,,
ISic000128,2.602288515,3.7378341500000003,10.621532179999999,80.24865,0.125029523507,20.952634640000003,49.31,84.87511150119346,7.67618485,1.1854727999999999,0.0127657155,8.388,14.077290099999999,6.34843446,312.45968700000003,0.063118056,1.159,4.14770927,11.389876950000001,8.749824709999999,,,,,,
ISic000128,0.08567055509999999,5.91369579,26.4514338,72.840005,0.017671317300000003,31.458770699999995,45.68,407.0597570889052,7.89623891,1.675458,0.0132888808,9.103000000000002,13.696822800000001,11.21460893,337.815342,0.1226676,4.071,7.327907659999999,16.796825369999997,9.499346659999999,,,,,,
ISic000128,29.44763175,7.9075501,44.6086569,66.35569000000001,0.130688989403,19.65054966,59.53,492.9599480414594,5.81497995,1.5583293,0.015130808400000001,5.015000000000001,27.2599679,9.227877269999999,325.852674,0.11757503600000001,22.96,10.82649611,25.228966619999998,13.6939686,,,,,,
ISic000131,0.36167399699999997,5.49826663,28.8050763,53.162980000000005,1.3553645973,40.07638656,71.47,664.1680352679223,10.06078936,0.868401,0.063093253,1.9240000000000002,16.0001924,6.94037984,545.991771,0.049587448,13.86,10.184779709999999,13.74568749,12.39209624,,,,,,
ISic000131,17.00957478,3.93732241,131.2650556,23.64044,2.27104668,28.894359060000003,63.69,1211.5707198950267,4.7404169000000005,0.8687843999999999,0.028810255,1.8479999999999999,47.424734799999996,8.6754748,399.839175,0.090402304,7.065,8.78287619,38.99541015,11.99775316,,,,,,
ISic000131,0.3026749533,11.1260978,77.33993380000001,36.86116,0.6397731648,17.891244,66.88,1049.5301633691352,6.30547428,0.9096164999999999,0.040792428,2.229,19.7637338,8.43821734,513.61455,0.098468628,19.85,10.57844804,26.09553129,13.04033144,,,,,,
ISic000137,45.74112315,5.9537990999999995,72.30565630000001,67.67216,0.8438136728,12.921453999999999,90.35,621.5775870975771,7.06949375,2.1662099999999995,0.020410679400000003,7.889,102.2737234,9.04454196,326.762877,0.10947154,21.310000000000002,5.0411759499999995,68.9619429,13.136216229999999,,,,,,
ISic000137,29.76935037,11.1775123,80.0386818,58.49888500000001,0.2221924208,38.89357654,82.56,891.1527694871667,8.96566051,2.0971979999999997,0.028086985000000002,5.839,76.85439459999999,10.63344798,309.599049,0.10932285200000001,0.2777,8.71993862,84.6327531,10.841733719999999,,,,,,
ISic000137,45.72555612,6.44840659,93.7452135,50.36198,2.51833932,36.59753356,123.20000000000002,1992.0956673655323,8.153311409999999,2.317653,0.030811302,10.200000000000001,48.5969854,8.24170106,299.326758,0.38733224,8.865,8.72981118,102.4310574,10.924113610000001,,,,,,
ISic000139,0.9179358689999999,7.42219722,42.03237626,74.08645000000001,0.3541374837,33.92378654,51.150000000000006,32.29784319649787,8.662314960000002,1.3953843,0.0063503106,1.8739999999999999,12.935888199999999,7.672522809999999,97.4177268,0.021671276000000003,15.18,5.95808996,9.833173949999999,8.90243008,,,,,,
ISic000139,0.9179358689999999,7.42219722,42.03237626,74.08645000000001,0.3541374837,33.92378654,51.150000000000006,32.29784319649787,8.662314960000002,1.3953843,0.0063503106,1.8739999999999999,12.935888199999999,7.672522809999999,97.4177268,0.021671276000000003,15.18,5.95808996,9.833173949999999,8.90243008,,,,,,
ISic000139,6.839115179999999,5.57538838,68.1694689,90.122175,0.41159838930000003,23.755596200000003,55.24,113.73498525759416,8.30344175,1.7139896999999997,0.0072616308,6.977,28.185428899999998,11.43269407,147.192828,0.038621708000000005,1.442,6.85032257,24.06662838,8.9672536,,,,,,
ISic000139,57.7017912,10.3343145,72.372558,57.67259000000001,0.6297423552,46.74584474,110.5,437.6798750040093,3.98462375,1.786644,0.0097520905,2.345,36.8950452,6.37120159,131.069232,0.07768948,15.08,7.616680039999999,36.447606240000006,7.52898175,,,,,,
ISic000139,11.82056478,11.0746833,73.6448303,57.126395,0.108868125408,24.73961462,119.2,643.1517784537716,8.6993334,1.922751,0.0142773498,7.4399999999999995,54.8387057,9.36088524,136.27039200000002,0.08114647600000001,8.296,4.29703174,60.5038566,10.94572145,,,,,,
ISic000139,40.44833295,5.58772786,134.8721906,64.941185,0.0340003125,30.9617917,91.99000000000001,572.2211063901071,11.1363807,1.842237,0.0095495749,5.587,45.24476,8.95347344,140.821407,0.09545769600000001,11.1,8.57925464,143.06100569999998,10.54867739,,,,,,
ISic000142,0.12557404200000002,5.42731462,87.0321449,68.47044500000001,0.5056189257,30.67354388,55.83,126.24571757473291,9.7996037,1.5681059999999998,0.0055281937,5.748,19.3010033,5.61509322,131.19926099999998,0.05334182,7.365,6.63312625,10.60114743,11.72090271,,,,,,
ISic000142,1.077238476,9.42222127,66.5081764,72.055725,0.00166964792652,28.99375486,59.45,128.98137328332754,12.874190800000001,1.932336,0.0038622618,11.569999999999999,19.4860955,7.29506776,135.100131,0.0367965628,4.5329999999999995,9.92809315,13.37726778,10.502760729999999,,,,,,
ISic000142,0.2466855354,6.75483701,12.4761164,76.145185,0.3653981352,16.68855482,48.14,119.65193718970158,6.62938563,1.6522622999999999,0.004402303400000001,6.394,15.989909500000001,8.46697582,130.159029,0.064381904,13.52,9.88613477,9.81760692,12.7486256,,,,,,
ISic000148,3.615702168,7.5682144,34.71658086,75.641005,0.2180618825,29.73922336,45.98,26.502415088293137,7.51165845,1.2155697,0.0049399341,3.6729999999999996,12.545138,7.961305879999999,111.07077179999999,0.038696052,1.844,7.35135499,11.623382399999999,8.36223408,,,,,,
ISic000148,0.3449134947,7.317311640000001,64.8506339,75.96312,0.021313686947,40.67276136,63.089999999999996,47.16950470486363,8.81964333,1.447335,0.0110154021,3.29,18.9822334,6.86249229,137.050566,0.031785777200000004,10.879999999999999,6.93300526,18.04737678,10.77420922,,,,,,
ISic000148,2.694133992,7.39854655,31.419609500000004,75.304885,0.029946779268,32.62170156,58.89,156.3913944156925,7.62477035,1.8320769,0.0152899278,8.328999999999999,20.6583461,8.55325126,177.09949799999998,0.077912512,9.449,6.79725756,22.32312102,10.7634053,,,,,,
ISic000148,131.38573319999998,5.5198607200000005,53.554913,31.03508,0.014804845566629999,22.831215259999997,63.330000000000005,153.64237190042624,2.9203436,1.2157614,0.039755741,2.638,174.295155,5.4832835200000005,181.390455,0.06144531600000001,11.75,6.82317303,86.13756599999999,3.80568082,,,,,,
ISic000161,54.3289347,7.01910754,3.6763183152,44.56391,0.24408599250000002,24.113421080000002,68.27,60.40928674615506,7.357414950000001,0.7865450999999999,0.0069819664,2.7819999999999996,43.5892131,9.69520257,50.5422723,0.06014429600000001,22.11,7.83881264,25.90872693,9.85452553,,,,,,
ISic000161,1.129647477,8.54406161,132.850347,44.94204500000001,0.7156593716999999,15.5554427,67.94,45.44947980087184,8.27876279,0.6038549999999999,0.007218234600000001,6.981,30.416818199999998,8.910335719999999,47.343558900000005,0.0314958356,10.83,10.67223736,27.62110023,15.0309537,,,,,,
ISic000161,2.935422957,9.21656327,19.069381500000002,42.96734000000001,0.4645962825,39.91735328,58.13,50.66146272023399,9.42530614,0.7211754,0.0062635182,6.327,24.3396243,7.89779757,40.9851408,0.046725204,32.04,7.16254228,18.16672401,9.17928053,,,,,,
ISic000162,0.4009029126,9.86747084,60.80879618,93.13325000000002,0.3513620313,33.42680754,42.01,20.29599032390478,7.55895979,1.3035599999999998,0.0042407731,0.03345,27.3216653,6.1842714700000005,127.038333,0.03661442,21.68,6.08890138,13.797577590000001,9.68436379,,,,,,
ISic000162,0.92883279,9.77389645,41.872079760000005,92.64307500000001,0.2032309608,46.497355240000005,41.690000000000005,31.982434369498733,14.077290099999999,1.4467599,0.0055764117000000005,1.979,24.164815,8.178192750000001,131.19926099999998,0.020128638,2.01,6.58376345,18.929508480000003,12.40425065,,,,,,
ISic000162,2.871079233,7.459215659999999,126.31184230000001,77.545685,0.116939245227,28.894359060000003,52.760000000000005,19.313373498506174,7.86230534,1.1087928,0.0034162453,0.03431,13.6145596,5.6103001400000005,107.01386699999999,0.01059402,2.985,7.327907659999999,13.44472491,11.06996653,,,,,,
ISic000163,0.1501699494,5.74094307,1.3902994672,89.477945,0.3399566037,25.753451780000002,62.5,61.067836920254464,7.86127705,1.4181966,0.013840976900000001,1.195,14.282948099999999,6.71151027,104.5173102,0.09051382000000001,0.1725,9.81209057,27.27862557,6.81322205,,,,,,
ISic000163,4.604208573,9.652558229999999,42.673937259999995,89.58998500000001,0.8140239072000001,40.52366766,43.21,59.98734749407403,7.830428349999999,1.4030523,0.0049327014,2.736,15.9282121,8.53767375,84.6748848,0.050479576,5.064,10.6747055,10.3261299,13.3293363,,,,,,
ISic000163,2.1928756259999997,5.346079710000001,72.0381095,84.19806,0.61502,35.285509000000005,51.86,67.08278992910394,7.5784973,1.3815818999999998,0.0039635196,4.0249999999999995,25.6147039,10.30751854,86.7943575,0.0318452524,9.817,10.58338432,15.73826733,17.3402916,,,,,,
ISic000163,18.301638269999998,6.4628026499999995,57.2807921,88.59563000000001,0.8542835168000001,36.78638558,64.17999999999999,63.45761086663691,9.92608337,1.2011922,0.003915301600000001,7.671,23.938591199999998,6.9859141000000005,82.0092903,0.05155756400000001,32.95,6.86513141,16.18452219,10.68912835,,,,,,
ISic000163,11.478090120000001,5.97642148,79.8359427,84.59020000000001,0.00197461116048,33.57590124,58.11,62.44049820817203,8.66025838,1.2535262999999999,0.0045710664000000005,7.461,19.0336479,9.04574023,90.3311463,0.037766752,17.53,8.39414414,10.450666140000001,9.03207712,,,,,,
ISic000163,5.9154713999999995,11.0746833,27.762156400000002,80.55676000000001,0.014690015867029999,38.94327444,77.32,95.13880888132555,12.8433421,1.3252221,0.0042504167,3.33,17.8716802,6.994301989999999,76.99017090000001,0.06560858000000001,12.29,9.20245999,8.87839611,7.06711417,,,,,,
ISic000163,1.441506978,11.31119,77.2052484,110.821565,0.4821432728,28.715446619999998,55.83,52.71554386393663,7.55176176,1.6560963,0.0048434980999999995,4.68,21.4809781,7.3981189800000005,107.7030207,0.0241283452,3.039,9.74668486,15.73307832,10.06520197,,,,,,
ISic000163,1.290506787,5.22474149,69.1680444,93.86151000000001,0.1952857872,20.376139000000002,61.160000000000004,30.506463196299684,9.58263451,1.251801,0.0040093266999999995,4.8180000000000005,15.9179292,7.97927993,85.41605009999999,0.59066308,6.148000000000001,8.576786499999999,14.352801659999999,14.1666401,,,,,,
ISic000163,7.29055905,5.08900721,2.9165733687999995,85.65458000000001,0.3122456757,43.54529998,52.88,16.194506000123276,5.89929973,1.1262375,0.0052027222,0.3656,11.9178811,6.15191818,68.9283729,0.029901156800000002,13.4,8.89270842,5.5055396100000005,9.402111380000001,,,,,,
ISic000164,0.167086122,8.62426823,44.5764743,89.15583000000001,0.00268571098887,18.4379209,48.62,10.182807675616894,10.1697881,1.313145,0.00095736839,0.7309,13.5528622,7.0817757,127.9875447,0.0194521076,0.19140000000000001,7.85608962,10.64265951,14.099115600000001,,,,,,
ISic000164,1.719119013,13.1929607,493.8607231,86.18677,0.1342956272,10.57571312,50.120000000000005,20.351548182452742,9.34921268,1.2274550999999998,0.0033415073999999998,2.121,21.0490963,9.15598107,125.9330865,0.039736868,1.705,6.7010001,21.28013001,11.34546649,,,,,,
ISic000164,0.9646369589999999,7.09108784,79.36309479999998,52.71482,0.1571406872,16.549400700000003,43.220000000000006,8.583056748797127,7.396489969999999,0.7692920999999999,0.0019077451700000002,0.05501,11.5682625,5.74570465,79.18766099999999,0.021184322800000002,7.742,5.63476362,5.122590671999999,6.24331527,,,,,,
ISic000165,0.467529801,2.7373079799999998,35.32586118,88.161475,0.004603268698069999,26.220612040000002,64.34,98.02125107177105,9.10345137,1.4557698,0.004903770599999999,0.01845,33.3680105,10.80719713,508.54341900000003,0.053564852,25.080000000000002,8.460783919999999,62.1124497,8.578312480000001,,,,,,
ISic000165,0.481540128,5.22782636,73.711852,92.41899500000001,0.00586263808823,47.78950064,54.1,115.29350862282152,10.00423341,1.6867682999999998,0.0064105831000000005,8.675,27.3216653,9.75751261,559.774845,0.087093996,1.5319999999999998,6.39741888,41.19036138,17.097203399999998,,,,,,
ISic000165,0.1535428059,10.591387,43.059161859999996,90.33225000000002,1.1065848213,36.209889940000004,69.67999999999999,170.1009457784026,8.93172694,1.6041456,0.0102897212,5.664000000000001,23.7432161,6.7222947,390.607116,0.08371134400000001,0.5637,8.32256808,52.720341600000005,13.17402995,,,,,,
ISic000168,20.49140049,9.372863350000001,60.328181699999995,77.68573500000001,0.1620183768,23.29837552,57.550000000000004,68.01338110707398,9.30808108,1.4074613999999999,0.071434967,0.5608,45.3784377,5.40899078,312.849774,0.045089636,23.37,7.38220674,63.254031899999994,12.11659628,,,,,,
ISic000168,1.213709439,11.5374138,53.059602000000005,78.03586000000001,0.122641566852,27.44318038,60.13,84.78579037158121,5.16510067,1.5345585,0.127464283,3.73,40.7511327,9.21349803,309.599049,0.054122432,17.26,6.25179862,42.845655570000005,13.6669588,,,,,,
ISic000168,97.7090583,9.57029503,24.0999862,84.10002500000002,0.004580619060919999,25.017922860000002,68.06,108.02546454485304,5.228854650000001,1.5180723,0.070470607,0.2037,142.315336,3.86561902,396.458421,0.044532056,41.62,7.97826255,46.78411416,14.1666401,,,,,,
ISic000178,8.27128194,7.779013849999999,52.16761418,87.09709500000001,1.14572262,32.860251479999995,49.65,32.121097803368606,8.336347029999999,1.3735305,0.0068999958,2.7520000000000002,28.4425014,11.78618372,147.71294400000002,0.0323656604,6.879,6.98113399,10.5336903,14.490757700000001,,,,,,
ISic000178,3.241055646,10.560538300000001,56.67155468,84.8703,0.6854543156999999,30.4648127,53.27,18.115419387664954,8.5450899,1.2086685,0.0057475856,11.83,18.6943122,7.18602519,141.73161000000002,0.015069528800000002,0.26530000000000004,9.57391506,8.36987313,8.4810772,,,,,,
ISic000178,0.785616114,8.86180322,15.01285326,85.45851,0.7999385625,36.1800712,49.45,19.61020757946369,6.11215576,1.2937832999999999,0.0039611087,0.2018,15.424349999999999,7.91457335,142.901871,0.031510704400000006,15.17,10.49329721,8.81612799,8.70525854,,,,,,
ISic000178,3.455361759,9.944592590000001,16.97305296,86.35483,0.17971201920000002,30.03741076,46.02,28.868104900108534,6.89879761,1.4231808,0.005916348599999999,0.3628,14.2109678,5.6570326699999995,140.041233,0.036748239200000005,2.442,7.61297783,9.72939375,10.57028523,,,,,,
ISic000178,1.526606742,6.84224166,38.99315526,80.374695,0.49535411729999995,29.818740000000002,61.62,26.562042746270105,6.92553315,1.3516766999999998,0.0031510463,7.9559999999999995,15.2906723,5.45692158,141.60158099999998,0.0205300956,0.3075,10.60436351,9.67231464,8.37708947,,,,,,
ISic000178,0.03376488807,8.66539983,31.476424700000003,87.26515500000001,0.096761254667,23.46734838,59.519999999999996,22.559150592770337,8.58005176,1.2527595,0.0033439183,5.823,17.4295155,6.06084966,144.072132,0.0224741912,13.51,8.2435876,8.90953017,12.74322364,,,,,,
ISic000178,0.620086695,10.25924933,4.7063252425,73.19013,1.0160650773,37.04481466,75.05,389.13251125083093,10.797045,1.9097154,0.0192534474,6.418,68.4018508,9.10086065,169.81787400000002,0.0604045,22.68,8.02022093,48.8285841,10.27047645,,,,,,
ISic000181,23.257142820000002,7.8437961199999995,76.80133620000001,66.1036,0.75017502,31.518408179999998,86.03,195.9773121645119,8.96874538,2.355993,0.052991582,7.984,24.1956637,11.78139064,480.457155,0.099509444,4.819999999999999,9.3172285,15.86280357,15.6791889,,,,,,
ISic000181,0.1761149994,9.709114179999998,159.94718600000002,63.120535000000004,2.6952613800000003,30.50457102,64.43,768.3145997394868,10.8793082,1.8922706999999999,0.031534572000000004,14.9,19.9179773,10.51481925,430.786077,0.048769664,10.86,7.1329246,30.7708293,14.1396303,,,,,,
ISic000181,0.3272708607,8.19958446,102.5305274,71.10338500000002,2.140005,34.22197394,69.4,1169.046348798955,8.79496437,2.5476929999999998,0.033366856,17.4,18.498937100000003,9.720366239999999,505.29269400000004,0.04661368800000001,20.81,11.30531527,38.75152668,15.949286899999999,,,,,,
ISic000184,0.7565576580000001,8.19341472,1.8859768125,76.94347,0.00514384938543,23.5568046,52.970000000000006,508.995798578854,7.254585949999999,1.4820327,0.0133684405,5.359,18.7662925,6.830139,114.98464469999999,0.13367051200000002,0.7206,9.46161469,18.38466243,11.465660100000001,,,,,,
ISic000184,2.747580795,9.253581709999999,1.1248607293,100.49988,0.104370683648,31.409072800000004,54.07,482.67104933843683,10.25410788,1.5382007999999998,0.0102101615,4.380000000000001,15.866514700000002,8.447803500000001,137.960769,0.050739780000000005,9.541,5.84208738,12.7130745,7.49251852,,,,,,
ISic000184,1.3439535900000001,6.444293429999999,46.49072246,55.23572,0.0011874553417692002,21.3203991,53.839999999999996,37.83101274332179,9.83456556,0.9510236999999999,0.007772741600000001,0.3036,18.6840293,7.13449958,86.9633952,0.025258374,5.458,7.783279490000001,8.00145342,7.2170185600000005,,,,,,
ISic000184,0.5082635295,6.54403756,74.6507858,64.11489,0.00035505003233280005,32.06508508,63.81999999999999,74.83565473566375,10.570821200000001,1.2947418,0.0058199126,8.323,19.9796747,8.95467171,123.6965877,0.030425282,2.442,8.47929497,20.761229009999997,10.67292247,,,,,,
ISic000184,4.470332115,6.4268125000000005,57.333223860000004,63.610710000000005,0.9816756768000001,45.50339724,61.62,115.15145040449985,6.98414568,1.2376151999999998,0.0100365767,1.448,34.653373,5.26280184,132.62958,0.04297083200000001,18.56,7.83264229,39.97094403,11.55074097,,,,,,
ISic000184,0.1258334925,6.37231313,28.00075118,68.82057,0.1189310325,17.01656096,57.410000000000004,82.54746508827334,10.031997239999999,1.3309731,0.0087612106,4.649,21.1930569,7.976883389999999,131.069232,0.049178556,4.386,10.19712041,23.5062153,11.096976329999999,,,,,,
ISic000191,25.50398415,8.65511693,75.12069369999999,34.67638,0.2664684057,21.33033868,84.93,1917.5745890224619,9.87878203,1.984095,0.019046109999999998,5.893,47.6818073,13.516485600000001,482.017503,0.103375332,24.919999999999998,5.5841667500000005,54.277044599999996,15.1524978,,,,,,
ISic000195,1.929792819,6.193390669999999,27.191136859999997,82.419425,0.136045966875,28.26816552,49.61,47.556340167365846,5.31523101,1.3296312,0.0034379434000000003,8.331999999999999,20.7817409,10.05468357,126.37518510000001,0.05601820400000001,1.9549999999999998,5.50765441,10.28461782,8.888925180000001,,,,,,
ISic000195,3.291389043,6.60265009,51.926905500000004,65.45937,0.3867057768,19.710187140000002,46.18,17.80263606761533,5.45302187,1.0014408,0.0049809194,0.08406,18.2418646,3.96747197,97.4697384,0.0033268940000000004,12.14,8.63108558,13.0763052,7.22242052,,,,,,
ISic000195,0.00971382672,9.04381055,43.84954756,54.08731,0.00528579254007,15.326832360000001,41.33,18.49460624624492,8.24585751,0.7798355999999999,0.0041346935,0.1522,14.5503035,3.7613695300000005,107.22191339999999,0.030265442400000002,8.484,8.03873198,7.3165041,12.281356059999998,,,,,,
ISic000206,0.6849493200000001,7.43967815,42.3274198,78.16190500000002,0.43172449529999996,23.22879846,38.550000000000004,28.065011708191594,6.786714000000001,1.2031092,0.0070904569,3.4240000000000004,8.1029252,5.22805201,329.883573,0.0081257992,6.0440000000000005,6.21601059,4.878707202,9.452079509999999,,,,,,
ISic000206,0.2778195954,3.77176772,102.9479756,76.55133000000001,0.26017991999999995,27.61215324,42.21,31.605191421474128,7.475668300000001,1.1858562,0.0083971647,1.478,12.750796000000001,6.74506183,320.65151399999996,0.032878634000000004,8.615,6.417164,6.26313507,16.7730858,,,,,,
ISic000206,4.673741307,7.1301628599999995,63.3290068,87.657295,0.129213081732,52.69965316,53.03,35.96032474126467,5.28232573,1.332315,0.0107719012,2.9610000000000003,16.7097125,7.62459201,347.437488,0.018794163200000002,2.582,7.01445388,23.02363737,10.00983188,,,,,,
ISic000207,0.04097242296,9.18057312,38.09359218,81.98527000000001,0.5849872448,24.153179400000003,50.980000000000004,15.39812599418566,12.185236499999998,1.0785042,0.0081150894,4.6129999999999995,16.318962300000003,8.07514153,125.7640488,0.0214631128,5.7860000000000005,11.46944658,16.12744308,6.25817066,,,,,,
ISic000207,4.702280862,10.153335460000001,69.5012029,83.98798500000001,0.7426042008,24.44142722,45.089999999999996,23.8698429469321,4.78771824,1.2132693,0.0141375176,6.513,17.491212899999997,5.93862612,127.07734169999999,0.0048435116,0.4849,10.55870292,9.76571682,8.19477332,,,,,,
ISic000207,9.42843117,7.886984299999999,54.44212396,77.67173000000001,0.32609546970000003,24.1034815,41.64,42.62746646582998,7.56101637,0.9753695999999998,0.024976924,3.4419999999999997,14.7559615,9.77428839,124.5807849,0.014660636800000001,4.377,12.01737366,26.66632239,11.61556449,,,,,,
ISic000207,20.9117103,9.82222608,102.391426,63.722750000000005,0.074181512363,38.59538914,83.71,338.01740539172386,6.71062054,1.8385947,0.029147781,4.5360000000000005,69.0702393,7.9720903100000005,170.33799,0.07891615600000002,13.709999999999999,12.476447700000001,69.0657231,10.96732929,,,,,,
ISic000207,31.94354556,9.2648929,4.1260896768,57.868660000000006,0.1862756553,25.66399556,103.8,1220.2923598913108,11.1877952,2.346408,0.033535618999999996,2.909,94.39702199999999,6.45028741,178.13973,0.45981764,46.699999999999996,8.92726238,63.098361600000004,16.124850600000002,,,,,,
ISic000207,8.598189569999999,10.21400457,42.385160559999996,64.408995,0.01501033231047,25.9920017,66.68,396.2566525918609,9.49008841,1.8512469,0.0197139293,6.524,60.2475111,9.13920529,159.675612,0.07259691600000001,5.149,10.85858193,250.0583919,12.292159980000001,,,,,,
ISic000208,1.368341937,8.64174916,66.2427176,42.309105,1.0654426517,24.61040008,55.57,19.00670751658999,20.3292933,0.6404696999999999,0.008136787500000001,6.117,22.6326629,13.2169181,43.8327759,0.021202908800000003,0.2778,8.91245354,12.30833172,6.5971436500000005,,,,,,
ISic000208,2.6754535560000003,6.6201310200000005,164.8670042,44.087740000000004,1.32880748,44.39016428,62.01,32.44957517829996,10.7353476,0.868401,0.0096556545,6.535,31.362845,8.66588864,49.749095399999995,0.025596639200000004,6.236,7.6290207400000005,10.60633644,10.90115528,,,,,,
ISic000208,4.143943386,10.3754461,86.75936610000001,37.89753,0.7306236672,21.42973448,66.25,39.13985125378011,14.1595533,0.8137664999999998,0.0087660324,9.182,15.835666,5.561171069999999,44.6259528,0.032949260800000005,1.601,10.03422317,12.43805697,9.35619472,,,,,,
ISic000220,0.2322600876,8.55742938,58.809439860000005,85.332465,0.020633514692,24.0040857,52.82,60.50320134680474,10.029940660000001,1.4709141,0.0103331174,6.0569999999999995,22.3036101,8.14583946,141.471552,0.042153048000000005,0.29069999999999996,8.74338595,17.123733,7.90846944,,,,,,
ISic000220,13.44472491,10.714781799999999,58.0939159,82.04129,0.112728394548,26.389584900000003,45.73,99.65711964824933,8.31475294,1.6865766,0.0081416093,15.19,28.2676921,6.2190213000000005,133.799841,0.06059036,7.659999999999999,10.55870292,13.159329360000001,10.338000950000001,,,,,,
ISic000220,2.604364119,7.53633741,92.5765706,88.021425,0.088290218723,34.10269898,55.44,66.96884722684882,7.870531659999999,1.4515524,0.0096074365,9.303,21.0593792,7.30465392,151.483785,0.03943949200000001,1.004,11.690345109999999,19.8220182,11.56559636,,,,,,
ISic000228,0.4278338745,13.049000099999999,41.0199328,53.078950000000006,0.0062280848437500005,29.97777328,65.07,665.0893608521837,12.750796000000001,1.2999177,0.0151693828,0.474,22.8588867,13.516485600000001,201.54495,0.155527648,0.884,14.3028713,25.67522148,79.5033463,,,,,,
ISic000228,0.4020444948,10.755913399999999,22.840211179999997,44.64794,0.7036970325,23.96432738,62.34,802.8466566646184,7.43350841,1.274805,0.0216908673,4.805,24.2882098,9.972002940000001,225.34025699999998,0.10300361200000001,17.31,16.450153099999998,23.630751540000002,22.4991634,,,,,,
ISic000228,26.09553129,6.272569,52.480007300000004,54.675520000000006,0.5768622552,33.059043079999995,60.41,219.71328148520064,10.6016699,1.0407392999999998,0.0078667667,9.469000000000001,23.2702027,8.046383050000001,136.27039200000002,0.10229734400000001,4.825,11.97171307,15.899126639999999,17.988526800000002,,,,,,
ISic000229,12.65599539,5.49004031,87.37325340000001,53.89124,0.4746875,25.96218296,35.74,9.540464401908167,3.7820506199999997,0.7631576999999999,0.0017558584700000002,0.7606999999999999,10.7456305,4.27662563,79.2266697,0.0164969336,18.09,10.579682109999998,8.5099764,7.65052585,,,,,,
ISic000229,1.113561546,10.18109929,44.145372179999995,96.004275,0.00364899128223,34.76865084,47.7,34.2616084708016,8.221178550000001,1.2500757,0.0083851102,7.869999999999999,16.5040545,5.67380845,124.2817182,0.030362089600000003,7.34,10.55870292,11.96585706,10.09356226,,,,,,
ISic000229,1.632462546,10.27775855,43.50886356,60.431575,0.4718924168,25.415506060000002,38.4,16.37383577875843,11.5271309,0.7572150000000001,0.0020237094599999997,7.1659999999999995,17.7380025,5.0806648,98.1198834,0.019151014400000003,15.9,7.281013,6.20086695,6.25411919,,,,,,
ISic000231,0.1879459422,9.45821142,65.5794906,67.36405,0.00950992243628,23.02006728,62.69,421.3136207427487,10.9512885,1.1275794,0.092313361,8.357,16.9976337,9.7539178,553.013337,0.06278350800000002,11.47,17.400387000000002,30.49581177,18.8258306,,,,,,
ISic000231,4.094647791,9.871584,96.08770129999999,65.48738,0.085801352427,14.491907639999999,73.39,468.9877200892265,9.254610000000001,1.1542257,0.096869962,4.48,22.7354919,9.225480730000001,532.468755,0.090476648,29.23,22.213260000000002,65.3296359,21.4998008,,,,,,
ISic000231,0.3159069288,8.0309449,58.50738868,62.980485,0.8339839200000001,27.9799177,67.02000000000001,547.2489511108704,7.373867590000001,1.4822244,0.075316516,14.07,13.912763700000001,9.49389321,481.887474,0.09051382000000001,4.327,15.919502999999999,25.62852039,20.0682814,,,,,,
ISic000232,1.4575929090000002,9.20113892,3.1544199792,40.0543,0.061584944288,39.30109932,79.13,785.7364671270068,8.77234199,1.8951462000000001,0.056993676,3.387,38.643138199999996,15.745267799999999,102.3718317,0.167905924,21.22,6.02472974,45.47648364,13.599434299999999,,,,,,
ISic000232,0.6309836160000001,10.982137199999999,22.77167986,43.247440000000005,0.1314041673,19.22314772,67.35,451.676452668133,7.943540249999999,1.4737896,0.0226118311,7.208,38.7254014,8.67427653,119.4836481,0.128689464,30.53,6.40975958,36.65516664,14.2881842,,,,,,
ISic000232,14.165997299999999,6.29724796,65.049341,67.069945,0.26002657170000004,57.51040988,60.949999999999996,431.3207173659491,8.77851173,1.7582723999999998,0.0187688565,8.432,30.5813446,9.00140424,144.72227700000002,0.11095842,31.529999999999998,7.23782055,25.59219732,11.422444420000001,,,,,,
ISic000232,5.8635813,7.334792569999999,1.31083618,75.24886500000001,0.36771289170000004,35.931581699999995,74.01,374.37461709227614,6.2890216400000005,1.731051,0.010051042100000001,9.591,20.3395762,8.46457928,179.17996200000002,0.138688732,4.867,6.64546695,26.967284969999998,11.673635560000001,,,,,,
ISic000232,1.898658759,6.1625419699999995,62.272355600000004,77.713745,0.0019504554484799997,23.82517326,61.83,412.1492298965512,9.727623399999999,1.8984051,0.0086816509,7.0840000000000005,33.2754644,8.66828518,187.24176,0.146420508,9.043,7.1082431999999995,30.46986672,11.252282679999999,,,,,,
ISic000232,10.41434307,6.597508639999999,4.7384085752,72.027715,0.6851399512999999,40.57336556,53.72,502.5513720598199,9.65152994,1.976427,0.010846639100000001,5.721,31.8050097,11.53454702,206.35602300000002,0.1589103,65.94,9.79111138,23.31422193,12.79859373,,,,,,
ISic000232,0.752925351,5.7080377900000006,60.459825099999996,76.94347,0.025576745242999997,39.99686992,53.19,338.68065836043127,7.27926491,1.8199998,0.0100679184,6.178999999999999,24.9257496,9.91688252,148.493118,0.1366071,22.2,7.912856840000001,27.7612035,10.48790534,,,,,,
ISic000232,21.15040476,10.16361836,128.4619033,59.75933500000001,0.3435007128,49.886752019999996,70.51,857.8915316894286,7.58775191,2.1163679999999996,0.011234794000000001,6.313000000000001,42.6226205,9.58735827,201.154863,0.169467148,33.64,7.99060325,37.890151020000005,13.157824069999998,,,,,,
ISic000232,13.553694120000001,6.14403275,101.8352604,67.069945,0.1551595353,24.0040857,64.05,712.9148536383186,11.8150521,2.426922,0.012659635899999999,6.0120000000000005,31.506805600000003,5.9434192,219.35892299999998,0.129135528,5.937,8.44474101,39.01616619,12.98226037,,,,,,
ISic000234,8.224580849999999,12.771361800000001,24.05628968,77.83979000000001,0.2503684512,33.38704922,70.80999999999999,55.555522348545686,5.86330958,1.3290560999999999,0.0104584842,10.79,42.1701729,8.29442494,144.33219000000003,0.057616600000000004,9.745000000000001,6.55414577,22.624083600000002,14.814875299999999,,,,,,
ISic000234,3.7168878629999997,6.93787263,76.8686399,78.413995,0.6245724596999999,29.09315066,62.43,132.23745144009985,12.771361800000001,1.719549,0.007529240699999999,9.694,50.571302200000005,8.61675957,137.83074,0.06635202000000001,0.532,6.82810931,51.05466939,12.21248107,,,,,,
ISic000234,35.643309689999995,8.6582018,58.599303860000006,79.674445,0.1390143573,22.5628466,72.22,155.92785578434342,12.236651,1.5692562,0.0105693856,0.3922,53.8104157,8.184184100000001,149.53334999999998,0.070663972,45.97,5.56318756,40.75448454,10.49060632,,,,,,
ISic000252,0.3132086436,9.21553498,60.47957368,42.589205,1.0940395977,33.993363599999995,90.36,1456.7934390409755,6.969749620000001,1.4697639,0.035512557,3.732,22.6532287,11.10316982,723.091269,0.065720096,27.68,8.94083715,54.1732644,13.7614931,,,,,,
ISic000252,14.249021460000002,9.08288557,90.655527,39.35405000000001,2.05704702,23.44746922,102.10000000000001,1296.9884602425525,7.56615782,1.4523192,0.035102704,7.807,26.499033299999997,8.98223192,629.3403599999999,0.080811928,24.22,11.95320202,46.06803078,15.773723200000001,,,,,,
ISic000252,0.40401631860000004,7.80986255,134.294041,42.8553,1.3135092432,53.68367158,109.7,1367.4404082027204,4.78463337,1.6520706,0.040117376,5.545,32.421983700000006,8.91393053,656.2563630000001,0.05858307200000001,47.73,13.0688013,49.70552679,13.186184359999999,,,,,,
ISic001132,3.1632204959999997,7.15484182,61.88969886000001,83.32975,0.2911849808,28.983815279999998,838.6,168.4189516670832,9.431475879999999,1.2600441,0.026013611,0.0038170000000000005,18.4578055,9.21349803,96.0264165,0.055758,4.569,15.722051800000001,97.1901573,11.9248267,,,,,,
ISic001132,0.2537944791,10.031997239999999,62.39775256,89.18384000000002,0.0748942425,27.54257618,400.20000000000005,123.15936664709287,9.16309219,1.3135283999999998,0.025242122999999998,0.2757,20.4835368,9.26622191,90.68222460000001,0.0300758652,1.089,15.2531052,51.50092425,12.90258146,,,,,,
ISic001132,7.09856568,8.30549833,51.55624476,67.714175,0.021253226043000003,19.710187140000002,176.0,37.22167344468375,6.25097491,0.9811206,0.0204251448,1.359,11.701940200000001,6.67196736,67.5630684,0.0239833744,0.6784,11.157226869999999,25.6337094,8.19882479,,,,,,
ISic001132,0.43572116969999997,9.49214499,43.88812618000001,51.972555,0.034741552307,27.522697020000003,144.7,124.14256572038721,5.3111178500000005,1.0852137,0.0175296539,3.755,17.4397984,3.37672486,72.4781646,0.08144385200000001,0.01002,10.551298500000001,40.99836801,10.64591267,,,,,,
ISic001132,0.569753298,9.31733569,5.13928956,62.82643,0.48587236879999995,22.19508214,216.70000000000002,155.23369792076147,5.83863062,1.0752453,0.0201936984,0.7222999999999999,18.7971412,5.51443854,73.3233531,0.07122155200000001,13.12,14.685433000000002,47.744081009999995,11.12128515,,,,,,
ISic001132,0.8914719179999999,12.4217432,54.089716179999996,71.551545,0.047892797567999995,32.14460172,758.5,170.8241032699447,4.07100011,1.1264292,0.0197500928,2.306,16.946219199999998,5.74570465,75.54684900000001,0.04297083200000001,4.432,13.6611549,162.3122328,9.59928292,,,,,,
ISic001133,0.0001281166569,9.24021394,122.1703697,91.70474000000002,0.2756753097,46.2687449,61.43,272.12769113911145,3.50955377,1.5757739999999998,0.018749569299999998,5.186,29.038909599999997,7.5610837,234.31225799999999,0.057244880000000005,0.09774,10.3538473,30.52175682,13.31718189,,,,,,
ISic001133,0.13901357790000002,10.632518600000001,73.37680350000001,67.966265,0.043881228363,21.85713642,47.82,105.2761229436176,10.8278937,1.1824055999999998,0.0178020856,1.881,38.704835599999996,6.77142377,183.60094800000002,0.0343246248,10.38,7.029262719999999,15.17266524,10.72829256,,,,,,
ISic001133,8.88358512,10.344597400000001,30.6562326,62.140185,0.34088108250000004,23.358013,52.11,68.96536723846351,7.97027579,1.0424646,0.0191570114,6.384,38.9619081,8.2800457,161.88610500000001,0.028250720000000003,10.370000000000001,7.5771898,15.935449710000002,22.566687899999998,,,,,,
ISic001134,11.23420665,6.718846859999999,103.5049092,99.05736500000002,0.4956650825,31.995508020000003,48.52,117.08576967658186,6.482340160000001,1.4870169,0.0208494632,7.213,21.8922941,8.440613879999999,239.383389,0.044346196000000004,16.330000000000002,8.80138724,14.98586088,7.181905820000001,,,,,,
ISic001134,0.855667749,6.78260084,38.1701043,53.30303000000001,0.022190395227,17.93100232,38.11,38.456906690859704,4.69620043,0.7784937000000001,0.010079972900000001,4.312,11.547696700000001,5.73012714,131.32929000000001,0.026644889600000003,16.02,6.2320535,9.00812136,8.35548163,,,,,,
ISic001134,8.738292840000002,9.30705279,32.4240602,52.88288,0.21133282169999998,32.23405794,42.660000000000004,25.754342908739563,5.34093826,0.8011143000000001,0.0100486312,6.003,16.0207582,5.28916378,139.521117,0.023444380400000003,15.18,6.85525885,8.07409956,9.96391522,,,,,,
ISic001134,2.503697325,7.983643559999999,33.90506726,75.45894,0.0683746728,21.58876776,50.949999999999996,165.7910149025348,6.33323811,1.0464903,0.0220139279,7.973,10.3754461,3.99143737,216.36825599999997,0.015207065200000001,3.035,4.652443900000001,10.663415550000002,9.25625846,,,,,,
ISic001134,1.5930260699999998,12.3497629,21.37771218,81.13096500000002,0.043018491012,27.24438878,47.809999999999995,228.17794806625992,17.7277196,0.9880217999999998,0.0226166529,11.24,12.4217432,5.72413579,225.860373,0.018087895200000002,26.36,8.10413769,6.52777458,5.26150904,,,,,,
ISic001134,0.02828529351,7.82837177,50.912928900000004,63.988845000000005,0.4492379472,25.11731866,45.15,10.656862079256268,8.99033947,0.9280196999999999,0.0068734759,0.0022689999999999997,18.3858252,4.590572369999999,153.824307,0.006244896,13.17,9.73928044,6.06595269,8.35683212,,,,,,
ISic001135,28.721170349999998,11.1466636,28.283409680000002,84.17005,0.7227461472,30.98167086,46.37,37.023668304685756,11.3214729,1.0610595,0.008896221000000001,1.101,19.6609048,6.97273313,197.514051,0.049327244000000006,32.86,7.27607672,4.864696875,14.0180862,,,,,,
ISic001135,0.017274214290000003,7.6042045499999995,38.57193467999999,80.61278,0.8492064671999999,32.96958686,59.56,43.57054868544797,8.30652662,0.9502568999999998,0.0062008348,2.2809999999999997,15.5168961,7.44604978,190.102398,0.0117389176,27.1,8.09426513,9.329839980000001,9.308927570000002,,,,,,
ISic001135,0.5593752780000001,11.5065651,24.1311998,59.9414,0.5478307800000001,26.71759104,38.08,58.079185644263376,2.56764013,0.8845038,0.009474837,1.2389999999999999,14.519454799999998,6.39037391,165.786975,0.045275496000000005,1.229,6.59733822,5.41732644,9.57632459,,,,,,
ISic001136,12.32908776,7.10856877,54.683689560000005,75.57098,0.8812793807999999,18.199370979999998,370.3,78.05691514987507,5.73168846,1.2644532,0.027484260000000003,5.276999999999999,78.1191913,7.24354215,328.97337000000005,0.038547364,23.85,7.28471521,146.3819721,8.360883589999998,,,,,,
ISic001136,12.46919103,2.3856328,120.0361487,78.79213,0.4818325512,14.88949084,97.78999999999999,74.34354490524326,5.84582865,1.4141708999999998,0.032137296999999995,0.01774,84.4123261,5.5108437299999995,370.062534,0.0268902248,0.8871,7.06134854,132.0603045,17.407816099999998,,,,,,
ISic001136,30.15852612,10.6016699,68.7684522,67.89624,0.7348789833,23.676079559999998,163.5,120.62299361826454,3.96200137,1.4122539,0.034307106999999996,2.274,85.9547611,5.37783576,349.127865,0.034030966,20.21,9.45421027,243.3126789,12.17061588,,,,,,
ISic001138,1.33357557,8.06282189,102.1828189,75.48695000000001,0.20766356730000002,22.9604298,69.34,100.99696873861933,6.587225740000001,1.2932082,0.073652995,11.63,27.7226984,6.597674619999999,283.20316199999996,0.05705902,38.71,8.18065003,31.175572080000002,11.0875229,,,,,,
ISic001138,0.3367148589,6.460746070000001,82.475763,71.411495,0.001871949632,17.08613802,68.88000000000001,144.22529215921077,9.49214499,1.1812554,0.055956989,1.272,29.8409758,9.23027381,310.249194,0.08092344400000001,42.03,10.59942723,30.018422849999997,13.30502748,,,,,,
ISic001138,4.028228463,9.97029984,25.06205346,71.14540000000001,2.13491628,41.875450539999996,97.99000000000001,1652.8345211078058,8.13685877,1.6867682999999998,0.157986277,17.89,44.4838254,12.270284799999999,307.90867199999997,0.106534952,25.009999999999998,12.191377529999999,48.02428755,25.7673492,,,,,,
ISic001138,16.25716833,9.18777115,167.03700750000002,61.95812000000001,2.48037062,50.831012120000004,95.83,2614.9494697180453,7.42014064,1.6146890999999999,0.140941214,20.7,34.056964799999996,13.7321742,301.277193,0.09326454800000002,38.57,12.16546206,41.558781090000004,17.5428651,,,,,,
ISic001138,6.0192516000000005,10.04125185,167.48660370000002,69.08666500000001,0.47825965530000003,25.0974395,86.58999999999999,1404.7135731651626,7.30497216,1.5941772,0.13838566,13.010000000000002,41.4709357,9.175153389999998,312.45968700000003,0.089621692,30.41,9.9342635,37.890151020000005,16.124850600000002,,,,,,
ISic001140,0.1481462355,8.95126445,53.76356868,35.93683,0.3137839817,21.06197002,38.44,14.692958276212583,7.72142961,0.5563134,0.0025555540000000002,4.6739999999999995,11.485999300000001,2.92138226,49.5670548,0.022370109600000004,2.001,6.07409254,7.913240249999999,5.17912915,,,,,,
ISic001140,2.887684065,9.54355949,21.626414179999998,55.823930000000004,0.4694082792,18.87526242,49.370000000000005,31.755925277402543,6.63144221,0.7702505999999999,0.0055908771,0.02316,14.8896392,4.51627963,75.3257997,0.0157683624,8.445,7.5525084,19.925798399999998,10.62565532,,,,,,
ISic001140,0.3096801168,8.00112449,49.02537486000001,37.37934500000001,0.3527497008,27.0356576,27.75,18.919305955888923,7.8026645199999995,0.6418115999999999,0.0042046096,5.1209999999999996,13.563145100000002,6.09320295,60.944592300000004,0.0063266744,0.3215,6.39371667,9.07557849,4.544398849999999,,,,,,
ISic001143,30.15852612,10.6016699,68.7684522,67.89624,0.7348789833,23.676079559999998,163.5,120.62299361826454,3.96200137,1.4122539,0.034307106999999996,2.274,85.9547611,5.37783576,349.127865,0.034030966,20.21,9.45421027,243.3126789,12.17061588,,,,,,
ISic001143,0.2530680177,6.80111006,33.29707718,95.34604,0.7945605717,33.794572,54.0,18.158661486941224,8.13685877,1.2600441,0.0105235785,2.471,17.995075,7.974486850000001,129.768942,0.0366999156,17.45,8.98032739,19.23566007,11.08482192,,,,,,
ISic001143,0.7918429260000001,10.766196299999999,58.907962260000005,83.95997500000001,0.0002534554183287,30.23620236,54.31,44.82951727224098,10.22942892,1.6459362,0.0138988385,0.4044,19.8357141,10.73290439,123.6965877,0.050405232,13.200000000000001,8.6878528,16.36613754,17.3537965,,,,,,
ISic001143,22.411334189999998,4.80417088,1354.803356,66.28566500000001,0.6330330825,20.04813286,69.47,154.77169269834263,9.63199243,1.1385063,0.013129761399999999,0.10260000000000001,32.6893391,10.846740039999998,165.13683,0.07965959600000001,5.311,10.198354479999999,38.10808944,12.84721137,,,,,,
ISic001143,1.668785616,10.7250647,18.1966197,67.88223500000001,0.6454180152000001,29.03351318,71.61999999999999,385.94697905265355,5.91472408,1.8748259999999999,0.017008899499999997,7.627999999999999,23.1673737,7.37774839,113.6063373,0.11095842,19.68,8.09920141,36.40090515,11.91672376,,,,,,
ISic001143,3.473004393,7.893154040000001,64.1886669,75.17884000000001,0.092737728132,35.5339985,72.66999999999999,629.6253456290808,5.96716687,2.3694119999999996,0.0185566973,6.196,37.2960783,7.85106504,136.53045,0.11225944000000002,2.678,9.12841579,40.98280098,10.05439805,,,,,,
ISic001148,0.636172626,6.660234330000001,38.9357007,57.028360000000006,0.49208932079999995,40.22548026,58.85,246.40770913057258,8.86797296,1.2201704999999998,0.018838772599999998,2.847,29.419376900000003,5.814006040000001,295.81597500000004,0.050962812,16.290000000000003,7.631488880000001,57.2347803,6.0150824599999995,,,,,,
ISic001148,0.63305922,6.253031490000001,26.7898383,86.32682,0.018064230912,25.46520396,48.82,34.004547042582715,5.526030459999999,1.272888,0.011526512899999999,15.14,15.4140671,8.36272633,242.894172,0.0283845392,0.05253,8.506444510000001,15.97696179,12.436662409999999,,,,,,
ISic001148,1.482500157,9.35435413,104.9686869,83.02164,0.019575525312,43.3862667,46.29,27.581492651878452,7.32348138,1.0775457,0.0095085896,3.907,15.630008,6.124357969999999,234.31225799999999,0.0231470044,0.5048,8.20039515,14.08297314,11.3711258,,,,,,
ISic001150,0.27387594779999996,8.26539502,14.3423572,55.851940000000006,0.4077306968,31.23016036,45.17,36.235052996653394,7.334792569999999,0.998757,0.0157600533,3.78,15.753402800000002,6.5161922599999995,134.710044,0.0256635488,12.14,9.353016530000001,13.06592718,6.1987491,,,,,,
ISic001150,0.1024310574,12.1749536,47.36904718,62.658370000000005,0.01196758014375,19.46169764,39.47,36.05182667602312,9.72351024,0.8388791999999999,0.012189510399999999,0.009675000000000001,14.1389875,5.04950978,169.557816,0.028923533200000004,0.9716999999999999,7.547572120000001,4.759878873,5.58967811,,,,,,
ISic001150,1.147290111,9.56412529,60.80879618,93.02121000000001,0.1858176432,29.30188184,42.97,81.78912441158735,5.90135631,1.5186473999999999,0.015453869,4.002999999999999,21.4706952,8.31958861,246.404955,0.05523759200000001,16.7,8.37810123,31.26897426,9.28596924,,,,,,
ISic001151,0.30822719400000004,12.6274012,81.3239501,87.39120000000001,0.00572975039175,39.6092263,56.3,110.02749755404652,7.8489375699999995,1.3886747999999998,0.018713405800000003,6.195,38.3757828,6.86129402,319.481253,0.059995608,5.618,10.01571212,27.4498629,8.65258943,,,,,,
ISic001151,0.168642825,6.93273118,0.8565311624999999,81.32703500000001,0.16384788,20.21710572,51.94,82.2826079345055,7.876701400000001,1.3004928,0.017336781899999997,5.214,30.2728576,4.89013987,287.754177,0.05523759200000001,24.029999999999998,9.9342635,28.63814619,4.81584734,,,,,,
ISic001151,0.3844537509,5.27718428,59.7360834,90.822425,0.0048146668304700005,20.107770340000002,56.74,88.733746460129,8.694191949999999,1.2460499999999999,0.016724413299999998,2.705,28.9257977,4.09448859,326.242761,0.07252257200000001,1.2249999999999999,10.22426995,26.386115850000003,13.7209784,,,,,,
ISic001155,1.050774525,6.12346695,79.9035164,87.993415,0.023127618227,28.645869559999998,47.79,31.793642766726023,7.192888550000001,1.1427237,0.03688677,4.17,15.1672775,6.34963273,173.198628,0.012935856,1.7069999999999999,9.85034674,10.19121564,6.8793960599999995,,,,,,
ISic001155,2.6246012579999998,9.532248300000001,23.86281186,89.954115,0.17284586970000002,27.2344492,62.4,63.202749430502706,8.107038359999999,1.4835663,0.063623651,10.48,16.761127000000002,8.22612355,166.30709099999999,0.034848750000000005,2.359,9.60353274,14.8924587,13.4643853,,,,,,
ISic001155,2.5452094049999996,8.68288076,33.0312554,80.822855,0.032064171188,29.90819622,60.32,123.36827508038633,8.25408383,1.3014512999999999,0.03736895,4.831,47.5481296,9.4303849,194.523384,0.053193132000000004,12.61,16.0182286,23.42319114,9.62224125,,,,,,
ISic001158,3.81392235,6.404190119999999,152.3952386,71.67759000000001,0.4852507968,34.61955714,46.12,65.75270536878674,10.396011900000001,1.0961406,0.0201382477,0.1223,18.6017661,6.87447499,126.1411329,0.019619381600000003,10.22,9.45791248,25.37944791,15.5711497,,,,,,
ISic001158,0.3508808562,4.83501958,25.950415399999997,94.09959500000002,0.0016620994040700001,41.0504654,55.76,95.60735653304219,8.19752788,1.3325067,0.018057641000000003,0.03636,18.9822334,9.448358950000001,151.353756,0.0368783412,17.64,10.34644288,21.26975199,14.1261254,,,,,,
ISic001158,0.1983758523,11.0438346,78.41828100000001,95.920245,0.8023117200000001,28.84466116,49.52,134.2687703965563,7.58466704,1.5849755999999997,0.026206483,2.835,22.5298339,6.58928673,163.83654,0.079510908,7.761000000000001,10.95113718,48.543188549999996,8.7241654,,,,,,
ISic001161,0.3558623058,7.2700103,55.23241368,62.95247500000001,0.5813930325,30.05728992,49.22,91.94102811634816,6.08953338,1.4826078,0.0151187539,4.129,18.961667600000002,6.1830732,125.9850981,0.04962462,0.1429,9.09015962,19.73899404,8.92133694,,,,,,
ISic001161,0.6745713,5.7800180899999996,45.75533468,51.258300000000006,0.138877342947,30.84251674,44.76,49.958946072202316,6.1419761699999995,1.0957572,0.013423891200000001,0.6951,21.326734599999998,5.84516106,110.9667486,0.024797441200000003,17.33,5.81123563,21.66930576,6.98473428,,,,,,
ISic001161,0.0874348185,5.71626411,39.484909599999995,64.68909500000001,0.015842882307,32.58194324,50.559999999999995,827.8283097960802,5.09312037,1.3470758999999999,0.02218028,3.758,19.8665628,4.59296891,161.626047,0.0225411008,36.81,15.6480076,23.17411866,8.65934188,,,,,,
ISic001169,1.205407023,5.56202061,56.86802618,48.975485000000006,0.8504755952,23.32819426,58.63,419.10527341583975,7.585695329999999,0.9880217999999998,0.031486354,5.571,20.5143855,6.77981166,799.67835,0.06230027200000001,35.54,11.07577825,47.72332497,4.73346745,,,,,,
ISic001169,0.1322678649,7.219624089999999,90.1760011,61.88809500000001,0.7583803807999999,36.91560012,66.60000000000001,273.92492415570615,8.68185247,1.1319884999999998,0.039514651,0.023190000000000002,18.303562,9.21829111,661.327494,0.056166891999999996,16.98,12.5751733,19.349818289999998,11.17530475,,,,,,
ISic001169,0.30532134839999997,7.1959734200000005,37.6984172,73.20413500000001,0.00456853926732,48.38587544,62.150000000000006,237.35157791133543,5.13013881,1.1766546,0.041877332999999996,8.31,19.948826,9.84498632,706.4475570000001,0.046056108000000005,14.059999999999999,14.2658492,19.422464429999998,11.69794438,,,,,,
ISic003083,0.2081830812,7.2823497800000005,22.534991159999997,68.918605,0.15622628,24.52094386,471.9,324.5576053897514,5.8509701000000005,1.4686137,0.0237425432,2.826,27.6712839,5.97457422,212.467386,0.129767452,0.014759999999999999,11.719962789999999,136.2634026,12.96200302,,,,,,
ISic003083,1.4140052250000001,8.06693505,101.2100331,80.55676000000001,0.0039358726014299995,19.78970378,233.5,138.32804549898984,6.85149627,1.1875814999999998,0.0240318512,12.72,29.0697583,6.89844039,198.94437,0.05572082800000001,19.3,5.97536694,62.9426913,8.01920962,,,,,,
ISic003083,0.2022157197,8.86797296,72.4394657,78.554045,0.008164183345429999,49.13134394,191.7,188.09024236230925,6.92244828,1.3194711,0.0221971563,8.309,33.326878900000004,4.22629829,232.49185200000002,0.070292252,1.6059999999999999,8.24852388,60.348186299999995,7.079268580000001,,,,,,
t0-0CC-1,95.7891246,6.101872859999999,150.1859576,0.6935276,8.08661658,69.23911428,114.5,12138.190570606528,6.0566281,6.8628599999999995,0.031992643,10.11,50.3656442,405.973876,13.7050566,0.167348344,11.17,160.058879,79.08051239999999,338.027647,,,,,,
t0-0CC-2,48.735181919999995,6.831958759999999,154.8316847,0.6596355,7.7094399199999994,48.5548483,108.8,12262.1166100022,6.4628026499999995,7.232841,0.029485307,9.183,59.764214800000005,415.560036,22.742072099999998,0.15865009600000002,9.359,164.995159,76.4341173,356.124213,,,,,,
t0-0CC-3,70.8299865,3.54040247,200.19257700000003,0.7113139500000001,12.11187362,23.43752964,111.0,12014.939057701251,7.60626113,6.952958999999999,0.038333309999999995,8.246,50.2628152,420.832424,16.6567149,0.15017488,24.2,160.058879,77.73136980000001,348.83156699999995,,,,,,
t0-10CC-1,65.0701854,5.531171909999999,181.91163039999998,6.3176555,8.14208108,57.73902022,101.8,9097.744347407515,3.4684221699999997,6.684578999999999,0.027219061000000003,6.42,60.278359800000004,359.840481,138.610914,0.129024012,1.048,148.33521399999998,68.0279211,317.905346,,,,,,
t0-10CC-2,85.20354420000001,5.02319665,138.3491522,6.316255000000001,7.635797820000001,48.1075672,134.6,9009.670832963751,0.322471744,6.931871999999999,0.027821786,0.3699,45.3373061,361.398232,143.291958,0.12538115600000002,29.669999999999998,145.743667,82.03824809999999,311.017847,,,,,,
t0-10CC-3,64.5512844,6.69622448,132.850347,6.349867000000001,6.245090879999999,49.33013554,109.3,8904.583252337514,4.25506402,6.813018,0.026857426,4.172,50.0365914,370.26543,144.852306,0.105903028,39.75,157.220518,74.0471727,334.111226,,,,,,
t0-20CC-1,42.285242489999995,7.983643559999999,63.725647,11.6591625,4.823122499999999,65.51177178,96.18,6407.35360058583,6.1419761699999995,6.826437,0.022481642500000003,6.071,40.9670736,304.600234,236.392722,0.12214719200000002,15.83,127.97305899999999,63.098361600000004,265.641383,,,,,,
t0-20CC-2,64.7069547,3.36662146,64.51957540000001,11.8048145,6.13692618,37.93937686,88.78999999999999,6143.254114138726,3.53423273,6.673077,0.026278810000000003,2.71,45.8000366,316.103626,237.172896,0.13831701200000002,0.8456,128.219873,67.7684706,272.79898000000003,,,,,,
t0-20CC-3,54.9516159,2.89874951,152.6164637,11.5695305,6.70017138,51.79515138,80.95,6785.726644299895,1.50644485,6.462206999999999,0.025507322,0.6675,36.3397686,321.25618699999995,234.0522,0.08609035200000001,7.102,121.926116,62.4756804,273.204127,,,,,,
t0-30CC-1,42.48761388,4.8329629999999995,142.42307939999998,17.058090000000004,3.65617518,56.71524348,87.38,4921.4218008171,4.02781193,6.552306,0.024784052,4.676,37.1932493,272.36677099999997,305.308092,0.07854443600000001,25.740000000000002,115.385545,59.9330655,239.71197500000002,,,,,,
t0-30CC-2,23.594428469999997,1.8365259399999998,78.6881078,16.86202,4.10190522,61.426604399999995,85.53999999999999,4857.76040483238,7.021164120000001,6.485211,0.0184313305,6.977,34.1803596,267.21421000000004,294.125598,0.093041516,7.456,103.8346498,52.201440600000005,237.956338,,,,,,
t0-30CC-3,38.362350930000005,6.90908051,165.24078269999998,16.91804,2.54945502,30.07716908,85.95,4722.979192420999,7.620657189999999,6.519716999999999,0.0170860483,13.370000000000001,39.7639743,267.813345,294.255627,0.095271836,3.089,109.9926591,53.706253499999995,243.628396,,,,,,
t0-40CC-1,38.134034490000005,8.68288076,239.7854547,26.035295000000005,3.77459348,26.17091414,88.85000000000001,2837.7642371403317,2.64476188,5.912027999999999,0.0190316446,5.3,33.676497499999996,211.37482799999998,397.88874,0.053564852,0.322,86.7180989,34.34605719,186.502669,,,,,,
t0-40CC-2,15.36465861,11.5271309,120.675848,25.783205000000002,2.42354462,44.429922600000005,86.11,2903.4287227007017,3.0838417099999997,5.90436,0.015135630200000002,6.2219999999999995,36.3911831,210.775693,400.619349,0.088543704,0.6169,86.3108558,41.60029317,189.878894,,,,,,
t0-40CC-3,0.8587811550000001,7.31011361,119.53894079999998,26.27338,1.2373656393,26.67783272,80.4,3021.1989787514776,2.32702027,5.917779,0.0165267195,3.8850000000000002,39.0544542,218.684275,420.513786,0.068805372,0.3713,92.802064,42.37864467,190.554139,,,,,,
t0-50CC-1,23.80717788,6.7023942199999995,136.17443120000001,34.84444,3.43371,29.282002679999998,89.85000000000001,1829.1436187373201,2.49977299,5.643648,0.0129200131,4.428,29.213718900000003,165.960395,487.60875,0.04497812,10.44,68.8857874,42.824899529999996,154.361007,,,,,,
t0-50CC-2,9.39729711,7.91886129,169.73782469999998,35.306605000000005,3.44631378,22.69206114,68.58,1956.2395673228634,0.909728163,5.570802,0.012881438700000001,5.571,32.185477,166.08022200000002,481.1073,0.043900132,22.71,70.9096622,45.014661749999995,160.70831,,,,,,
t0-50CC-3,57.4942308,8.169764050000001,52.935828400000005,35.278595,2.44246968,40.752278000000004,78.35,1999.3068328669822,0.679905348,5.542047,0.0112540812,8.347,25.6249868,164.043163,478.24666199999996,0.052263832,0.22249999999999998,71.8352147,46.26002415,153.28061499999998,,,,,,
t0-60CC-1,0.001061671446,6.77437452,47.265657260000005,61.131825000000006,1.2879855177,28.05943434,63.919999999999995,465.1134035828954,3.5547985300000002,4.117716,0.0068107925,0.1065,21.182774,84.0346751,608.275662,0.0350680648,0.9199999999999999,35.541216,18.19266906,75.897538,,,,,,
t0-60CC-2,0.2237501112,8.31783781,47.79569296,60.97777000000001,0.8217834932999999,48.34611712,72.53999999999999,482.27743628765523,7.27412346,4.121549999999999,0.0063937068,0.1625,19.5477929,82.440976,614.1269669999999,0.0252806772,23.98,32.3943375,18.96064254,85.29694839999999,,,,,,
t0-60CC-3,13.953247889999998,8.21089565,103.01757130000001,60.431575,0.7336180425000001,27.681730299999998,68.85000000000001,463.95415886936087,7.25664253,4.041036,0.0064901428,0.016800000000000002,28.401369799999998,83.9507962,610.746213,0.03561449320000001,2.097,38.428939799999995,17.51809776,79.543861,,,,,,
t0-70CC-1,0.2434683492,5.63091604,29.7425992,68.63850500000001,1.3937179368000001,20.88305758,60.49,334.3806193087187,9.0078204,3.7266479999999995,0.0067312328000000005,0.07721,19.671187699999997,68.3493208,646.7642460000001,0.029417920800000004,22.01,28.1984995,19.988066519999997,74.8036411,,,,,,
t0-70CC-2,8.5099764,10.5811041,80.91784189999998,69.12868,1.5122005017000002,36.61741272,72.28,323.25842570966165,6.28079532,3.7132289999999997,0.0083200159,1.723,17.995075,66.32424449999999,640.392825,0.032863765200000006,0.4133,27.2606063,26.54178615,71.1438132,,,,,,
t0-70CC-3,1.553070693,9.071574380000001,66.3090733,68.20435,1.5429644888,30.59402724,66.66,341.6729860804005,6.272569,3.655719,0.0060393045,4.758,20.9359844,72.9986084,641.433057,0.0348896392,11.219999999999999,26.4337794,19.85834127,70.67114169999999,,,,,,
t0-80CC-1,1.474197741,8.89779337,105.0384566,75.26287,0.9070425000000001,21.06197002,49.5,221.88352863979878,6.1286084,3.3144929999999997,0.004903770599999999,2.0370000000000004,21.645504499999998,56.31869,662.497755,0.024232426800000005,4.216,19.5600095,20.37724227,55.0864871,,,,,,
t0-80CC-2,6.60042072,5.54659626,132.56189619999998,74.49259500000001,2.0350941799999998,36.855962639999994,65.29,237.91295551671215,5.10134669,3.3835049999999995,0.0044963285,0.061130000000000004,16.5040545,57.3611849,657.686682,0.0169578664,10.309999999999999,23.5954184,19.72861602,60.4614373,,,,,,
t0-80CC-3,0.23563294410000002,9.27414751,12.3780468,75.15083,1.3358097332999999,38.87369738,57.54,232.0492737340301,7.506517,3.046113,0.00196657113,0.1733,22.6635116,56.2827419,664.0581030000001,0.0274069156,39.57,25.940151399999998,22.97693628,60.8665843,,,,,,
t0-90CC-1,0.4325039835,8.05253899,58.73063166,88.46958500000001,0.3576845552,28.48683628,56.13,85.50142544541285,6.95741014,2.3349059999999997,0.00188363617,0.6411,11.3831703,31.2029508,698.1257009999999,0.0211397164,24.150000000000002,14.9075656,15.07407405,33.802764700000004,,,,,,
t0-90CC-2,1.1607815369999999,10.0978078,95.6048574,87.71331500000001,0.15561670319999998,37.60143114,69.35000000000001,79.8968674988891,11.3523216,2.495934,0.0049592213,0.035800000000000005,19.7020364,31.2988124,688.633584,0.0052115144000000006,6.84,15.635666899999999,11.45214507,28.670902700000003,,,,,,
t0-90CC-3,3.30539937,9.91785705,110.85025769999999,87.97941,0.6978761888,28.814842419999998,73.73,83.21996970534485,3.20003848,2.315736,0.00030473776,3.702,14.8896392,32.712771000000004,700.85631,0.0147981732,20.020000000000003,14.5496853,15.78496842,30.6696279,,,,,,
t0-100CC-1,0.17533664789999998,11.0849662,42.147812959999996,100.69595000000001,0.9395372112,27.46305954,55.309999999999995,2.8895446004925804,7.447904469999999,1.3597280999999999,0.0028906691000000003,0.1829,17.0079166,7.03863798,717.630051,0.00873542,9.174000000000001,6.98236806,2.655216417,9.59523145,,,,,,
t0-100CC-2,0.19541811660000002,8.123491,36.53971966,102.99277000000002,0.2618668437,26.71759104,56.07,3.1920157182178976,5.8612530000000005,1.077354,0.0037079642,0.2555,12.2160852,7.6365747100000005,722.7011819999999,0.014248027600000001,22.02,6.22835129,7.22829093,11.799231129999999,,,,,,
t0-100CC-3,18.27569322,7.2011148700000005,121.6719018,101.88637500000002,0.2868838392,33.30753258,49.29,2.882807486780638,8.08750085,1.0365219,0.00115433892,0.8333,15.054165600000001,9.85457248,729.722748,0.0072634088,0.3049,9.58502169,4.321407528,11.48186598,,,,,,
0-1,,,,,,,,,,,,,,,,,,,,,0.9754783093136776,0.0001416110289814438,0.007602792708148556,7.030245494250457e-05,0.0019058749984445747,0.01480110949580546
0-2,,,,,,,,,,,,,,,,,,,,,0.9761140960523031,0.00015594324339637998,0.007478466907892849,7.243119351282765e-05,0.0018108229756576427,0.014368239627237147
0-3,,,,,,,,,,,,,,,,,,,,,0.9742691011281528,0.00015961927610558594,0.008103390026613871,7.767172072327964e-05,0.001973058852875266,0.01541715899552905
10-1,,,,,,,,,,,,,,,,,,,,,0.9484936542214901,0.00021605801653478977,0.01131277165347375,0.00010808277679402658,0.023404408172205012,0.0164650251595023
10-2,,,,,,,,,,,,,,,,,,,,,0.9510596299486682,0.000228263455828283,0.010585316372447655,9.752515608277944e-05,0.022125517608886824,0.015903747458086093
10-3,,,,,,,,,,,,,,,,,,,,,0.951256557620431,0.0002083007903975979,0.010597509622344526,8.501889497163252e-05,0.022125176731382663,0.015727436340472623
20-1,,,,,,,,,,,,,,,,,,,,,0.9281738518945315,0.0002437196431489985,0.011536543891327205,0.00010311339968979927,0.044156450095491975,0.01578632107581042
20-2,,,,,,,,,,,,,,,,,,,,,0.9315156570037588,0.00024775087245038324,0.010909209301934076,0.0001132910912443672,0.04218829674019666,0.015025794990415864
20-3,,,,,,,,,,,,,,,,,,,,,0.9334820401620941,0.00022849584703106348,0.010564060967966698,9.400597433591499e-05,0.04094152648509409,0.014689870563478032
30-1,,,,,,,,,,,,,,,,,,,,,0.8955257767239051,0.0002854325850650653,0.013340865773226318,0.00012171701710599384,0.07410844469149497,0.016617763209202333
30-2,,,,,,,,,,,,,,,,,,,,,0.912816936452933,0.0002426469438381454,0.010963161611069451,9.8377787425718e-05,0.06151258879637306,0.014366288408360432
30-3,,,,,,,,,,,,,,,,,,,,,0.9159392112135263,0.0002475948329837962,0.010381511615145427,9.658320721190347e-05,0.05968255244511689,0.01365254668601565
40-1,,,,,,,,,,,,,,,,,,,,,0.8633407089621205,0.00030886811419723485,0.011575989465131666,0.00010261377578996187,0.11047939370278222,0.014192425979978333
40-2,,,,,,,,,,,,,,,,,,,,,0.8569068746924329,0.0003098370490369401,0.0123417023597689,0.00011573824466415177,0.11570514103305421,0.014620706621042904
40-3,,,,,,,,,,,,,,,,,,,,,0.8467321433284499,0.000369681010376255,0.013519747441149005,0.00014591218430993444,0.12390203148233424,0.015330484553380415
50-1,,,,,,,,,,,,,,,,,,,,,0.8192016436307763,0.0002918875069986855,0.010833790167776493,0.00010448779002009393,0.15662229559227883,0.012945895312149732
50-2,,,,,,,,,,,,,,,,,,,,,0.7890043298908743,0.00034475283456097136,0.013321466130948008,0.00011608267655566425,0.18223349093956673,0.014979877527494391
50-3,,,,,,,,,,,,,,,,,,,,,0.8043203643537189,0.00033260645775062445,0.012364854708156493,0.00012639464841420213,0.16872825728372903,0.0141275225482309
60-1,,,,,,,,,,,,,,,,,,,,,0.6241563935866877,0.00034613926420776366,0.008681640961214638,0.00011640440991136923,0.3562570368120399,0.010442384965938743
60-2,,,,,,,,,,,,,,,,,,,,,0.6314052480941672,0.00026871795040577326,0.008495261364384527,9.587762093913404e-05,0.3497550208835909,0.009979874086512328
60-3,,,,,,,,,,,,,,,,,,,,,0.5910754597025402,0.0003771274528897559,0.009684465054267503,0.00013786724350989447,0.3876969944073044,0.011028086139488351
70-1,,,,,,,,,,,,,,,,,,,,,0.6001761307470596,0.0002797794886535264,0.007215914038596281,0.0001345205212702684,0.3835760784281154,0.008617576776304939
70-2,,,,,,,,,,,,,,,,,,,,,0.5476611742292402,0.00039534271294635644,0.008958246269629148,0.00017215051532268793,0.43326457568926635,0.009548510583595312
70-3,,,,,,,,,,,,,,,,,,,,,0.5516507344718216,0.0003210209563318701,0.008064080894942975,8.286310308510692e-05,0.43064172095985004,0.00923957961396858
80-1,,,,,,,,,,,,,,,,,,,,,0.3730057741279243,0.00042569116214593173,0.0082604218002768,0.0001358915159403614,0.6079736028449584,0.010198618548754399
80-2,,,,,,,,,,,,,,,,,,,,,0.49336314941277165,0.0003083403342670607,0.0066260546831887115,0.0001055644809248707,0.49124558141536034,0.008351309673487241
80-3,,,,,,,,,,,,,,,,,,,,,0.44048397740328427,0.000293395962504182,0.007680871387672799,0.00012121064719816587,0.5424795467220944,0.008940997877246283
90-1,,,,,,,,,,,,,,,,,,,,,0.1991360120897981,0.0004943388762885185,0.004857786237800548,0.00014286132470143654,0.7885920923936172,0.006776909077794114
90-2,,,,,,,,,,,,,,,,,,,,,0.3641084567971604,0.00036711345145891926,0.003938297824985786,0.00010644251533936959,0.6262983930742221,0.005181296336833412
90-3,,,,,,,,,,,,,,,,,,,,,0.25456892424136385,0.00032211859958875417,0.00460753408059456,7.040751495667064e-06,0.734400184210356,0.006094198116601221
100-1,,,,,,,,,,,,,,,,,,,,,0.10347688246760214,0.00034580047358535686,0.0005691654384362011,0.00011060311131987436,0.8946345820316061,0.0008629664774504303
100-2,,,,,,,,,,,,,,,,,,,,,0.06896839888843465,0.0003796865740200258,0.0005517228675393615,8.96786754037507e-05,0.9291030631201234,0.0009074498744788959
100-3,,,,,,,,,,,,,,,,,,,,,0.11931836123738587,0.0003624079882471902,0.000380734965168593,7.999502685397385e-05,0.8789195747557287,0.0009389260266157803
ISic000003,,,,,,,,,,,,,,,,,,,,,0.19960598381803418,0.0009342720422750635,0.004217818227074344,0.0005800103574095161,0.7942072902004343,0.0004546253547726009
ISic000003,,,,,,,,,,,,,,,,,,,,,0.1087219005351542,0.0030617921173226215,0.005159018792719921,4.226903491825677e-05,0.8820135575140892,0.0010014620057957407
ISic000003,,,,,,,,,,,,,,,,,,,,,0.18096422643785964,0.0011622372840959672,0.004355693347996677,0.00016024701159204416,0.8123334307126177,0.0010241652058380786
ISic000004,,,,,,,,,,,,,,,,,,,,,0.8111436893437507,0.0004830505004752968,0.0005428982340510974,5.412098688581073e-05,0.18753131437187393,0.0002449265629630709
ISic000004,,,,,,,,,,,,,,,,,,,,,0.7872415719261934,0.00016125440392825808,0.0006771528595493504,8.001260262113557e-05,0.2115767424474933,0.0002632657602145449
ISic000004,,,,,,,,,,,,,,,,,,,,,0.8148747306511966,0.00014584293708271744,0.0004815557307462119,3.853476801652417e-05,0.1841784009324408,0.0002809349805169343
ISic000004,,,,,,,,,,,,,,,,,,,,,0.8061232710250416,0.00011761251619299427,0.0004388868553706191,5.5492320566655506e-05,0.19292014659056916,0.00034459069225894025
ISic000004,,,,,,,,,,,,,,,,,,,,,0.808503441073244,0.00013812351387309534,0.0005649015647179605,6.885525580940785e-05,0.19047696439144188,0.00024771420091372414
ISic000004,,,,,,,,,,,,,,,,,,,,,0.7937432026781706,0.00020618199111906618,0.0004831074582319247,5.937981296132309e-05,0.20523089519358695,0.000277232865930192
ISic000006,,,,,,,,,,,,,,,,,,,,,0.3730366314153089,0.0008967518765876091,0.0037860961052522345,0.00023741255160217246,0.6204054316659452,0.0016376763853039372
ISic000006,,,,,,,,,,,,,,,,,,,,,0.002069454569579045,0.001248481861972869,0.004194280169227169,0.00045870973049643815,0.9902184094434936,0.0018106642252308615
ISic000006,,,,,,,,,,,,,,,,,,,,,0.27913386898830006,0.0009401182319967987,0.004176853650151472,0.0002982422312397196,0.7144855622531413,0.0009653546451707416
ISic000043,,,,,,,,,,,,,,,,,,,,,0.8509529198463901,0.00015319063878629747,0.0011251908875330365,9.598955543354754e-05,0.14719875672922078,0.000473952342636319
ISic000043,,,,,,,,,,,,,,,,,,,,,0.8924085779794838,0.0001196750216048967,0.0009196120408447101,6.578985348471236e-05,0.10629934284883776,0.0001870022557439481
ISic000043,,,,,,,,,,,,,,,,,,,,,0.8985522590853185,0.0002191553567675042,0.002250229483344462,7.842654791372617e-05,0.0984407854541513,0.00045914407250438545
ISic000043,,,,,,,,,,,,,,,,,,,,,0.8855176394142377,0.0002848225773836805,0.0038935681128287637,7.594232291373287e-05,0.10923513877509419,0.000992888797541872
ISic000043,,,,,,,,,,,,,,,,,,,,,0.8871527693047467,0.0001902392870597445,0.0026897206715682668,7.459787017608588e-05,0.10903699511293598,0.0008556777535131721
ISic000043,,,,,,,,,,,,,,,,,,,,,0.8666081996955355,0.00024376368075471264,0.001574287585430038,0.00010693249416134054,0.1309502415244709,0.0005165750196474584
ISic000046,,,,,,,,,,,,,,,,,,,,,0.11527935526977218,0.0014520963156835808,0.0024061659362818308,0.0002325999718115203,0.8800988153284462,0.000530967178004601
ISic000046,,,,,,,,,,,,,,,,,,,,,0.5692467389055353,0.0001677243241250905,0.0011765427989716014,0.00017249055051669963,0.4287858276544671,0.00045067576638417877
ISic000046,,,,,,,,,,,,,,,,,,,,,0.32911902087867057,0.0010598367982226173,0.0029706983837990814,0.00021013626083051822,0.6664019080548302,0.0002383996236468773
ISic000046,,,,,,,,,,,,,,,,,,,,,0.12266509136849088,0.0008384856207313774,0.003447236408308725,0.0001733875041671744,0.8721900338165877,0.0006857652817141774
ISic000046,,,,,,,,,,,,,,,,,,,,,0.3347632940116856,0.0007513300894049545,0.0029676532623025237,0.000513391153856273,0.6606371490191935,0.00036718246355721385
ISic000046,,,,,,,,,,,,,,,,,,,,,0.11746349608930491,0.001021698052555873,0.0030990265007442516,0.0005000822784704262,0.8770558998042958,0.0008597972746288857
ISic000470,,,,,,,,,,,,,,,,,,,,,0.12074430625427618,0.0022248527569923,0.005075311677122852,0.0002521502352654424,0.8716631543205096,4.0224755833666833e-05
ISic000470,,,,,,,,,,,,,,,,,,,,,0.314834124387516,0.0009059342479054863,0.002792835344201905,0.00024568502356732067,0.6807099207848611,0.0005115002119481534
ISic000470,,,,,,,,,,,,,,,,,,,,,0.09582554741972252,0.0013713467040499092,0.003580888998365434,0.000410842052707333,0.8980506391697153,0.0007607356554396067
ISic000470,,,,,,,,,,,,,,,,,,,,,0.00033697021727391687,0.0016443809638136508,0.024468144782030864,0.0005521944596178219,0.971458504724569,0.0015398048526947365
ISic000794,,,,,,,,,,,,,,,,,,,,,0.7851872127142864,0.000148884904282196,0.0005181700777925274,6.178408843261024e-05,0.21382039525857055,0.0002635529566356679
ISic000794,,,,,,,,,,,,,,,,,,,,,0.7836001089723641,0.00017335748114343191,0.0004086884254524956,6.820263042157671e-05,0.2154785342044533,0.00027110828616511563
ISic000794,,,,,,,,,,,,,,,,,,,,,0.7881195414764621,0.00017585468113478508,0.00042126342110807377,6.086017651374752e-05,0.21093878387525156,0.00028369636952976595
ISic001040,,,,,,,,,,,,,,,,,,,,,0.0011795277391105719,0.0011776005148486333,0.004864389552271572,0.0005390111460781383,0.990196467949072,0.0020430030986190884
ISic001040,,,,,,,,,,,,,,,,,,,,,0.22926952854772834,0.0012465359454708303,0.005159376595514799,0.0004767119697267809,0.7630582777243112,0.0007895692172481401
ISic001040,,,,,,,,,,,,,,,,,,,,,0.0010664776390187664,0.0010718463188107306,0.005554248359766256,0.0006004910582563466,0.9880028125368667,0.0037041240872811823
ISic001087,,,,,,,,,,,,,,,,,,,,,0.909659208567734,0.00018416008239222415,0.002992466145174026,5.419312358039063e-05,0.08671088582867693,0.00039908625244253096
ISic001087,,,,,,,,,,,,,,,,,,,,,0.9217875930367949,0.00017561882414166577,0.004211101411723852,6.510168618909208e-05,0.07356211774278365,0.0001984672983667158
ISic001087,,,,,,,,,,,,,,,,,,,,,0.9213661230806486,0.0001283223451937489,0.0022013817444115763,7.08706964018966e-05,0.07609558714628814,0.00013771498705611066
ISic001091,,,,,,,,,,,,,,,,,,,,,0.9338955089216965,0.0002214575134182387,0.004547717842673034,6.236263351118153e-05,0.06064653109962139,0.0006264219890796822
ISic001091,,,,,,,,,,,,,,,,,,,,,0.9193853508115505,0.00020084220841990206,0.003332370582683788,4.561466837819045e-05,0.07665802850273686,0.000377793226230945
ISic001091,,,,,,,,,,,,,,,,,,,,,0.9327628287317243,0.00021627431419150866,0.0039017644209841016,4.282050773051131e-05,0.06253855006460682,0.0005377619607627441
ISic001110,,,,,,,,,,,,,,,,,,,,,0.8928799370810814,0.000276448517558792,0.005644578102520889,8.029574789472741e-05,0.10075131429433398,0.0003674262566101768
ISic001110,,,,,,,,,,,,,,,,,,,,,0.8589420977792461,0.0004954634318834385,0.010460579495143518,0.0001720230787809529,0.12841158097898547,0.0015182552359603915
ISic001110,,,,,,,,,,,,,,,,,,,,,0.9924607046211462,8.927742072251473e-05,0.00020904316399169133,2.087325066589668e-05,0.007201250919121741,1.8850624351938945e-05
ISic001120,,,,,,,,,,,,,,,,,,,,,0.8171499504945375,0.00014747526772978,0.0006659616173893387,6.995650254092946e-05,0.18177150099375197,0.00019515512405038585
ISic001120,,,,,,,,,,,,,,,,,,,,,0.8660946351301984,0.0004253879233843858,0.0010652108180623546,5.86302045826738e-05,0.1321269595132255,0.00022917641054677557
ISic001120,,,,,,,,,,,,,,,,,,,,,0.8008002761525466,0.00021148862911427862,0.0011853126958688977,6.439523933725922e-05,0.19735732188050514,0.0003812054026277244
ISic001122,,,,,,,,,,,,,,,,,,,,,0.8668624961249174,0.00023182645137130407,0.003443345452867202,0.00010451412967966513,0.12831158898838782,0.0010462288527766685
ISic001122,,,,,,,,,,,,,,,,,,,,,0.839231753959276,0.0003940762308730436,0.005262419708396863,0.00010847336657546552,0.1535555312566215,0.0014477454782572234
ISic001122,,,,,,,,,,,,,,,,,,,,,0.8638673512284288,0.00022925988804014855,0.0030668436122409026,8.35875951805361e-05,0.13194842887488595,0.0008045288012235972
ISic001202,,,,,,,,,,,,,,,,,,,,,0.9607337444503231,0.0005283535039707642,0.010276950425126325,0.0001896455239407108,0.021699271628348706,0.006572034468290336
ISic001202,,,,,,,,,,,,,,,,,,,,,0.9578135046486923,0.0007099215028527017,0.014256416925506193,0.00031169847819592156,0.019210567479239993,0.007697890965512836
ISic001202,,,,,,,,,,,,,,,,,,,,,0.948307263333352,0.0007616325918669647,0.017144391850528743,0.0002760780261812696,0.027754115539688578,0.005756518658382592
ISic001202,,,,,,,,,,,,,,,,,,,,,0.9487542789101653,0.0013863012364459981,0.02350229744826863,0.0002718538941360436,0.02405277115956207,0.002032497351421946
ISic001202,,,,,,,,,,,,,,,,,,,,,0.958908629403281,0.0009469908598142326,0.01928258449277762,0.00029458820820936303,0.01726658389664814,0.0033006231392695004
ISic001202,,,,,,,,,,,,,,,,,,,,,0.9659161367856383,0.0008177094926655521,0.018209239132387325,0.00033711473777838636,0.01106620584430567,0.0036535940072250175
ISic001202,,,,,,,,,,,,,,,,,,,,,0.9952027256987196,8.611626786725683e-05,0.00219829824525501,6.486467613504709e-05,0.0014907643646873217,0.0009572307473358265
ISic001207,,,,,,,,,,,,,,,,,,,,,0.9705641602805729,0.0005340933359543282,0.009509287026479261,0.00011560169233368656,0.012960749085300696,0.00631610857935931
ISic001207,,,,,,,,,,,,,,,,,,,,,0.977096852583684,0.0005640547910964826,0.008383340869634225,7.087332985848993e-05,0.0070902207291720105,0.006794657696554825
ISic001207,,,,,,,,,,,,,,,,,,,,,0.9616705019367359,0.0005160108388800099,0.009042335483658884,0.00011027276688750042,0.023620025258070478,0.005040853715767137
ISic001252,,,,,,,,,,,,,,,,,,,,,0.44347133234098385,0.0009727201779512312,0.006458261260615278,0.00031212979680159174,0.5480335306158862,0.0007520258077617994
ISic001252,,,,,,,,,,,,,,,,,,,,,0.061953869704082655,0.0009769061297362617,0.0053020840837846245,0.00048092770537917334,0.9305534267526555,0.0007327856243617221
ISic001252,,,,,,,,,,,,,,,,,,,,,0.029837353664588135,0.0011995321262160841,0.007714609326432332,0.000798758335059809,0.9589237320272037,0.001526014520500064
ISic001455,,,,,,,,,,,,,,,,,,,,,0.904337398658703,0.0002251411331825019,0.002946910609899052,4.9753218291029386e-05,0.09205791517903456,0.00038288120088994927
ISic001455,,,,,,,,,,,,,,,,,,,,,0.915172469096457,0.00019081279007834409,0.0030909719625850365,6.112660921437813e-05,0.08095454520658586,0.0005300743350791188
ISic001455,,,,,,,,,,,,,,,,,,,,,0.9056419135433774,0.0002068854156045533,0.003640415961177288,6.576889775981406e-05,0.08977340600979662,0.0006716101722844484
ISic001456,,,,,,,,,,,,,,,,,,,,,0.9129690693151853,0.00019897384847761092,0.0033896215255055343,6.431248174612963e-05,0.08307789063150064,0.00030013219758471117
ISic001456,,,,,,,,,,,,,,,,,,,,,0.9340700981046145,0.00015848214324607558,0.003781657750032352,5.6113128446488014e-05,0.061336834224401116,0.0005968146492593931
ISic001456,,,,,,,,,,,,,,,,,,,,,0.9256469948070131,0.0001228332254477244,0.0028190502932183537,4.510962424606123e-05,0.071162057842536,0.00020395420753863743
ISic001457,,,,,,,,,,,,,,,,,,,,,0.9112983932255236,0.00020030021529531905,0.004156677106778694,0.00016333129406172114,0.0835521406051304,0.0006291575532100482
ISic001457,,,,,,,,,,,,,,,,,,,,,0.9112599032278935,0.0001909755728761138,0.004101461900671936,0.00011573279946187673,0.08371412540699298,0.000617801092103418
ISic001457,,,,,,,,,,,,,,,,,,,,,0.9059395638685481,0.0002094619778358225,0.0034575041546987223,0.00010802458748775645,0.08980071170022912,0.0004847337112003195
ISic001460,,,,,,,,,,,,,,,,,,,,,0.15392001897362625,0.0021593196014557526,0.032460329501913084,0.0011231349346389585,0.8065066898040629,0.0038305071843030823
ISic001460,,,,,,,,,,,,,,,,,,,,,0.30165005472283796,0.001250219236611797,0.018053774486026797,0.0008447881273592523,0.6762847180427818,0.0019164453843823898
ISic001460,,,,,,,,,,,,,,,,,,,,,0.1849542615601095,0.0016367192251949456,0.024162101358252697,0.00087776319970222,0.7858159624109773,0.0025531922457634657
ISic001461,,,,,,,,,,,,,,,,,,,,,0.9204312128330427,0.000235097842017828,0.004512557726210959,0.00011842749903497239,0.07399834513855384,0.0007043589611395569
ISic001461,,,,,,,,,,,,,,,,,,,,,0.9192772489392859,0.00014123157574116255,0.0031187629496710616,7.176575485822606e-05,0.07712061230519165,0.00027037847525195145
ISic001461,,,,,,,,,,,,,,,,,,,,,0.9034442013094022,0.0002684357257579997,0.004849879136905394,0.00011252976544925883,0.09058280167015528,0.0007421523923300917
ISic001464,,,,,,,,,,,,,,,,,,,,,0.9254272698468721,0.0003477141173467056,0.0054340759103968005,6.97035848038967e-05,0.0676449643761303,0.0010762721644501424
ISic001464,,,,,,,,,,,,,,,,,,,,,0.9199327828296117,0.0004492867290042088,0.006291519241997091,9.576144357636818e-05,0.07196204884352982,0.0012686009122809495
ISic001464,,,,,,,,,,,,,,,,,,,,,0.9341012068248989,0.00026453758045230267,0.00410873068907901,6.162298420316359e-05,0.06067121536004507,0.0007926865613212566
ISic001464,,,,,,,,,,,,,,,,,,,,,0.9849922326740786,9.121112979064529e-05,0.0008802165759856946,7.91286199029266e-06,0.014028337206182866,8.955197204373779e-08
ISic001464,,,,,,,,,,,,,,,,,,,,,0.9538853734516032,0.0002554789779907356,0.0035887177082355296,4.434280376899647e-05,0.04154483968879641,0.0006812473696051158
ISic001464,,,,,,,,,,,,,,,,,,,,,0.9409338413455731,0.00027469948562344716,0.0036291809846950075,6.506281885114089e-05,0.054580602842354345,0.000516612522902915
ISic001466,,,,,,,,,,,,,,,,,,,,,0.9350029549914186,0.00015991283593241645,0.002782134978173181,6.276920289349826e-05,0.061763954107580406,0.0002282738840019449
ISic001466,,,,,,,,,,,,,,,,,,,,,0.9317285935948977,0.00015109466773112444,0.002486137738232394,3.393264600391824e-05,0.06551496945384853,8.527189928646118e-05
ISic001466,,,,,,,,,,,,,,,,,,,,,0.9253457778474378,0.00027937274405911516,0.00569485076672201,0.00010418344069948529,0.06801090556201186,0.0005649096390698227
ISic001466,,,,,,,,,,,,,,,,,,,,,0.9252388774088641,0.0002065409456752724,0.003984474550791308,6.0668342508518864e-05,0.07015615052468578,0.0003532882274749696
ISic001466,,,,,,,,,,,,,,,,,,,,,0.9265923290744116,0.00027873815081383185,0.005065804248399029,4.6379297534329095e-05,0.0674897409613905,0.0005270082674506039
ISic001466,,,,,,,,,,,,,,,,,,,,,0.926377325888178,0.00018931872794738386,0.004417231200842105,5.704075457469575e-05,0.0684617595446164,0.0004973238838413305
ISic001468,,,,,,,,,,,,,,,,,,,,,0.9239387572953517,0.00045523639218157994,0.006411404124722522,7.404790905745857e-05,0.06783014123586094,0.001290413042825646
ISic001468,,,,,,,,,,,,,,,,,,,,,0.9099772578525042,0.0003659409777113386,0.005111733768110048,7.691747661123805e-05,0.08350239048783374,0.0009657594372294365
ISic001468,,,,,,,,,,,,,,,,,,,,,0.9173353703472554,0.00036232334397870333,0.005731252127947511,9.533293174728072e-05,0.07531879056357141,0.0011569306854996365
ISic001468,,,,,,,,,,,,,,,,,,,,,0.9500824303554878,0.00019394157459003478,0.003384385096932273,3.833350616857597e-05,0.04590278453825062,0.0003981249285707595
ISic001470,,,,,,,,,,,,,,,,,,,,,0.9065281025440068,0.0002968578097389401,0.0045307910092504886,0.00011552080934352708,0.08782856810878,0.0007001597188803513
ISic001470,,,,,,,,,,,,,,,,,,,,,0.8952991008985998,0.00025222844985934467,0.004897463174564432,8.085780386210945e-05,0.0984658262415155,0.001004523431598904
ISic001470,,,,,,,,,,,,,,,,,,,,,0.9154929959947189,0.00011813322960462164,0.0021348767763345825,5.5939998002016675e-05,0.08196192387930316,0.00023613012203676416
ISic001482,,,,,,,,,,,,,,,,,,,,,0.958523066965388,0.00014787392609176528,0.004475263479622841,6.220826329083531e-05,0.03679102739529827,5.599703083348407e-07
ISic001482,,,,,,,,,,,,,,,,,,,,,0.9213203895437211,0.00017975925539401075,0.018755714540437996,9.723481353355068e-05,0.05953721533108817,0.00010968651582507561
ISic001482,,,,,,,,,,,,,,,,,,,,,0.9156471222810831,0.0003069697702898356,0.007621090989778516,0.0001591432466424096,0.07500654204288248,0.001259131669323359
ISic001543,,,,,,,,,,,,,,,,,,,,,0.8027414712153937,0.00013589892807582357,0.0009617508612012985,1.3325749272639646e-05,0.19577545650760533,0.0003720967384512659
ISic001543,,,,,,,,,,,,,,,,,,,,,0.8005662076864782,0.00019192992780286839,0.0010774372829577131,7.558824384370138e-05,0.1976545942984648,0.00043424256045279484
ISic001543,,,,,,,,,,,,,,,,,,,,,0.808607032541314,0.00018686926545153672,0.0013502318615341484,0.0003053997991325615,0.18897446079443073,0.0005760057381371109
ISic001544,,,,,,,,,,,,,,,,,,,,,0.8045641701245568,0.00022224661964081414,0.002573335793592108,4.250356412631888e-05,0.19192134309263287,0.0006764008054510962
ISic001544,,,,,,,,,,,,,,,,,,,,,0.8028571020627954,0.0002347594743170671,0.0017497388002196516,1.0872135461316069e-05,0.19477138707143016,0.0003761404557763059
ISic001544,,,,,,,,,,,,,,,,,,,,,0.7785977566018029,0.0002606790162623765,0.002267457628008485,0.00019196360079617926,0.21814383437340784,0.0005383087797224313
ISic001547,,,,,,,,,,,,,,,,,,,,,0.0015435124546789411,0.001068787709726533,0.010507603059994111,0.0011312777756841944,0.984852185804685,0.0008966331952311729
ISic001573,,,,,,,,,,,,,,,,,,,,,0.8625064417406885,0.00019774580486321846,0.0024248077069022136,0.00025323647295436686,0.13429430500879896,0.00032346326579291563
ISic001573,,,,,,,,,,,,,,,,,,,,,0.8591379544843497,0.00022677053969151812,0.002281028150539941,0.0002354063031225454,0.137775029670063,0.0003438108522333528
ISic001573,,,,,,,,,,,,,,,,,,,,,0.903791902737567,0.00020674919072804547,0.002463841099422999,0.0002095807971614372,0.0930686831350926,0.00025924304002778354
ISic001579,,,,,,,,,,,,,,,,,,,,,0.3366437186665456,0.0005743855761640384,0.0018876163374683045,0.0002176730843996438,0.6602221132415828,0.0004544930938398578
ISic001579,,,,,,,,,,,,,,,,,,,,,0.05774351339809706,0.0015957007045922897,0.004691786995347061,0.0002188007056533913,0.9351716002818005,0.0005785979145097115
ISic001579,,,,,,,,,,,,,,,,,,,,,0.1927958653975928,0.0006740768078390138,0.0022436671388594916,0.0003593570952808465,0.803190481378825,0.0007365521816027449
ISic001670,,,,,,,,,,,,,,,,,,,,,0.06912308710304171,0.0013035514276211553,0.014832717403564398,0.0014536209376115263,0.9119698116254114,0.0013172115027498587
ISic001670,,,,,,,,,,,,,,,,,,,,,0.16100617633439174,0.0018421239495781212,0.015018033974119393,0.001779422617407964,0.8192335838150815,0.0011206593094212746
ISic001670,,,,,,,,,,,,,,,,,,,,,0.23669744844828566,0.0016620528736902324,0.017589150831437264,0.0011908979191897356,0.7420175263390636,0.0008429235883334903
ISic000309,34.11774075,9.243298809999999,20.179074099999998,65.51539000000001,0.6435361968,32.91988896,104.9,77.65993776796557,24.7509403,0.5471118,0.010386157200000001,9.728000000000002,28.4527843,11.13073003,218.578749,0.058768932,17.19,6.35792864,23.18968569,9.814010829999999,,,,,,
ISic000309,16.14301011,8.48544908,61.111813360000006,63.89081,0.094134463668,36.55777524,110.3,114.78650157788947,41.2652777,0.456246,0.0067167674,0.16920000000000002,42.4375283,10.01633893,213.507618,0.028882644000000002,12.31,10.97952079,24.70487661,12.59602023,,,,,,
ISic000309,20.23194999,8.97902828,30.7886565,60.17948500000001,0.3305605968,33.66535746,121.6,198.55306247772643,16.432074200000002,0.5492205,0.0115120475,10.61,63.0650257,13.2528662,232.621881,0.069585984,57.65,7.99060325,31.75155219,16.8676201,,,,,,
ISic000309,0.1072049466,10.622235700000001,75.9269341,45.908390000000004,0.00202141295447,43.07813972,108.3,117.02447505828758,22.971998600000003,0.42135659999999997,0.0063527215,8.11,49.4813148,10.6286549,173.978802,0.037580892000000005,43.69,8.447209149999999,43.17775221,15.7467134,,,,,,
ISic000309,25.021406220000003,7.68955262,119.4679351,52.08459500000001,0.00290916278303,23.89475032,119.1,158.01861036099163,37.645696900000004,0.5244912,0.01109014,4.359999999999999,68.3504363,11.630408619999999,206.225994,0.062337444000000006,1.545,13.2539118,152.9720148,13.291522579999999,,,,,,
ISic000309,0.1958332374,10.570821200000001,0.28783883874300004,58.65294000000001,0.6070375157,22.4634508,103.3,95.83259787893914,18.3446936,0.4106213999999999,0.009911209899999999,2.5349999999999997,54.314277800000006,11.80415777,171.508251,0.053787884,54.11,10.9955637,54.5883852,17.9480121,,,,,,
ISic000366,320.7845982,107.76479200000001,8.315615000000001,17.128115,3.9376948799999996,36.16019204,132.0,660.9483682696357,19352.4178,0.3251232,0.0144774545,35.74,163.806597,0.00032113636,114.8676186,0.149134064,34.02,0.277172122,1.23498438,23.7956338,,,,,,
ISic000366,2885.608461,88.7517099,83.5614062,20.601355,1.9021972199999997,37.869799799999996,137.0,1265.6452789193459,9371.83506,0.548262,0.0200225245,19.639999999999997,5780.0180900000005,0.41795657599999997,194.523384,0.15288843600000002,41.55,0.0195600095,4.91399247,11.52103019,,,,,,
ISic000368,4.102431306,8.8535769,96.5018015,42.827290000000005,0.6917427797,44.270889319999995,112.30000000000001,219.71328148520064,24.4116046,0.38531699999999997,0.024615289000000002,1.68,46.622668600000004,10.85392966,250.95597,0.065868784,18.31,8.79398282,33.209664,16.435463300000002,,,,,,
ISic000368,12.853177769999999,10.06181765,97.1233568,36.258945000000004,1.2446581728,39.27128058,132.2,478.34991556100215,23.3524659,0.31247099999999994,0.0234146608,11.63,50.3245126,13.0132122,251.346057,0.08326528000000001,16.52,9.09262776,43.509848850000004,19.1499482,,,,,,
ISic000368,5.61969783,5.987732670000001,42.16064046,41.692885000000004,0.40262668250000005,26.67783272,96.65,170.34184474260238,23.095393400000003,0.2697219,0.0227396088,10.65,28.5247646,10.163726140000001,150.313524,0.05482870000000001,6.3629999999999995,10.18231157,20.3409192,15.395586000000002,,,,,,
ISic000368,9.50107731,7.82734348,0.68512746,38.415715,0.080764068483,39.8577158,136.9,2877.2633181149276,161.75001699999999,0.3586707,0.37176078,9.991,84.1449707,12.521921500000001,242.634114,0.19124994,58.55,10.551298500000001,29.77972839,16.070831000000002,,,,,,
ISic000368,129.9328104,2.60774344,2.1017202857,20.391280000000002,0.6527904117,42.43206702,197.6,61019.64005764292,531.111785,0.6230249999999999,2.38052266,19.8,49.7075386,15.182080899999999,210.907038,0.68731028,146.20000000000002,10.379762770000001,67.6128003,19.7576687,,,,,,
ISic000376,0.1598733981,5.23810926,72.6402248,42.43515,1.1544311351999998,31.240099940000004,119.6,255.04143760037837,18.920536,0.40448699999999993,0.0122377284,2.203,42.9516733,10.834757340000001,190.102398,0.078395748,43.15,11.442297040000001,41.283763560000004,13.27801768,,,,,,
ISic000376,13.82352264,7.631968380000001,1.4812134717,44.92804,3.00573,30.4648127,136.3,399.12376254855326,42.0879097,0.5379101999999999,0.0154514581,1.637,43.1161997,10.424949,155.644713,0.07616542800000001,21.45,9.72200346,31.51285773,17.704923899999997,,,,,,
ISic000376,2.290429014,3.4252339899999997,41.53878316,43.19142000000001,0.9070425000000001,19.074054020000002,132.8,664.628619126626,66.8080013,0.5854518,0.0195644535,10.49,49.1831107,13.9598455,162.666279,0.082782044,1.7,7.38220674,38.90719698,17.9074974,,,,,,
ISic000385,23.6099955,7.72451448,77.4746432,48.23322,2.14339818,23.507106699999998,228.2,837.1010422587567,14.077290099999999,0.6473709,0.0234628788,6.5520000000000005,66.2527247,9.7299524,221.699445,0.112593988,36.89,8.80262131,49.86119709,12.90528244,,,,,,
ISic000385,34.05028362,8.952292739999999,39.33798468,43.681595,0.8059511733,33.396988799999995,208.29999999999998,671.5563227582713,14.005309800000001,0.5045544,0.0143400332,6.061999999999999,50.4993219,10.45610402,176.449353,0.12954442000000002,1.3760000000000001,9.85034674,37.76561478,14.409728300000001,,,,,,
ISic000385,42.78857646,6.6119047,59.999178199999996,46.60864,1.8135282199999998,39.340857639999996,245.4,1468.4211135637217,10.4062948,0.8545986,0.026302919,7.204,64.5457633,7.722850149999999,224.560083,0.18641758,22.71,14.2535085,61.9048893,19.1364433,,,,,,
ISic000385,35.4928284,5.87359248,18.567861900000004,46.31453500000001,0.076441124928,28.31786342,83.67,98.04020798071363,10.3651632,0.2890836,0.0066130987,9.917,72.2270896,8.387889999999999,202.715211,0.056315580000000004,5.779,11.50276647,23.288276879999998,13.9505617,,,,,,
ISic000385,24.51288324,9.66284113,6.0668031000000004,61.720035,0.30717025919999996,41.95496718,96.47,30.159323345043198,14.2418165,0.31247099999999994,0.0048893052,0.7475,25.049144400000003,9.67722852,187.891905,0.038993428000000004,28.57,14.1671236,16.37651556,17.5968847,,,,,,
ISic001299,29.38536363,11.3523216,2.4489996713,59.75933500000001,0.7620108825,17.65269408,98.14,177.14936089012758,3034.48379,0.39490200000000003,0.0143135133,3.134,20.576082900000003,8.17579621,122.2142571,0.058545900000000005,15.39,4.81657521,9.35578503,13.0727432,,,,,,
ISic001299,28.32680559,25.2342366,15.376079679999998,43.9757,0.4703397888,26.25043078,118.0,517.5150104645115,4203.64952,0.5363766,0.0122811246,7.147,36.3089199,1.5697337,118.1053407,0.105717168,48.2,7.653702140000001,0.40967233950000004,17.0026691,,,,,,
ISic001313,0.9957710190000001,9.57543648,22.7903695,80.44472,0.6042210377,29.68952546,101.39999999999999,19.313373498506174,10.28084342,0.3579039,0.0064997864,7.37,30.334555,7.14768055,144.982335,0.0338562576,41.51,8.90504912,14.529228,16.0843359,,,,,,
ISic001313,15.16747623,56.226897199999996,832.4850608,455.4426,70.61859,138.5577452,132.8,106.60778076170917,55.836147,1.989846,0.075268298,96.89999999999999,24.5041507,2.45046215,0.992641386,0.19147297200000002,37.57,0.799800767,116.9602854,0.1302277507,,,,,,
ISic001313,15.660432179999999,8.62838139,54.3050557,48.667375,0.6109500432,34.17227604,97.33,14.107233073472973,9.311165950000001,0.22754789999999997,0.0029316544000000003,0.4031,23.0028473,8.86839627,109.3153803,0.026280604000000003,24.669999999999998,7.49697525,15.44768277,4.95224683,,,,,,
ISic001313,78.0427104,10.05256304,7.3725454,59.171125,0.05033049518700001,30.285900260000002,132.8,269.1446773461324,10.137911110000001,0.6655823999999999,0.0108032429,2.3259999999999996,133.6777,11.38476327,170.207961,0.10649778000000001,22.439999999999998,7.93630417,32.62849488,13.8290176,,,,,,
ISic001313,334.0684638,4.06997182,66.1100242,62.784415,1.9307215199999999,41.279075739999996,116.89999999999999,315.8363227613946,13.1106975,0.7125488999999999,0.0100004132,4.559,350.955377,8.71501771,153.564249,0.08096061600000001,17.01,4.21311498,31.86571041,18.366664,,,,,,
ISic001313,222.4528587,5.52808704,68.1694689,60.571625000000004,0.07073961283199999,27.66185114,115.89999999999999,195.72058334227575,16.3600939,0.6410448,0.0079366828,5.485,230.028473,7.435265350000001,150.183495,0.08843218800000001,0.4607,8.091796989999999,21.38391021,14.0856107,,,,,,
ISic001323,65.9523171,12.072124599999999,226.65910789999998,74.324535,3.1386075,40.81191548,92.53,65.30087019546633,12.874190800000001,0.5877522,0.010072740200000001,13.43,136.55691199999998,9.42079874,126.2191503,0.23790080000000002,70.84,11.578044740000001,28.539555,25.4432316,,,,,,
ISic001323,55.885637700000004,9.249468550000001,32.2091445,62.364265,0.33934031249999996,37.1740292,91.36,57.92506006257967,13.460316100000002,0.5114555999999999,0.0077052364,0.3727,113.420387,10.629853169999999,150.70361100000002,0.06070187600000001,15.959999999999999,5.491611499999999,29.13629115,14.6798263,,,,,,
ISic001323,127.3901955,7.876701400000001,74.5836801,60.837720000000004,0.7340908848,34.56985924,106.60000000000001,59.038152483317035,8.457685249999999,0.3427596,0.0102800776,2.497,233.42183,7.40770514,177.09949799999998,0.043231036,0.3211,3.17649618,63.513482399999994,15.3010517,,,,,,
ISic001323,11.98142409,9.40782521,58.80287218,76.32725,1.1901140825,37.73064568,97.78999999999999,52.83465621712219,7.384150490000001,0.38876759999999994,0.0068180252,0.2255,103.137487,7.31064527,162.53625,0.045424184,3.703,14.216486399999999,28.18151331,22.3371046,,,,,,
ISic001323,288.3532857,7.53016767,32.91736418,41.832935000000006,1.3612349877,32.09490382,95.11,63.56923502511789,2.16455045,0.2471013,0.0048772507,7.093,631.267231,6.32327079,117.76726529999999,0.0349751348,49.75,1.29330536,37.044342390000004,10.9119592,,,,,,
ISic001323,2.829567153,12.545138,71.4364802,71.36948000000001,1.770174,43.06820014,91.22,33.54336134273855,13.5528622,0.39049290000000003,0.007775152499999999,1.345,68.19619279999999,12.3781291,125.5169937,0.12411730800000001,20.79,10.911646939999999,17.49734172,21.6753645,,,,,,
ISic001323,78.25027080000001,9.0283862,55.1147943,65.109245,1.2522778457000001,32.19429962,138.6,89.71844380290034,10.4988409,0.47656619999999994,0.0050845881,1.8479999999999999,182.521475,7.231559450000001,155.124597,0.067244148,2.018,5.53974023,50.3852871,17.1242132,,,,,,
ISic001323,184.10607480000002,7.407801159999999,3.4642430973,47.67302,0.7910815576999999,26.80704726,105.9,75.97749019371072,6.57899942,0.33528329999999995,0.008582804,3.351,448.642927,7.9565128000000005,139.13103,0.042822144,16.41,6.7380222,45.04579581,14.2476695,,,,,,
ISic001323,64.8107349,4.79902943,141.4756693,60.081450000000004,0.3248639177,42.48176492,104.3,83.41505242667687,6.33220982,0.3935601,0.0071459076,5.979,197.945825,8.69584539,171.768309,0.03843584800000001,17.94,8.74832223,53.446802999999996,18.447693400000002,,,,,,
ISic001323,209.3246634,8.98931118,188.01856640000003,55.319750000000006,6.00527928,7.110775532,106.60000000000001,128.13038529531678,10.560538300000001,0.7990055999999999,0.0184554395,10.12,171.210285,10.27396698,151.613814,0.344918988,186.79999999999998,9.369059440000001,59.0509338,23.2149231,,,,,,
ISic001323,1.547881683,13.6454083,45.9681299,54.353405,1.1854278072,20.06801202,100.69999999999999,53.386813709968685,12.0618417,0.2764314,0.0069916100000000005,0.013430000000000001,54.6330477,7.90378892,140.43132,0.040034244000000004,17.86,7.76353437,34.25265501,13.430623050000001,,,,,,
ISic001323,32.78935419,7.82837177,129.5389588,63.80678,1.0888953033,33.32741174,116.5,63.37792489545049,8.758974219999999,0.39260159999999994,0.0066155096000000005,3.307,117.944863,8.8192672,154.864539,0.050999984000000005,10.11,6.26167118,37.97317518,17.7589435,,,,,,
ISic001329,13.73012046,10.17287297,123.8102628,73.80635000000001,1.1502376368,48.435573340000005,127.1,138.76768035155578,20.5658,0.5377185,0.0058271453,20.59,36.2780712,12.3661464,116.19391440000001,0.07876746800000001,5.771,12.4024035,38.88644094,23.0123496,,,,,,
ISic001329,1.713411102,10.396011900000001,12.200334799999998,72.531895,3.59990708,25.37574774,96.62,127.91802071336441,23.578689699999998,0.5825762999999999,0.0063792414,7.55,39.0441713,12.462007999999999,105.3494958,0.118987572,11.82,8.496571950000002,32.52990369,19.7306589,,,,,,
ISic001329,4.120592841000001,6.58928232,25.718824259999998,74.604635,1.7202674999999998,17.65269408,104.5,218.3618860939264,15.2701065,0.6103728,0.0071097441,8.92,39.8462375,12.7615755,125.7250401,0.11356046,45.37,8.70512978,30.99395673,13.013321640000001,,,,,,
ISic001329,1.38027666,13.995026900000001,1.4824177225000001,75.192845,1.2108123993000002,40.394453119999994,95.42999999999999,19.170845737471915,8.88134073,0.47062350000000003,0.0058295562,9.476999999999999,26.951480899999996,8.14224465,113.43729959999999,0.055832344,26.76,9.14816091,15.86280357,19.514580499999997,,,,,,
ISic001329,6.39804933,6.5337546600000005,119.53894079999998,58.610925,0.017746876874999998,46.22898658,128.89999999999998,559.0319478092754,15.5683106,0.8465471999999999,0.020280490800000002,15.43,51.7332699,14.978375,123.7485993,0.160471524,59.92,10.4032101,45.144387,18.798820799999998,,,,,,
ISic001329,3.783307191,10.714781799999999,97.8836955,77.06951500000001,1.88041182,17.394264999999997,155.20000000000002,272.42684324186024,13.491164799999998,0.6857108999999999,0.0053642525,6.105,31.095489599999997,9.8138313,125.8420662,0.07512461200000001,13.53,8.33614285,38.74114865999999,13.910046999999999,,,,,,
ISic001329,4.574631216,13.9744611,34.114191559999995,73.176125,0.5415937799999999,29.282002679999998,95.82000000000001,29.321203989864678,15.1878433,0.30384449999999996,0.0033198093,5.287000000000001,22.7663406,9.89531366,90.6042072,0.051111500000000004,0.5386,5.65574281,10.2223497,14.1261254,,,,,,
ISic001329,0.8136367680000001,9.121960589999999,2.8604454972999998,75.08080500000001,1.1157578711999998,33.068982659999996,110.4,94.22321952217868,23.6301042,0.5739498,0.005460688500000001,12.44,40.2267048,10.89467084,113.0342097,0.11021498,10.77,7.557444680000001,28.560311040000002,16.5705123,,,,,,
ISic001329,3.7552865370000004,17.8202657,96.5018015,60.795705000000005,8.18481048,25.4950227,65.05,71.83528736228953,26.694408400000004,0.5064713999999999,0.0045710664000000005,0.03725,32.7304707,10.30152719,60.5154966,0.17641831200000002,45.23,10.854879720000001,16.06517496,19.028404100000003,,,,,,
ISic001329,0.714007776,6.83298705,14.72980468,76.145185,1.73855192,40.31493648,122.19999999999999,156.85554645340443,18.3755423,0.5319675,0.0081777728,0.07333999999999999,35.208649599999994,13.0970911,107.95007580000001,0.138874592,9.801,8.386739720000001,37.37643903,13.29827503,,,,,,
ISic001329,1.611187605,8.26231015,67.3715805,67.04193500000001,0.06269111467499999,26.97602012,87.16999999999999,29.382592316461665,12.2469339,0.2647377,0.0061429732,6.3069999999999995,21.9745573,7.315438350000001,108.05409900000001,0.0353096828,7.068,10.65249224,18.34315035,18.8933551,,,,,,
ISic001329,1.98220182,10.6016699,80.24147489999999,81.87323,0.6023436377,10.386861099999999,90.01,18.061400709243898,10.276730259999999,0.4087044,0.0031076501,2.5959999999999996,18.725160900000002,11.052842479999999,105.84360600000001,0.04497812,12.819999999999999,8.810025730000001,23.89020204,14.3557087,,,,,,
ISic001329,68.1317013,11.5271309,16.76935386,65.93554,3.915639,42.7898919,139.8,418.37040599344795,18.1287527,1.0443816,0.0180769282,0.31370000000000003,63.0238941,15.5175965,125.73804299999999,0.18600868800000003,41.09,8.56814801,60.088735799999995,18.8798502,,,,,,
ISic001329,7.29055905,3.60107158,0.33459335558299996,78.52603500000001,2.0638065,39.48001176,102.30000000000001,150.0487266994096,20.9565502,0.7359363,0.0095110005,3.4290000000000003,33.913004199999996,9.09127449,103.3990608,0.086945308,17.06,7.6388933,32.7426531,19.0013943,,,,,,
ISic002960,112.39395660000001,4.265346920000001,37.685673460000004,48.03715000000001,0.5060856528,43.36638754,143.8,321.31431180417854,10.263362489999999,0.5459615999999999,0.043323873,5.344,251.211247,8.37950211,224.690112,0.08939866,19.44,8.85445225,64.9664052,14.3827185,,,,,,
ISic002960,134.75858970000002,8.58930637,46.56817706000001,40.08231000000001,1.4754139673,39.79807832,159.6,614.9101219118537,3.51161035,0.573183,0.034813396,1.383,298.615416,7.331015859999999,255.897072,0.10066177600000002,49.99,8.23371504,125.5221519,16.8676201,,,,,,
ISic002960,60.9708675,9.475692350000001,6.8620648,47.042795,0.8542835168000001,54.28004638,131.4,262.3424323567094,8.20883907,0.3649968,0.0219584772,4.939,177.79134100000002,5.96259152,212.337357,0.06980901600000002,24.86,6.33941759,42.041359019999994,15.8142379,,,,,,
ISic002960,0.5144384514,2.78255274,48.688615060000004,13.5778475,0.25803317119999997,30.355477320000002,74.74000000000001,16.026123183998926,9.41502324,0.09295533,0.0036308154,2.2129999999999996,15.013034,5.103431929999999,72.59519069999999,0.0055497796000000005,0.10139999999999999,6.030900089999999,10.79832981,10.02738825,,,,,,
ISic002960,10.50255624,10.7456305,0.111910948407,31.20314,0.3712627968,35.77254842,88.62,201.66427496836408,14.1184217,0.28179899999999997,0.0087154035,0.04972,18.622331900000002,9.365678319999999,137.050566,0.09939792800000001,0.7251,8.05354082,11.23939566,12.267851160000001,,,,,,
ISic002960,0.962042454,8.34560164,22.902518679999996,26.735545000000002,0.0026932599859199997,33.943665700000004,80.97,63.02775776077288,8.42272339,0.19879289999999997,0.0061526168,1.294,17.8099828,4.24786715,128.45564910000002,0.052895756,18.12,7.200798450000001,16.95768468,8.817349210000001,,,,,,
ISic003150,160.13284860000002,3.07870026,66.9729603,55.921965,0.8644419168,31.47864986,97.13,80.84077661066604,21.254754300000002,0.4403349,0.0066926584,8.681000000000001,229.000183,12.9053679,156.164829,0.0252509396,21.4,8.20162922,16.62558804,12.78508883,,,,,,
ISic003150,374.5427418,5.66896277,111.1313885,55.669875000000005,1.1776738007999998,49.92651034,114.3,197.0057659542312,20.8640041,0.4662144,0.0225346823,9.853,368.744794,9.698797379999998,168.907671,0.05070260800000001,0.3714,3.64297464,15.53070693,16.5570074,,,,,,
ISic003150,177.36036180000002,9.89729125,51.54974368,57.89667,0.4608717897,30.33559816,91.85,224.33684901090783,23.2907685,0.5001453,0.0180504083,2.525,291.00607,10.92342932,173.978802,0.104973728,16.12,10.25141949,13.6989864,14.5177675,,,,,,
ISic003150,127.1826351,9.14355468,88.0559204,55.37577,4.10375658,43.932943599999994,127.69999999999999,882.6456136803356,17.9128118,0.7537643999999999,0.0181275571,1.492,129.153224,12.138475099999999,209.73677700000002,0.19697442800000003,17.28,9.90587989,54.7440555,21.283722400000002,,,,,,
ISic003150,1.538022564,11.619677,31.299682259999997,59.353190000000005,1.4933057832,24.242635619999998,110.19999999999999,433.93372822593386,16.0207582,0.5279417999999999,0.0182239931,11.03,62.9724796,10.179303650000001,213.897705,0.12564136,8.082,7.49203897,24.09257343,18.1505856,,,,,,
ISic003150,5.124666276,10.6016699,0.6147758396999999,37.98156,0.26830938330000004,30.49463144,93.39,101.53500134764232,8.56976886,0.30384449999999996,0.0054679212,7.671,30.2625747,8.86360319,123.0594456,0.08698248,2.2409999999999997,9.43693329,18.685625010000003,14.274679299999999,,,,,,
ISic003245,0.3236904438,6.78362913,64.7844102,53.289025,0.8252684825,46.8154218,99.56,153.36636468925232,22.313893,0.6912702,0.009855759200000001,12.17,51.1368617,11.90121764,234.182229,0.068619512,20.66,9.44680585,21.85611012,14.328698900000001,,,,,,
ISic003245,7.51887549,6.98723055,53.691836359999996,58.358835000000006,0.5341123368,35.10659656,108.2,129.27979731531457,20.3498591,0.7401536999999999,0.0097617341,2.5330000000000004,41.8616859,12.0785616,163.31642399999998,0.076351288,20.78,11.65702522,17.75679222,14.922914500000001,,,,,,
ISic003245,8.49959838,11.7430718,29.8370545,62.924465000000005,0.7430772824999999,34.64937588,113.7,146.38023678921746,24.144249199999997,0.5223825,0.0109985258,15.92,45.8514511,7.943331830000001,259.927971,0.063898668,7.791,8.3546539,18.7323261,17.4888455,,,,,,
ISic003248,3.9389774909999997,6.0699958700000005,42.661100160000004,64.801135,0.6618925257,36.16019204,129.8,266.47318806794823,21.141642400000002,0.6851358,0.0140410816,17.37,55.908127300000004,4.01300623,150.443553,0.090736852,43.900000000000006,8.42746403,49.85081907,8.391944859999999,,,,,,
ISic003248,0.35513584439999996,12.3086313,21.22232218,76.92946500000001,0.5154228408,27.2344492,110.0,79.2874451316209,12.1132562,0.5078132999999999,0.0078040832999999995,8.736,28.7407055,9.419600469999999,149.013234,0.06891688800000001,18.85,8.87666551,27.314948639999997,10.251569589999999,,,,,,
ISic003248,23.703397680000002,11.712223100000001,110.49897920000001,63.93282500000001,0.01354780656887,51.178897420000006,112.39999999999999,103.23374804472115,13.0901317,0.4836591,0.0068541887000000004,6.312,31.1983186,7.567075050000001,131.32929000000001,0.06802476,13.41,9.67140659,33.157773899999995,9.676260849999998,,,,,,
ISic003248,1.264561737,11.5888283,72.1718709,79.77248,0.00761595113552,45.73200758,100.1,221.34004203049557,18.2521475,0.9995238,0.0157889841,4.514,43.9902462,8.732991759999999,139.391088,0.10207431200000001,27.89,9.14692684,41.16441633,17.8804876,,,,,,
ISic003248,0.021975457349999998,9.135328359999999,15.973702500000002,74.40856500000001,0.9245569199999999,39.73844084,122.6,472.4879809963628,14.8690734,1.1089845,0.0175417084,3.587,72.52529369999999,15.0502712,179.570049,0.10731556400000002,40.79,11.991458190000001,52.8760119,18.7583061,,,,,,
ISic003248,0.5816880209999999,14.612000900000002,43.3225229,86.27080000000001,0.2362745112,25.50496228,102.80000000000001,41.69138846874295,13.8305005,0.5244912,0.0058391998,12.32,28.123731499999998,8.25967511,138.74094300000002,0.052152316000000004,0.733,11.12020477,21.28531902,12.737821680000001,,,,,,
ISic003248,1.2655995389999999,9.46129629,0.292285770175,27.827935,1.5775706408,44.747989159999996,93.67999999999999,22.99386750624719,11.2289268,0.13491846,0.0040888864,5.213,19.784299599999997,4.74155439,76.3790346,0.014749849600000002,25.380000000000003,9.925625010000001,17.90727351,10.77420922,,,,,,
ISic003248,4.304283795,10.6428015,110.99081109999999,87.41921,1.0570968597,36.28940658,101.10000000000001,36.14340276080479,7.54970518,0.5114555999999999,0.0032330169000000003,8.552,20.6172145,7.11892207,136.660479,0.0366738952,4.329000000000001,5.9482174,22.61370558,13.639949,,,,,,
ISic003248,2.0190437909999996,9.74510433,44.97564456,77.61571,0.31163039249999996,61.27751069999999,131.7,413.2438084569719,7.97541724,0.994923,0.024157218,10.629999999999999,57.0289634,11.20861758,195.563616,0.140658848,2.7310000000000003,10.11443772,66.8863389,12.04502031,,,,,,
ISic003248,4.53000573,10.209891410000001,132.2014677,78.39999,0.056888339508,41.746235999999996,112.5,192.65183642905546,8.95126445,0.6335685,0.0121292379,1.1420000000000001,43.3424235,11.024084,166.43712000000002,0.06337826,26.79,8.79151468,49.33710708,9.72217751,,,,,,
ISic003248,21.46693437,8.05253899,15.4499818,77.965835,1.22327478,25.36580816,117.0,82.98965492294805,5.15070461,0.6053886,0.0056366842,0.5009,88.2786965,9.595746160000001,180.350223,0.074009452,27.419999999999998,7.62531853,39.03173322,13.04708389,,,,,,
ISic003248,0.03187608843,10.0052617,27.718214180000004,46.63665,0.8080085831999999,49.01206898,96.38,31.93205667188837,10.560538300000001,0.226206,0.00157383552,12.819999999999999,22.4372878,5.871523,108.05409900000001,0.04817491200000001,10.99,8.232480970000001,16.246790309999998,8.852461949999999,,,,,,
ISic003248,1.4897647710000002,11.763637600000001,38.1063436,57.910675000000005,0.3011740053,32.90994938,105.60000000000001,50.76420497741405,8.98828289,0.3333663,0.0031414027,6.511,16.946219199999998,6.03089291,123.4755384,0.048100568,10.85,11.08688488,25.732300589999998,12.52714524,,,,,,
ISic003248,361.5702168,6.53786782,103.57455290000001,79.15626000000002,1.3623766632,36.428560700000006,132.5,206.89888431964286,0.0328538655,0.7466714999999999,0.0137951698,11.110000000000001,469.003069,6.18906455,169.947903,0.11504734,7.832000000000001,3.73182768,97.2939375,12.0058561,,,,,,
ISic003248,516.306495,3.07664368,28.547333899999998,80.02457000000001,1.3336925,51.815030539999995,129.5,212.99482749677315,3.2391135,0.8354286,0.0153984183,1.536,547.9757410000001,8.73419003,177.09949799999998,0.080700412,54.05,5.0226649,72.5423598,10.432535249999999,,,,,,
ISic003248,523.571109,3.48281823,18.5121618,82.055295,0.7049558453,31.458770699999995,138.6,173.0018671309836,3.03037063,0.7807941,0.0116783996,9.384,518.566647,8.07993461,163.576482,0.07378642,9.062999999999999,0.478942567,71.4526677,9.71677555,,,,,,
ISic003248,0.061749218999999994,12.0001443,77.4746432,77.04150500000002,1.2723956553000002,26.50885986,131.4,147.14683231805083,13.131263299999999,0.6477543,0.0109310206,9.331999999999999,38.5094605,10.782033460000001,161.36598899999998,0.074567032,21.44,5.88527983,50.75370681,16.1923751,,,,,,
ISic003248,3.0573646919999997,8.20369762,13.2428139,78.133895,0.096336080883,34.25179268,142.4,235.95083441765956,8.19341472,0.6826437,0.0103114193,7.371,42.15989,8.6874575,171.898338,0.08742854400000001,51.22,9.01734949,60.918977399999996,12.423157510000001,,,,,,
ISic003248,26.733779520000002,12.4114603,64.6519808,77.405635,2.11626842,49.95632908,136.1,262.3424323567094,12.1646707,0.6705665999999999,0.009932907999999999,9.491,55.671620600000004,10.6166722,169.0377,0.09779953200000001,32.089999999999996,6.907089790000001,49.05690054,14.1666401,,,,,,
ISic003248,2.554030722,14.8793563,113.3838909,58.905030000000004,0.5001747072,32.37321206,83.25,20.52958689707198,13.162111999999999,0.23540759999999997,0.0039418215000000005,2.633,24.3807559,10.64902549,118.1443494,0.0098803176,7.33,9.58625576,17.01476379,11.57910126,,,,,,
ISic003248,39.26004966,10.26541907,101.4878519,66.033575,0.4610269608,24.49112512,83.26,21.02118576345774,12.9667369,0.39030119999999996,0.00148390895,0.9919,25.9437567,7.19081827,117.4031841,0.0307932848,10.72,7.89064358,13.52256006,16.3139192,,,,,,
ISic003248,0.627351309,12.647967000000001,1.4426787132999999,93.2733,0.6903276800000001,26.618195240000002,89.75999999999999,28.599675628387548,9.69060496,0.3747735,0.0058633088000000005,1.3030000000000002,21.0593792,7.623393740000001,141.861639,0.04687389200000001,25.65,8.79521689,21.86129913,15.5711497,,,,,,
ISic003248,367.381908,6.95535356,1.2945836137,78.34397000000001,0.7095197928000001,41.77605474,104.5,240.729103509948,4.78463337,0.7844364,0.0144292365,6.841,353.73176,7.76239306,179.17996200000002,0.11579078,24.049999999999997,4.42784316,84.9959838,14.0180862,,,,,,
ISic003248,149.962389,9.49831473,9.46140168,83.58184,1.1889828048,36.80626474,100.1,89.80984422070489,18.1390356,0.5933115,0.0087178144,4.308,153.112381,11.23258298,143.291958,0.0771319,3.258,8.25222609,31.33124238,14.1126205,,,,,,
ISic003248,514.6460118,4.7506998,44.43488867999999,78.638075,3.16883588,47.00427382,126.0,337.023690885884,4.9234525200000006,0.634527,0.013915714800000001,6.377,512.911052,14.0796725,159.41555400000001,0.09623830800000001,9.559,3.1382400099999996,78.0946005,18.771811,,,,,,
ISic003248,28.73673738,12.5657038,64.5857751,70.30510000000001,0.2808947925,28.785023680000002,117.0,229.83338593033574,12.3086313,0.5862185999999999,0.007700414600000001,5.904,50.0880059,8.51370835,137.700711,0.095866588,8.206000000000001,6.3307791,39.49874412,10.64591267,,,,,,
ISic003248,0.579093516,8.12554758,25.449780999999998,72.95204500000001,0.7917140553,51.188837,87.53,81.57799684082056,11.3214729,0.5118389999999999,0.0021273781600000003,1.065,32.2471744,7.547902730000001,100.13533290000001,0.10634909200000002,35.01,9.487530159999999,32.30158725,19.676639299999998,,,,,,
ISic003248,8.925097200000002,10.7250647,67.9699158,74.70267,0.045273812675000004,46.84524054,99.06,276.9326892101471,12.545138,0.7135074,0.0092168707,4.380000000000001,41.7794227,13.672260699999999,144.202161,0.13103130000000002,36.269999999999996,9.75285521,53.6024733,18.2721297,,,,,,
ISic003248,7.2127239,6.853552849999999,39.721333679999994,56.398135,0.01130139291792,28.16876972,90.94,21.133320334305,14.077290099999999,0.22831469999999998,0.002507336,4.318,27.8769419,8.36751941,110.8627254,0.032930674800000004,21.78,5.63476362,16.46472873,7.13193769,,,,,,
ISic003248,11.82056478,11.6813744,86.0097194,60.27752,0.016281083587999998,35.36502564,66.98,14.46630846108015,10.488558,0.2212218,0.0036693898,3.0309999999999997,22.4064391,8.21294258,99.5371995,0.037469376,5.165,7.10083878,7.32169311,8.19342283,,,,,,
ISic003248,0.27989519939999996,11.434584800000001,0.41020153068700005,85.10838500000001,1.70366,49.42953134,94.89,64.96277553391079,10.07621371,0.46698119999999993,0.0037513604,4.977,32.2368915,9.927666949999999,130.419087,0.130622408,15.06,8.44474101,20.40318732,17.097203399999998,,,,,,
ISic003248,325.6103775,2.80928828,2.46166466,63.610710000000005,1.5811996200000002,30.25608152,131.5,732.1190126876039,11.4962822,1.0999746,0.025989502,6.507,377.17677199999997,10.65381857,176.579382,0.132964244,39.09,8.399080419999999,75.759546,20.1628157,,,,,,
ISic003248,133.1499966,7.29160439,31.30599368,77.89581000000001,1.3359726072,31.717199779999998,88.22,91.51683595500893,9.429419300000001,0.6038549999999999,0.0124474767,3.847,173.98666799999998,8.178192750000001,124.697811,0.12222153600000002,11.24,4.1452411300000005,26.74934655,15.1524978,,,,,,
ISic003248,314.3502258,5.82629114,6.78917356,77.33561,0.4105153472,43.57511872,114.0,133.07859140732435,10.344597400000001,0.7255845,0.0128067008,3.342,289.566464,9.79226244,139.521117,0.07958525200000001,2.176,4.11932566,28.32161658,12.3029639,,,,,,
ISic003248,7.783515,12.1955194,57.22836418,75.65501,1.75851788,37.11439172,100.69999999999999,246.6932605811799,11.650525700000001,0.8051399999999999,0.0145280834,8.064,50.8386576,8.756957159999999,159.285525,0.126124596,35.32,10.45997732,59.4660546,20.1898255,,,,,,
ISic003248,6.3928603200000005,9.04586713,33.398370459999995,78.75011500000001,1.2453065352,38.9631536,110.19999999999999,140.2891220882722,10.899874,0.5641731,0.0083393031,5.553999999999999,42.468377000000004,6.82774246,143.291958,0.08419458,9.23,10.15516203,43.46314776,17.2592622,,,,,,
ISic003248,0.863970165,13.9436124,37.33531466,69.99699000000001,0.2231104568,38.38665796,124.69999999999999,592.0705891451281,11.6402428,0.6374025,0.0117242067,19.21,69.5638185,7.94932318,172.158396,0.100884808,6.537,7.591998639999999,59.829285299999995,13.7479882,,,,,,
ISic003248,8.72791482,8.74252158,64.6519808,71.11739000000001,0.6554577847999999,43.11789804,92.0,32.3483963254682,9.96824326,0.3592458,0.0065745243000000005,12.23,31.6816149,6.343641379999999,128.4166404,0.038361504000000005,9.334000000000001,8.52989184,15.914693670000002,12.71486335,,,,,,
ISic003248,5.69753298,12.0618417,8.29734836,76.03314500000002,0.98519162,14.08438486,88.21,24.42758504413797,10.8381766,0.33930899999999997,0.0057499965,0.677,21.265037200000002,8.54725991,131.589348,0.045201152,19.009999999999998,7.721575990000001,16.03922991,15.908772200000001,,,,,,
ISic003248,3.4652208780000002,8.16359431,3.2129904124999995,59.32518,1.2192276425000002,30.98167086,80.29,54.79893292406703,16.946219199999998,0.31898879999999996,0.005369074299999999,0.7427,26.8589348,8.64431978,93.3738249,0.09735346800000001,32.05,9.43693329,15.4632498,17.7859533,,,,,,
ISic003248,362.7636891,6.45868949,39.593526680000004,77.51767500000001,0.5656185192,30.951852119999998,119.6,159.18550859325308,5.18566647,0.6605981999999999,0.009523054999999999,9.094,524.942045,6.54614901,165.917004,0.06401018400000001,38.980000000000004,0.28136796000000003,34.325301149999994,12.479878090000001,,,,,,
ISic003248,588.433734,5.09312037,50.043114800000005,72.5459,0.0012970570357248,22.1155655,103.8,213.261716786517,5.29260863,0.6387444,0.0126162397,4.982,702.630557,3.10471757,154.34442299999998,0.07642563200000001,25.979999999999997,0.247184221,44.059883909999996,14.5987969,,,,,,
ISic003248,673.014597,5.07461115,46.74893805999999,81.06094,1.4829626132999998,58.16642216,104.4,185.07685614351038,3.54554392,0.6329933999999999,0.0113673935,3.882,645.251975,5.7157479,154.994568,0.09322737600000001,13.18,0.286427647,34.27860006,14.1261254,,,,,,
ISic003248,0.7669356780000001,5.9435162,55.72924316,78.42800000000001,1.1936699733,44.44980176,117.0,222.42763183702885,7.01190951,0.5597639999999999,0.0105645638,7.384,54.8181399,8.16141697,150.70361100000002,0.080737584,9.571,11.48302135,46.58693178,10.83498127,,,,,,
ISic003248,0.35959839299999996,9.34818439,27.00299756,73.876375,2.09425188,51.05962246,123.20000000000002,289.1185153256776,10.457709300000001,0.6903117,0.0094868915,8.83,38.5711579,9.21709284,161.36598899999998,0.12530681200000002,0.8815999999999999,5.585400819999999,57.3385605,15.4766154,,,,,,
ISic003248,10.83465288,13.2957897,61.665476680000005,77.545685,0.7779622871999999,28.08925308,107.1,182.83134287975003,9.71939708,0.693954,0.008843181200000001,10.91,50.8797892,13.971828200000001,161.88610500000001,0.13976672,4.963,9.37399572,42.92349072,21.6753645,,,,,,
ISic003248,0.02758996617,14.067007199999999,3.7301041213,37.98156,0.9100665077,28.556413340000002,98.14,28.307678026375513,8.043284380000001,0.24384239999999996,0.00184940139,4.649,18.622331900000002,5.7720665900000006,88.7317896,0.03828716,19.009999999999998,5.9605581,22.56181548,8.572910519999999,,,,,,
ISic003248,2.247360231,10.694215999999999,57.18904575999999,73.83436,0.7369282032,34.90780496,105.3,59.550949988886146,14.5811522,0.45413729999999997,0.0037706476,14.07,30.5710617,10.19607943,130.419087,0.065905956,0.09041,8.0708178,29.271205409999997,15.6521791,,,,,,
ISic003248,5.058246948,10.07827029,14.04731896,76.94347,0.6977188953000001,37.690887360000005,87.50999999999999,26.31186041908185,14.190401999999999,0.3207141,0.0030907738,8.508999999999999,18.817707,9.20391187,118.79449439999999,0.067021116,28.67,7.73885297,13.346133720000001,15.6251693,,,,,,
ISic003248,503.9566512,6.68696987,0.228048830048,71.775625,0.5531339912000001,46.84524054,117.8,519.9617723093753,2.37123674,0.9659763,0.028038767,9.687000000000001,542.731462,11.191841799999999,195.433587,0.1589103,34.3,5.5224632499999995,83.3873907,16.0438212,,,,,,
ISic003248,304.8543375,3.04168182,102.11329520000001,71.90167,1.9929436800000002,53.86258402,103.8,208.48127610383156,9.80371686,0.7451378999999999,0.0138433878,5.069,303.962524,8.69704366,132.369522,0.18474484000000002,48.19,3.0506210400000002,41.94795684,25.821368800000002,,,,,,
ISic003248,1071.0116639999999,1.0704498900000001,26.92775696,56.384130000000006,1.3914308912,34.87798622,111.8,1132.0898794733123,4.6170221,1.2427911,0.038622618,2.727,1413.89875,8.30520937,219.74901,0.17225504800000002,45.94,6.18886105,98.9025306,12.899880479999998,,,,,,
ISic003248,10.16527059,12.956454,85.26079870000001,66.397705,1.2876605973,22.69206114,124.30000000000001,251.57126393556413,14.2212507,0.7815608999999999,0.0100438094,10.32,64.8336845,10.08344205,144.072132,0.10541979200000001,9.186,8.96058227,67.6646904,14.2341646,,,,,,
ISic003248,19.9776885,7.37078272,19.218055500000002,67.434075,1.5380257928,38.90351612,141.6,384.8879387283778,6.87309036,0.6322266,0.0116036617,11.69,97.02944439999999,16.9075897,170.46801900000003,0.11114428000000001,16.2,6.56278426,72.6980301,24.4708788,,,,,,
ISic003248,75.0330846,5.4602199,65.1818424,69.1847,1.3026127317,44.91696202,143.5,652.7047364997744,10.4782751,0.8687843999999999,0.018166131500000002,14.229999999999999,120.104272,10.005554499999999,228.85104,0.13883742000000002,34.150000000000006,4.87210836,85.51488479999999,17.8939925,,,,,,
ISic003248,46.86713832,10.06181765,80.1062735,83.09166500000002,0.006900105443,25.81308926,94.24000000000001,38.17683869441731,9.85821623,0.4261491,0.0049640431,0.07178,84.4431748,7.309447,143.94210299999997,0.0240428496,0.133,8.800153170000002,25.40539296,19.852203,,,,,,
ISic003248,82.2976986,8.21912197,6.007958253699999,80.22064,1.74021498,45.79164506,89.4,41.78742606699504,6.791855450000001,0.4278744,0.0064973755,4.09,116.093941,9.031360990000001,132.62958,0.094342536,24.82,9.369059440000001,31.42983357,14.3692136,,,,,,
ISic003248,378.84962010000004,8.59753269,7.6157802,76.77541000000001,0.2563466325,23.984206540000002,90.52,249.84451890342183,2.67663887,0.7202168999999999,0.0110780855,2.673,369.15611,7.073387810000001,162.276192,0.114378244,45.800000000000004,1.62033391,76.0189965,8.65258943,,,,,,
ISic003248,11.61300438,8.717842619999999,64.3210123,68.70853,0.5168238537000001,37.193908359999995,142.5,471.319819207528,11.2803413,0.9007982999999999,0.0201768221,10.65,67.7334623,10.40577668,231.841707,0.15195913600000002,40.089999999999996,9.66029996,71.7640083,14.193649899999999,,,,,,
ISic003248,9.64636959,8.6787676,115.9253001,76.173195,0.1939110453,35.29544858,125.49999999999999,288.5033410515663,12.3908945,0.9307034999999999,0.0127488392,6.903,75.2296964,11.27092762,196.21376099999998,0.08378568800000001,25.39,7.44020803,55.2629565,11.959939440000001,,,,,,
ISic003248,0.52409001,6.8278456,53.639671959999994,70.80928000000002,0.020981154747000002,49.09158562,121.80000000000001,413.2438084569719,12.0926904,0.9654011999999998,0.011741083,6.2620000000000005,55.7744496,7.67132454,218.838807,0.12136658000000002,26.69,5.3040328599999995,63.98049329999999,17.826468000000002,,,,,,
ISic003248,1.6542563879999999,8.460770120000001,39.957839899999996,52.896885000000005,0.2528207808,41.38841112,80.44,21.764063629820598,9.910659019999999,0.2538108,0.0043131001,6.475,22.2727614,9.8377967,104.8423827,0.027432936000000005,1.9080000000000001,8.30899331,11.54035824,11.612863509999999,,,,,,
ISic003248,7.81464906,11.002703,111.2016862,46.860730000000004,0.3791369673,27.2841471,83.96000000000001,23.35011995703015,7.248416209999999,0.2794986,0.0044915067,6.45,23.8871767,4.48632288,106.5197568,0.041892844000000005,12.89,7.3920793,13.09187223,7.42499402,,,,,,
ISic003248,2.259813855,10.8278937,7.11725218,40.13833,0.6205002825,24.33209184,84.88,36.471065528588824,9.287515280000001,0.13087358999999998,0.007485844500000001,3.49,18.1904501,5.99374654,90.630213,0.0280239708,19.470000000000002,5.84455552,19.48992156,10.23266273,,,,,,
ISic003248,121.0077132,3.9784540099999997,77.60937660000002,80.822855,0.5671797152,31.15064372,95.42999999999999,117.16751722648107,3.8159841900000004,0.6523551,0.0136529267,6.954,219.23142800000002,9.29378212,153.04413300000002,0.07754079200000001,2.2350000000000003,6.5775931000000005,37.86420597,10.74314795,,,,,,
ISic003248,65.2258557,7.96410605,45.94878218,81.102955,0.3916504872,27.115174239999998,102.39999999999999,103.0788282741793,8.762059090000001,0.7347861,0.008447793600000001,0.17149999999999999,106.016699,8.97624057,149.403321,0.07731776,6.662,7.75859809,31.72560714,11.77762329,,,,,,
ISic003248,31.8086313,6.10598602,53.8809645,81.17298000000001,0.9119766677,23.29837552,101.5,55.16162242125298,6.9615233000000005,0.5308173,0.0041178172,0.5233,93.6052387,6.438304710000001,134.18992799999998,0.061668348000000005,19.130000000000003,4.812873,31.663339020000002,11.56424587,,,,,,
ISic003248,38.68406955,8.84123742,35.065580059999995,73.20413500000001,1.0627138032,62.36092492,116.3,166.74447942328658,13.1004146,0.6042384,0.0136143523,3.7809999999999997,124.42308999999999,8.77612948,139.651146,0.082038604,0.4592,7.911622769999999,51.62027148,16.3004143,,,,,,
ISic003248,110.9929239,7.55381834,23.92521776,77.27959,1.1996518632,39.629105460000005,118.1,192.90671932574185,11.4962822,0.7863533999999999,0.0084188628,14.19,134.397503,9.62690118,145.372422,0.10278058000000001,18.64,4.65120983,61.1784279,17.7589435,,,,,,
ISic003248,117.32351609999999,10.5811041,47.13644146,79.17026500000001,0.7542772272,29.89825664,126.2,241.0115672125257,12.0412759,0.7407288,0.0140145617,8.718,184.06391,5.04950978,162.53625,0.08612752400000001,20.64,3.55782381,73.0093707,12.479878090000001,,,,,,
ISic003248,15.831669510000001,10.385729,89.76521290000001,86.312815,0.4335834825,25.93236422,99.48,27.07639995205122,13.4500332,0.38339999999999996,0.0041805006,5.001,28.360238199999998,10.46808672,128.72871,0.05077695200000001,2.971,7.3488868499999995,10.60114743,14.4367381,,,,,,
ISic003248,5.42770446,12.1543878,66.5745561,77.797775,0.08546750876300001,30.6636043,91.67,25.40022560424785,8.4525438,0.47848319999999994,0.0030353231,7.242,23.414163300000002,9.280601149999999,126.27116190000001,0.05772811600000001,2.0140000000000002,6.213542449999999,16.26754635,14.0856107,,,,,,
ISic003248,2.520302157,13.881915,39.5743577,59.815355000000004,0.26662181279999997,18.8355041,75.27,36.65496982364295,9.6453602,0.4016115,0.0061140424,11.09,29.419376900000003,7.023060470000001,115.3097172,0.03802695600000001,31.810000000000002,6.37397155,15.063696030000001,15.5711497,,,,,,
ISic003248,2.898062085,10.3137487,85.26079870000001,73.24615000000001,1.3764085607999998,30.23620236,100.60000000000001,153.96465934753272,16.1852846,0.6598314,0.0085152988,11.32,40.2575535,13.2408835,141.991668,0.09404516000000002,33.39,9.145692769999998,32.63368389,19.1229384,,,,,,
ISic003248,10.24310574,10.6736502,65.2481021,67.294025,0.9444802325,25.922424640000003,128.89999999999998,215.40237712606552,27.0954415,0.8195175,0.0148173914,9.075000000000001,37.892486500000004,14.2953611,163.966569,0.11147882800000002,5.911,5.57676233,44.578784909999996,13.37660345,,,,,,
ISic003248,1.099032318,11.6813744,56.226419199999995,71.747615,1.9676953799999999,34.96744244,88.44999999999999,186.83197441149758,16.843390199999998,0.6466041,0.0135372035,10.35,36.1135448,9.76949531,144.59224799999998,0.10385856800000001,23.59,7.05764633,34.22670996,18.3396542,,,,,,
ISic003248,15.1519092,11.712223100000001,158.8326905,80.24865,1.7368890000000001,49.18104184,106.8,334.7104596961974,28.277975,0.9765197999999998,0.0081922382,1.627,60.638261299999996,13.324762400000001,168.387555,0.140733192,2.017,10.28967566,63.2021418,23.1609035,,,,,,
ISic003248,56.041308,6.72810147,100.7934849,77.853795,1.68374948,43.9826415,118.5,349.7140557367094,23.9077425,0.9471896999999999,0.0206686457,10.67,46.201069700000005,9.417203930000001,149.793408,0.134822844,14.58,6.76640581,57.3904506,20.3653892,,,,,,
ISic003248,37.03396437,9.03764081,52.16761418,75.78105500000001,1.6175266799999999,41.23931742,117.39999999999999,248.12333418902205,21.038813400000002,0.8559405,0.0123172881,8.806000000000001,40.1958561,12.138475099999999,147.71294400000002,0.133038588,1.2449999999999999,8.52989184,56.7677694,15.949286899999999,,,,,,
ISic003248,7.44622935,6.535811239999999,14.231701659999999,54.003280000000004,0.4176337368,46.209107419999995,94.11,55.585864831430314,11.1877952,0.452412,0.00210423352,11.790000000000001,27.0337441,9.80783995,111.1487892,0.055311936000000006,1.861,8.61627674,26.54178615,11.33196159,,,,,,
ISic003248,0.3458475165,13.9538953,53.04657218,52.91089000000001,0.6587533337,28.04949476,94.81,32.855258550065614,12.2058023,0.3072951,0.0030425558,10.040000000000001,33.0595235,6.90323347,104.5043073,0.03735786000000001,0.01027,10.16503459,22.655217659999998,15.3820811,,,,,,
ISic003248,30.22079424,13.131263299999999,5.8399478648,46.18849,1.0705804053,29.023573600000002,90.14,38.00379780985464,11.8767495,0.31304609999999994,0.0045782991,6.069,25.501592000000002,6.7858030099999995,97.651779,0.04951310400000001,8.575,11.27199538,16.84871547,10.29613576,,,,,,
ISic003248,0.3247801359,9.9332814,2.6377957311999998,70.44515000000001,0.032109546875,28.61605082,94.55,182.5826098864484,13.881915,0.7156161,0.012102718,5.95,32.1751941,10.728111310000001,137.440653,0.102185828,4.947,11.765623380000001,48.08136666,15.7467134,,,,,,
ISic003248,0.7539631529999999,10.9924201,1.3884933673,80.78084,0.5623404633,44.37028512,85.97,39.20701855302958,12.8330592,0.43765109999999996,0.0041346935,0.2807,50.766677300000005,10.73170612,124.4897646,0.045126808000000004,16.72,7.61050969,14.62781919,14.2881842,,,,,,
ISic003248,39.3845859,10.3343145,2.0691730493,66.35569000000001,2.9686654199999998,8.971464908,143.10000000000002,958.4667148043425,16.3600939,1.0468737,0.019383636,5.9719999999999995,97.57443810000001,11.24816049,225.34025699999998,0.1319606,62.61999999999999,9.45544434,102.9499584,20.7435264,,,,,,
ISic003249,356.84821769999996,2.02161814,39.127234800000004,34.53633000000001,0.2722988597,46.85518012,116.2,214.86628766138762,14.622283799999998,0.35253629999999997,0.016107222900000003,7.569,669.41679,9.85577075,70.735776,0.098766004,24.96,8.50397637,23.869446,11.63312086,,,,,,
ISic003249,207.0933891,12.647967000000001,20.086009299999997,32.715680000000006,2.05197888,39.161945200000005,110.3,81.91238339706189,14.961619500000001,0.2202633,0.013380495000000001,7.142,271.05724399999997,10.950989530000001,70.605747,0.10549413600000002,13.22,12.229633699999999,27.40835082,29.2516134,,,,,,
ISic003249,1004.073435,2.58512106,72.8410379,35.110535,0.021827613675,51.2385349,126.8,282.38566164832093,6.358945360000001,0.2869749,0.018137200699999998,5.2700000000000005,1523.92578,13.5284683,91.2413493,0.11727766000000002,4.938,0.531267135,34.377191249999996,3.66928133,,,,,,
ISic003249,0.953221137,11.856183699999999,76.80133620000001,45.62829,5.19147258,40.891432120000005,100.8,1207.84253455827,14.5811522,0.7252010999999999,0.0228746192,4.274,55.9595418,17.315001499999997,133.279725,0.224407364,1.252,6.03707044,38.21186964,13.9505617,,,,,,
ISic003249,161.2744308,8.238659479999999,3.5095521048,39.80221,1.1658874325,41.01070708,125.30000000000001,435.43031280830087,9.39137257,0.5643648,0.0186338461,4.7090000000000005,126.47967,10.45370748,99.4331763,0.137090336,45.71,10.16626866,36.31788099,11.52913313,,,,,,
ISic003249,21.44098932,12.6788157,32.41773816,48.247225,1.5418120137,30.60396682,122.9,536.003381240982,14.1389875,0.5714577,0.019311309,10.56,40.2884022,15.5894927,88.9138302,0.155416132,29.63,9.08398927,26.70783447,18.0425464,,,,,,
ISic003257,0.4730820417,14.8690734,61.8435298,70.207065,1.4203658777,30.08710866,89.5,19.87498367185343,11.9795785,0.23598270000000002,0.0044794522,2.178,22.7766235,9.96481332,179.049933,0.049550276,11.96,11.239909560000001,15.790157429999999,14.1126205,,,,,,
ISic003257,0.22675973700000002,10.131741369999999,16.81872946,65.59942000000001,1.4269109337,38.336960059999996,101.10000000000001,100.55590810938229,12.185236499999998,0.47484089999999995,0.0097520905,3.927,27.969488,11.20262623,162.406221,0.075310472,52.14,9.24688651,24.367590959999998,17.3132818,,,,,,
ISic003257,1.113042645,8.55125964,78.0137208,60.38956000000001,0.076380460128,44.56907672,101.3,161.76618341004223,9.70808589,0.33720029999999995,0.0084236846,4.986,30.7150223,11.80775258,155.124597,0.06341543200000001,12.72,10.617938279999999,24.74638869,13.585929400000001,,,,,,
ISic003257,4.690346139,9.21245011,49.679929599999994,56.846295000000005,2.4786463800000003,35.69303178,106.89999999999999,141.529275036824,9.15075271,0.34716869999999994,0.0099280862,6.257000000000001,27.0028954,14.055707100000001,144.072132,0.059586716000000005,36.56,12.4517663,28.49285391,17.097203399999998,,,,,,
ISic003289,51.43865613,1.1023268800000001,27.7370462,44.199780000000004,0.1815434712,25.53478102,121.89999999999999,174.70428302667835,86.00617559999999,0.3703644,0.0167268242,6.309,109.41005600000001,12.1264924,204.795675,0.04869532000000001,39.33,9.52825447,54.7440555,16.2734045,,,,,,
ISic003289,9.994033259999998,13.1826778,9.11988176,46.510605000000005,1.5100636488,28.46695712,129.2,104.14587395700089,65.0701912,0.46295549999999996,0.0103813354,1.031,84.0010101,15.721302399999999,209.73677700000002,0.04910421200000001,21.78,7.26250195,44.22074322,14.1126205,,,,,,
ISic003289,1.933425126,6.808308090000001,12.21258918,40.376415,0.1381009497,43.594997879999994,113.8,122.88801425524946,110.43834600000001,0.2649294,0.0090842712,10.540000000000001,64.8234016,11.51417643,205.705878,0.0492529,4.258,6.38878039,28.97543184,12.82020157,,,,,,
ISic003289,3.4195575899999997,2.25606826,5.947299373700001,44.689955000000005,1.5877995,31.339495739999997,107.0,119.4251562329197,139.127637,0.2678049,0.008182594599999999,0.1331,94.911167,18.1777559,247.315158,0.06616616,30.369999999999997,7.0810936600000005,48.2059029,13.2483069,,,,,,
ISic003289,25.228966619999998,3.11469041,25.775149680000002,46.580630000000006,0.2529740633,38.5655704,107.2,104.34037820801046,139.230466,0.38186639999999994,0.0092940195,16.57,63.681999700000006,15.2539771,204.795675,0.041781328,24.41,8.091796989999999,21.75751893,17.8804876,,,,,,
ISic003289,10.79832981,7.7522783099999995,64.1886669,39.115965,1.0535670872999998,30.42505438,111.89999999999999,87.24696036585405,29.912956100000002,0.30441959999999996,0.0070711697,5.640000000000001,64.9467964,10.01633893,225.47028600000002,0.015746059200000002,12.45,10.09592667,27.683368350000002,16.9486495,,,,,,
ISic003296,305.113788,41.645745,18.759755,37.617430000000006,1.0023015513,37.95925602,112.39999999999999,1400.695740224955,6714.7337,0.29425949999999995,0.0138289224,7.184,54.09833690000001,0.5545593560000001,101.9297331,0.10616323200000001,58.79,6.4529520300000005,0.3812884548,16.5435025,,,,,,
ISic003296,8.75385987,8.13788706,28.5787605,57.238435,0.019197688586999998,47.32234038,125.6,235.39161716377345,83.4765822,0.5016788999999999,0.0122666592,0.6427,64.6691581,5.9769707599999995,149.143263,0.10876527200000001,23.25,10.803048780000001,30.39203157,12.80669667,,,,,,
ISic003296,25.20821058,13.7482373,57.9627045,55.095670000000005,2.7022291800000002,20.75384304,110.0,156.85554645340443,110.644004,0.5110722,0.005410059599999999,3.397,37.3577757,8.19496853,174.23886000000002,0.065311204,1.662,16.0552507,24.367590959999998,23.3094574,,,,,,
ISic003296,52.5127812,14.601718000000002,15.671740000000002,71.327465,0.7441811888,28.546473759999998,114.3,164.6026373907023,21.4809781,0.4938192,0.0097569123,10.38,55.6202061,6.5185888,165.917004,0.052895756,28.560000000000002,7.70429901,40.92053286,20.4194088,,,,,,
ISic003296,1.054925733,10.519406700000001,35.19888218,60.92175,0.005382435395749999,33.347290900000004,90.52,59.317655254843785,425.19791499999997,0.2170044,0.0060778789,0.07458999999999999,24.0928347,7.00868123,156.0348,0.045461356,13.55,8.43857066,1.091767704,15.4766154,,,,,,
ISic003300,0.29650003140000003,12.761078900000001,164.79226649999998,80.27666,0.5397231168,38.15804762,109.3,64.16048495663124,15.969343700000001,0.6561891,0.0082356344,11.66,21.861445399999997,14.798634499999999,128.7677187,0.0222139872,0.5448,9.9466042,19.64559186,15.6926938,,,,,,
ISic003300,7.05186459,12.863907900000001,3.6914262076999997,65.01121,0.27889891679999995,41.0504654,105.1,20.196081264327734,10.26541907,0.23003999999999997,0.0050219047,4.071,25.0285786,10.598698149999999,117.5982276,0.057505084000000005,0.49240000000000006,6.43690912,16.71899022,13.7209784,,,,,,
ISic003300,0.802739847,10.17904271,22.478946,75.977125,0.00129071642175,33.536142919999996,94.28,40.08363790911237,11.1260978,0.5864102999999999,0.0091662418,2.785,29.244567599999996,9.181144739999999,124.5937878,0.052524036,17.41,7.99430546,7.84059411,14.0721058,,,,,,
ISic003300,40.95685593,30.5504959,1.7443993000000002,55.641865,0.00505022798175,36.428560700000006,121.0,303.1237451934803,6618.07444,0.46429739999999997,0.0126307051,0.022490000000000003,36.8436307,5.6953773100000005,115.2186969,0.088915424,17.55,3.67012418,0.18747893129999998,13.12541231,,,,,,
ISic003306,1.500142791,10.869025299999999,121.45836270000001,68.86258500000001,0.4577686617,30.415114799999998,100.8,46.91222827383318,17.9847921,0.4012280999999999,0.005492030199999999,3.337,19.465529699999998,11.31526361,214.677879,0.036856038,4.458,10.06260678,23.20525272,18.2451199,,,,,,
ISic003306,7.959941339999999,10.23662695,84.30867690000001,80.094595,0.5249208153,42.352550380000004,109.3,30.35754383176465,15.1569946,0.45662939999999996,0.004862785299999999,3.7359999999999998,32.1443454,10.158933059999999,224.169996,0.039327976,25.700000000000003,6.32954503,20.97916743,9.977420120000001,,,,,,
ISic003306,3.8761904699999996,10.0258275,160.98859979999997,92.81113500000001,0.4947322037,32.46266828,94.07,26.074211002565164,12.2674997,0.552096,0.0066082769000000005,7.5889999999999995,30.2522918,9.72276278,229.50118500000002,0.038249988,0.17980000000000002,8.82730271,18.86724036,16.908134800000003,,,,,,
ISic003306,1.339802382,7.52091306,38.69316836,43.9757,0.1778807688,39.619165880000004,91.65,32.702945789663815,7.905493519999999,0.16089380999999997,0.0078161378,1.823,22.6120971,9.667642359999999,167.607381,0.046539344,26.32,12.27035801,18.32758332,14.0856107,,,,,,
ISic003308,6.72495696,10.8278937,93.5388564,81.074945,0.0273457877,41.358592380000005,117.39999999999999,120.41610309898763,11.6916573,0.720792,0.0068324906,7.242,52.093171399999996,11.15229889,204.535617,0.069474468,17.96,12.26295359,35.25413394,16.0573261,,,,,,
ISic003308,0.2265521766,7.73068422,8.1086247,81.102955,0.116118273075,31.975628859999997,110.10000000000001,73.75132280011158,8.65717351,0.6084558,0.0103451719,5.949,60.957031199999996,10.46928499,209.60674799999998,0.05036806,43.38,6.483803780000001,35.04138453,12.02206198,,,,,,
ISic003308,15.32833554,15.9179292,66.9729603,89.87008500000002,0.5403466488,56.317660280000005,130.0,89.29849250545041,8.465911570000001,0.6684578999999999,0.0084212737,9.275,50.45819029999999,8.39028654,209.476719,0.0975765,1.139,8.290482260000001,34.54323957,10.00983188,,,,,,
ISic003308,6.216433980000001,9.45204168,0.39259082926799993,43.289455000000004,0.6854543156999999,65.81989876,111.3,1148.9792676645502,9.25049684,1.8454959,0.0085201206,0.9994999999999999,38.5814408,34.5461241,415.832742,0.31897293200000004,45.78,7.45254873,32.66481795,36.0715879,,,,,,
ISic003308,2.3231197769999996,9.27209093,1.1940682008,58.16276500000001,1.0239117168,35.89182338,111.60000000000001,1050.6874655771535,12.7199473,1.4728310999999998,0.0076642511,17.06,32.9155629,17.0274167,461.863008,0.308490428,50.349999999999994,9.31229222,29.03251095,27.671540099999998,,,,,,
ISic003308,3.4143685799999997,8.228376579999999,106.9944442,53.94726,0.6178382168000001,17.76202946,110.19999999999999,86.12960504765479,8.87928415,0.6222582,0.0055956989,7.217,20.7200435,11.073213070000001,509.063535,0.04817491200000001,17.830000000000002,6.98607027,26.70264546,18.501713,,,,,,
ISic003308,27.48618597,8.985198019999999,0.14579469788700003,55.52982500000001,1.0692958325000002,53.107175940000005,95.03999999999999,84.42888656536147,6.700337640000001,0.6594479999999999,0.0041057627000000005,5.016,27.4244943,13.192952700000001,643.7735789999999,0.083525484,16.93,3.54548311,18.96583155,19.1364433,,,,,,
ISic003308,0.0743585133,11.1466636,23.93145868,55.99199,0.110828542923,17.55329828,108.2,64.03247091732283,6.73838437,0.4874931,0.0037513604,5.852,22.4372878,7.701281290000001,477.85657499999996,0.061296628000000006,0.2112,8.10166955,17.81906034,17.3537965,,,,,,
ISic003308,31.678906050000002,12.1029733,85.6692109,53.83522000000001,0.2621735753,40.77215716,104.6,74.14028743011332,12.2469339,0.4480029,0.0037176078,3.2449999999999997,31.5993517,16.0688007,461.342892,0.0399599,5.2059999999999995,9.37399572,17.42469558,13.29422356,,,,,,
ISic003312,46.67514495,8.34354506,13.844560360000001,86.32682,0.3311765688,34.917744539999994,99.58000000000001,34.3259683797729,13.018151399999999,0.4087044,0.002724317,6.494,34.4888466,10.44651786,86.4952908,0.072745604,5.485,8.59899976,21.70562883,15.908772200000001,,,,,,
ISic003312,4.259658309000001,10.509123800000001,0.8902162153000001,83.51181500000001,0.5060856528,24.80919168,93.16,31.354452232868883,10.9615714,0.39394349999999995,0.0041154063,6.587,37.923335200000004,13.324762400000001,86.0922009,0.050479576,39.49,7.81042903,21.81978705,17.4483308,,,,,,
ISic003312,1.6485484769999998,12.2572168,96.08770129999999,84.61821,0.1518073557,33.66535746,109.6,35.17906395668742,15.558027699999998,0.4894101,0.0048555526,1.04,23.6301042,8.81806893,96.6375528,0.03839867600000001,1.125,8.464486130000001,21.389099220000002,14.6663214,,,,,,
t0-0CC-1,95.7891246,6.101872859999999,150.1859576,0.6935276,8.08661658,69.23911428,114.5,12138.190570606528,6.0566281,6.8628599999999995,0.031992643,10.11,50.3656442,405.973876,13.7050566,0.167348344,11.17,160.058879,79.08051239999999,338.027647,,,,,,
t0-0CC-2,48.735181919999995,6.831958759999999,154.8316847,0.6596355,7.7094399199999994,48.5548483,108.8,12262.1166100022,6.4628026499999995,7.232841,0.029485307,9.183,59.764214800000005,415.560036,22.742072099999998,0.15865009600000002,9.359,164.995159,76.4341173,356.124213,,,,,,
t0-0CC-3,70.8299865,3.54040247,200.19257700000003,0.7113139500000001,12.11187362,23.43752964,111.0,12014.939057701251,7.60626113,6.952958999999999,0.038333309999999995,8.246,50.2628152,420.832424,16.6567149,0.15017488,24.2,160.058879,77.73136980000001,348.83156699999995,,,,,,
t0-10CC-1,65.0701854,5.531171909999999,181.91163039999998,6.3176555,8.14208108,57.73902022,101.8,9097.744347407515,3.4684221699999997,6.684578999999999,0.027219061000000003,6.42,60.278359800000004,359.840481,138.610914,0.129024012,1.048,148.33521399999998,68.0279211,317.905346,,,,,,
t0-10CC-2,85.20354420000001,5.02319665,138.3491522,6.316255000000001,7.635797820000001,48.1075672,134.6,9009.670832963751,0.322471744,6.931871999999999,0.027821786,0.3699,45.3373061,361.398232,143.291958,0.12538115600000002,29.669999999999998,145.743667,82.03824809999999,311.017847,,,,,,
t0-10CC-3,64.5512844,6.69622448,132.850347,6.349867000000001,6.245090879999999,49.33013554,109.3,8904.583252337514,4.25506402,6.813018,0.026857426,4.172,50.0365914,370.26543,144.852306,0.105903028,39.75,157.220518,74.0471727,334.111226,,,,,,
t0-20CC-1,42.285242489999995,7.983643559999999,63.725647,11.6591625,4.823122499999999,65.51177178,96.18,6407.35360058583,6.1419761699999995,6.826437,0.022481642500000003,6.071,40.9670736,304.600234,236.392722,0.12214719200000002,15.83,127.97305899999999,63.098361600000004,265.641383,,,,,,
t0-20CC-2,64.7069547,3.36662146,64.51957540000001,11.8048145,6.13692618,37.93937686,88.78999999999999,6143.254114138726,3.53423273,6.673077,0.026278810000000003,2.71,45.8000366,316.103626,237.172896,0.13831701200000002,0.8456,128.219873,67.7684706,272.79898000000003,,,,,,
t0-20CC-3,54.9516159,2.89874951,152.6164637,11.5695305,6.70017138,51.79515138,80.95,6785.726644299895,1.50644485,6.462206999999999,0.025507322,0.6675,36.3397686,321.25618699999995,234.0522,0.08609035200000001,7.102,121.926116,62.4756804,273.204127,,,,,,
t0-30CC-1,42.48761388,4.8329629999999995,142.42307939999998,17.058090000000004,3.65617518,56.71524348,87.38,4921.4218008171,4.02781193,6.552306,0.024784052,4.676,37.1932493,272.36677099999997,305.308092,0.07854443600000001,25.740000000000002,115.385545,59.9330655,239.71197500000002,,,,,,
t0-30CC-2,23.594428469999997,1.8365259399999998,78.6881078,16.86202,4.10190522,61.426604399999995,85.53999999999999,4857.76040483238,7.021164120000001,6.485211,0.0184313305,6.977,34.1803596,267.21421000000004,294.125598,0.093041516,7.456,103.8346498,52.201440600000005,237.956338,,,,,,
t0-30CC-3,38.362350930000005,6.90908051,165.24078269999998,16.91804,2.54945502,30.07716908,85.95,4722.979192420999,7.620657189999999,6.519716999999999,0.0170860483,13.370000000000001,39.7639743,267.813345,294.255627,0.095271836,3.089,109.9926591,53.706253499999995,243.628396,,,,,,
t0-40CC-1,38.134034490000005,8.68288076,239.7854547,26.035295000000005,3.77459348,26.17091414,88.85000000000001,2837.7642371403317,2.64476188,5.912027999999999,0.0190316446,5.3,33.676497499999996,211.37482799999998,397.88874,0.053564852,0.322,86.7180989,34.34605719,186.502669,,,,,,
t0-40CC-2,15.36465861,11.5271309,120.675848,25.783205000000002,2.42354462,44.429922600000005,86.11,2903.4287227007017,3.0838417099999997,5.90436,0.015135630200000002,6.2219999999999995,36.3911831,210.775693,400.619349,0.088543704,0.6169,86.3108558,41.60029317,189.878894,,,,,,
t0-40CC-3,0.8587811550000001,7.31011361,119.53894079999998,26.27338,1.2373656393,26.67783272,80.4,3021.1989787514776,2.32702027,5.917779,0.0165267195,3.8850000000000002,39.0544542,218.684275,420.513786,0.068805372,0.3713,92.802064,42.37864467,190.554139,,,,,,
t0-50CC-1,23.80717788,6.7023942199999995,136.17443120000001,34.84444,3.43371,29.282002679999998,89.85000000000001,1829.1436187373201,2.49977299,5.643648,0.0129200131,4.428,29.213718900000003,165.960395,487.60875,0.04497812,10.44,68.8857874,42.824899529999996,154.361007,,,,,,
t0-50CC-2,9.39729711,7.91886129,169.73782469999998,35.306605000000005,3.44631378,22.69206114,68.58,1956.2395673228634,0.909728163,5.570802,0.012881438700000001,5.571,32.185477,166.08022200000002,481.1073,0.043900132,22.71,70.9096622,45.014661749999995,160.70831,,,,,,
t0-50CC-3,57.4942308,8.169764050000001,52.935828400000005,35.278595,2.44246968,40.752278000000004,78.35,1999.3068328669822,0.679905348,5.542047,0.0112540812,8.347,25.6249868,164.043163,478.24666199999996,0.052263832,0.22249999999999998,71.8352147,46.26002415,153.28061499999998,,,,,,
t0-60CC-1,0.001061671446,6.77437452,47.265657260000005,61.131825000000006,1.2879855177,28.05943434,63.919999999999995,465.1134035828954,3.5547985300000002,4.117716,0.0068107925,0.1065,21.182774,84.0346751,608.275662,0.0350680648,0.9199999999999999,35.541216,18.19266906,75.897538,,,,,,
t0-60CC-2,0.2237501112,8.31783781,47.79569296,60.97777000000001,0.8217834932999999,48.34611712,72.53999999999999,482.27743628765523,7.27412346,4.121549999999999,0.0063937068,0.1625,19.5477929,82.440976,614.1269669999999,0.0252806772,23.98,32.3943375,18.96064254,85.29694839999999,,,,,,
t0-60CC-3,13.953247889999998,8.21089565,103.01757130000001,60.431575,0.7336180425000001,27.681730299999998,68.85000000000001,463.95415886936087,7.25664253,4.041036,0.0064901428,0.016800000000000002,28.401369799999998,83.9507962,610.746213,0.03561449320000001,2.097,38.428939799999995,17.51809776,79.543861,,,,,,
t0-70CC-1,0.2434683492,5.63091604,29.7425992,68.63850500000001,1.3937179368000001,20.88305758,60.49,334.3806193087187,9.0078204,3.7266479999999995,0.0067312328000000005,0.07721,19.671187699999997,68.3493208,646.7642460000001,0.029417920800000004,22.01,28.1984995,19.988066519999997,74.8036411,,,,,,
t0-70CC-2,8.5099764,10.5811041,80.91784189999998,69.12868,1.5122005017000002,36.61741272,72.28,323.25842570966165,6.28079532,3.7132289999999997,0.0083200159,1.723,17.995075,66.32424449999999,640.392825,0.032863765200000006,0.4133,27.2606063,26.54178615,71.1438132,,,,,,
t0-70CC-3,1.553070693,9.071574380000001,66.3090733,68.20435,1.5429644888,30.59402724,66.66,341.6729860804005,6.272569,3.655719,0.0060393045,4.758,20.9359844,72.9986084,641.433057,0.0348896392,11.219999999999999,26.4337794,19.85834127,70.67114169999999,,,,,,
t0-80CC-1,1.474197741,8.89779337,105.0384566,75.26287,0.9070425000000001,21.06197002,49.5,221.88352863979878,6.1286084,3.3144929999999997,0.004903770599999999,2.0370000000000004,21.645504499999998,56.31869,662.497755,0.024232426800000005,4.216,19.5600095,20.37724227,55.0864871,,,,,,
t0-80CC-2,6.60042072,5.54659626,132.56189619999998,74.49259500000001,2.0350941799999998,36.855962639999994,65.29,237.91295551671215,5.10134669,3.3835049999999995,0.0044963285,0.061130000000000004,16.5040545,57.3611849,657.686682,0.0169578664,10.309999999999999,23.5954184,19.72861602,60.4614373,,,,,,
t0-80CC-3,0.23563294410000002,9.27414751,12.3780468,75.15083,1.3358097332999999,38.87369738,57.54,232.0492737340301,7.506517,3.046113,0.00196657113,0.1733,22.6635116,56.2827419,664.0581030000001,0.0274069156,39.57,25.940151399999998,22.97693628,60.8665843,,,,,,
t0-90CC-1,0.4325039835,8.05253899,58.73063166,88.46958500000001,0.3576845552,28.48683628,56.13,85.50142544541285,6.95741014,2.3349059999999997,0.00188363617,0.6411,11.3831703,31.2029508,698.1257009999999,0.0211397164,24.150000000000002,14.9075656,15.07407405,33.802764700000004,,,,,,
t0-90CC-2,1.1607815369999999,10.0978078,95.6048574,87.71331500000001,0.15561670319999998,37.60143114,69.35000000000001,79.8968674988891,11.3523216,2.495934,0.0049592213,0.035800000000000005,19.7020364,31.2988124,688.633584,0.0052115144000000006,6.84,15.635666899999999,11.45214507,28.670902700000003,,,,,,
t0-90CC-3,3.30539937,9.91785705,110.85025769999999,87.97941,0.6978761888,28.814842419999998,73.73,83.21996970534485,3.20003848,2.315736,0.00030473776,3.702,14.8896392,32.712771000000004,700.85631,0.0147981732,20.020000000000003,14.5496853,15.78496842,30.6696279,,,,,,
t0-100CC-1,0.17533664789999998,11.0849662,42.147812959999996,100.69595000000001,0.9395372112,27.46305954,55.309999999999995,2.8895446004925804,7.447904469999999,1.3597280999999999,0.0028906691000000003,0.1829,17.0079166,7.03863798,717.630051,0.00873542,9.174000000000001,6.98236806,2.655216417,9.59523145,,,,,,
t0-100CC-2,0.19541811660000002,8.123491,36.53971966,102.99277000000002,0.2618668437,26.71759104,56.07,3.1920157182178976,5.8612530000000005,1.077354,0.0037079642,0.2555,12.2160852,7.6365747100000005,722.7011819999999,0.014248027600000001,22.02,6.22835129,7.22829093,11.799231129999999,,,,,,
t0-100CC-3,18.27569322,7.2011148700000005,121.6719018,101.88637500000002,0.2868838392,33.30753258,49.29,2.882807486780638,8.08750085,1.0365219,0.00115433892,0.8333,15.054165600000001,9.85457248,729.722748,0.0072634088,0.3049,9.58502169,4.321407528,11.48186598,,,,,,
tISic000297-1,0.604000764,12.2777826,7.9199587000000005,62.18220000000001,1.7618475,19.839401679999998,110.19999999999999,77.02301096906538,14.2418165,0.48346739999999994,0.0058657197,4.473,33.7793265,11.967122490000001,126.7132605,0.13307576,38.97,9.5517018,26.55735318,21.5268106,,,,,,
tISic000297-2,15.17785425,12.4011774,513.3115897,66.27166000000001,7.579105380000001,30.991610440000002,89.78,69.70749986140972,10.3137487,0.7819443,0.0070350062,5.726,27.5273233,14.870530700000002,67.4460423,0.29291536,134.79999999999998,10.72653644,27.097010219999998,20.6354872,,,,,,
tISic000297-3,19.62483582,10.9410056,22.05565076,58.400850000000005,1.2715840367999998,41.0007675,125.0,141.57365503819898,10.663367299999999,0.7528058999999999,0.020921790200000002,2.75,83.1269636,9.90010674,172.288425,0.07880464000000001,40.44,10.07494748,64.7588448,19.9332324,,,,,,
tISic000298-1,1.2365410829999999,7.31525506,22.024537059999997,71.775625,0.9089523408,26.141095399999998,83.66,19.99662989684357,8.2571687,0.485001,0.0033800818,0.3758,98.5924452,8.41065713,136.010334,0.0520408,30.25,9.96141304,23.85906798,15.7602183,,,,,,
tISic000298-2,107.3087268,10.807327899999999,91.341074,75.78105500000001,0.5493903800000001,20.05807244,106.39999999999999,20.88682353220429,8.17696208,0.3630798,0.0075340625,4.779,195.992074,9.89171885,170.72807699999998,0.010601454400000002,0.24270000000000003,5.673019790000001,35.83530306,14.6528165,,,,,,
tISic000298-3,27.36683874,11.3728874,9.3821035,67.89624,0.1722356825,27.085355500000002,96.22,19.863933979310374,10.519406700000001,0.3118959,0.0040479011,7.883000000000001,80.0318107,6.59407981,125.5429995,0.05769094400000001,13.44,7.973326270000001,23.43356916,19.8927177,,,,,,
tISic000307-1,7.70567985,4.01547245,47.82802526,70.179055,1.98452408,29.49073386,99.16000000000001,311.99649849679275,13.6454083,0.5881356,0.0120496782,4.434,22.8794525,9.71197835,84.2067804,0.10356119200000001,69.81,8.464486130000001,30.05993493,23.120388799999997,,,,,,
tISic000307-2,17.279403300000002,12.2777826,83.90098469999998,78.65208,1.3925743797,27.403422059999997,96.03,29.640835977278027,13.131263299999999,0.3611628,0.0035054486,0.6859,25.0388615,9.23626516,76.3920375,0.057542256,0.5263000000000001,9.64795926,18.07851084,17.016174,,,,,,
tISic000307-3,0.579612417,16.318962300000003,49.0966333,74.856725,1.1492700408,40.086326140000004,109.8,41.59542508329511,7.28543465,0.4090878,0.006943392,1.724,30.0055022,8.20695123,76.99017090000001,0.06337826,8.133,11.64838673,29.81605146,11.98289777,,,,,,
tISic000307-4,2.282645499,9.9641301,52.07001968,73.06408500000002,0.6438498192,31.64762272,87.25,25.553509503584337,10.11940189,0.276048,0.0036187609000000003,4.928,25.1622563,9.55859979,70.2676716,0.05118584400000001,24.6,14.7101144,11.0007012,17.0026691,,,,,,
tISic000307-5,0.023537349359999998,11.1980781,37.825867800000005,74.70267,1.0614297792,25.86278716,109.2,54.031119560237734,14.169836199999999,0.33106589999999997,0.007652196599999999,9.209,40.6688695,10.52200887,62.791004099999995,0.07768948,0.2069,9.235779879999999,22.9873143,15.935782,,,,,,
tISic000307-6,17.943596579999998,5.1928645,7.342147800000001,66.453725,0.34689142320000005,38.34689964,71.49,19.96343554318835,13.5322964,0.2047356,0.0087057599,0.2138,33.1932012,6.312486359999999,64.494384,0.040628996,11.47,6.69729789,16.71380121,15.557644799999998,,,,,,
tISic000315-1,3.974262759,9.412966659999999,0.98586796,74.044435,1.71528378,40.613123879999996,101.39999999999999,39.78621980409014,13.5425793,0.39049290000000003,0.0068083816,11.85,72.2270896,10.79281789,138.22082699999999,0.064939484,19.130000000000003,10.13911912,16.200089220000002,23.6875946,,,,,,
tISic000315-2,26.847937740000003,9.494201570000001,56.25259596,73.596275,0.135452352672,27.572394919999997,103.0,36.091064489845444,11.8767495,0.37496519999999994,0.0050773554000000005,0.46950000000000003,75.6924269,11.28650513,142.511784,0.067801728,18.78,11.51634124,25.24972266,20.122301,,,,,,
tISic000316-1,7.482552419999999,6.28182361,89.286233,79.15626000000002,1.0032614613,35.285509000000005,94.51,24.4858833023302,10.09677951,0.4110048,0.0072254673,1.195,63.7951116,10.23921715,128.22159689999998,0.115865124,48.59,6.92806898,28.25934846,19.2174727,,,,,,
tISic000316-2,7.389150239999999,8.341488479999999,37.71753326,70.78127,3.17239482,24.67003756,97.13,18.158661486941224,12.8330592,0.46429739999999997,0.006437103,0.09218,39.568599199999994,10.696956290000001,102.4108404,0.128206228,34.31999999999999,8.34478134,25.3742589,22.2695801,,,,,,
tISic000330-1,140.98540169999998,9.15486587,11.520593,69.00263500000001,3.12617228,28.09919266,98.25999999999999,84.55373360874512,12.6274012,0.6699915,0.0113215864,0.592,127.816447,8.940292470000001,113.0342097,0.06263482000000001,11.13,8.02268907,28.10886717,12.78508883,,,,,,
tISic000330-2,135.0180402,8.31166807,47.11706116,73.6663,0.9826345032,26.34982658,86.89,41.81487901185068,7.07977665,0.38895929999999995,0.0026134155999999998,6.281,173.98666799999998,9.38724718,127.4934345,0.0353988956,2.7319999999999998,6.659041719999999,21.83535408,20.9596048,,,,,,
tISic000330-3,69.9997449,8.47105302,11.0066852,69.80092,1.79183928,14.641001339999999,87.75,35.816685797446105,15.7842515,0.44972819999999997,0.006063413500000001,6.337,97.4201946,8.35074363,116.49298110000001,0.082038604,34.56,9.51961598,15.867992580000001,13.9775715,,,,,,
tISic000337-5,2.124380694,7.38517878,5.9843005768,72.48988,1.3534082037,19.39212058,101.3,31.25432591949687,10.5296896,0.2885085,0.0040768319,9.1,41.830837200000005,8.67787134,152.00390099999998,0.042078704,35.3,12.03835285,28.75230441,15.2875468,,,,,,
tISic000337-6,2.9515088879999998,10.704498899999999,33.77835706,61.52396500000001,2.173962,35.32526732,104.4,52.4330411056659,18.406391,0.4280661,0.0050532464,5.93,63.1884205,10.69575802,146.022567,0.07267126000000002,35.18,5.7137441,22.46322429,14.922914500000001,,,,,,
tISic000337-7,2.312741757,14.9204879,33.19579926,69.17069500000001,0.37049101529999995,20.69420556,117.6,41.4037209466362,11.969295599999999,0.34352639999999995,0.007382175800000001,0.522,54.61248189999999,12.9892468,150.443553,0.020240154000000003,46.21,5.3793111300000005,33.24598707,17.0701936,,,,,,
tISic000340-1,77.316249,12.750796000000001,73.3098118,78.73611000000001,1.66551588,37.92943728,110.9,30.494044933644894,11.9487298,0.3552201,0.0083368922,0.3979,153.21521,11.878450509999999,77.84836229999999,0.05103715600000001,17.66,8.74462002,28.498042920000003,13.16187554,,,,,,
tISic000340-2,219.6507933,7.75433489,3.8110939624999998,81.229,1.1410475097,70.60083674,122.6,112.36615761905958,5.1383651299999995,0.5361849,0.0077582762,1.1090000000000002,189.513847,6.27294345,89.9670651,0.109025476,20.07,4.204476489999999,31.450589609999998,13.8425225,,,,,,
tISic000340-3,77.7832599,12.524572200000001,11.6124068,81.046935,1.2273227924999999,51.06956204,91.14,84.17941632961535,6.4987928,0.43650089999999997,0.006186369400000001,0.9722,114.14019,10.28834622,71.89303410000001,0.07137024,38.08,4.2081787,20.0295786,16.4624731,,,,,,
tISic000348-1,3.391018035,8.32606413,24.3872079,54.227360000000004,1.05404838,36.63729188,124.20000000000002,378.2132312629865,6.16459855,0.39145139999999995,0.0103982117,0.21150000000000002,31.4553911,12.821489,1152.316998,0.13214646000000002,39.53,11.57310846,72.4904697,18.6232571,,,,,,
tISic000348-2,2.7823471619999998,8.98828289,47.58880176,45.614285,1.6357156199999998,49.230739740000004,138.89999999999998,1518.18767348518,10.3548803,0.7913375999999999,0.0236003001,12.06,54.982666300000005,13.1689873,529.608117,0.24042849600000002,22.77,11.578044740000001,72.6980301,22.8637957,,,,,,
tISic000348-3,0.4147575693,8.40729904,118.68726840000001,49.143545,1.71528378,38.356839220000005,116.80000000000001,314.23368171284665,10.9718543,0.38493359999999993,0.0116808105,2.429,42.797429799999996,15.3498387,543.391191,0.07412096800000001,5.901,9.912050240000001,88.0056096,19.8386981,,,,,,
tISic000378-1,10.663415550000002,7.64430786,56.23296330000001,78.58205500000001,0.8013624192,23.8052941,100.8,55.43421311556314,11.9487298,0.44781119999999996,0.0034765178,1.76,51.918362099999996,13.0132122,199.724544,0.060255812000000006,0.7224999999999999,10.33903846,18.91394145,25.5782806,,,,,,
tISic000378-2,68.8581627,9.29882647,487.9156814,74.95476000000001,5.822788999999999,23.91462948,76.81,70.90131521669078,14.5708693,0.7932546,0.0109985258,16.27,52.8952376,12.138475099999999,104.413287,0.36844886400000004,135.6,9.003774720000001,18.51438768,28.508843900000002,,,,,,
tISic000378-3,24.43504809,4.34555354,48.6497686,80.626785,1.2051504247999998,48.39581502,87.68,107.236885469783,10.235598659999999,0.546345,0.0091300783,7.890999999999999,106.736502,9.667642359999999,210.907038,0.08018000400000001,20.2,10.82155983,37.303792890000004,20.8380607,,,,,,
tISic000383-1,1.762187796,12.3600458,16.0353452,36.455015,1.91393762,20.00837454,101.7,48.86825773202608,13.4089016,0.13585779,0.0081464311,7.244,64.3915198,11.82333009,54.8982438,0.060330156,64.54,12.02601215,32.97615855,17.853477799999997,,,,,,
tISic000383-2,22.64483964,10.766196299999999,67.9034101,39.620145,1.9727425200000002,24.19293772,97.66,51.293767516537514,8.808332140000001,0.2187297,0.0053594307,8.467,49.8412163,11.480624870000002,62.179867800000004,0.06761586800000001,10.96,7.89187765,23.30384391,9.60873635,,,,,,
tISic000383-3,145.1366097,8.529665549999999,142.7877379,35.74076,4.95873392,34.54998008,114.9,195.9773121645119,5.07872431,0.4060206,0.014060368799999999,3.5820000000000003,104.88558,12.7975236,84.4668384,0.125120952,0.06478,7.11564762,57.442340699999995,18.7448012,,,,,,
tISic000649-1,3.8294893799999996,10.12043018,58.1004771,54.297385000000006,1.75518882,33.28765342,112.30000000000001,172.2745638636734,8.69624853,0.45145349999999995,0.0038502073000000006,8.963999999999999,35.7125117,11.90481245,72.8032371,0.078172716,1.132,6.605976709999999,31.12887099,14.9364194,,,,,,
tISic000649-2,0.7477363410000001,4.66740831,10.07783296,55.753905,3.98186712,40.63300304,126.8,195.72058334227575,15.208409099999999,0.45586259999999995,0.0131586922,0.9410999999999999,47.208793899999996,9.771891850000001,66.9259263,0.11374632000000001,26.58,9.235779879999999,41.66256129,13.01467213,,,,,,
tISic000649-3,4.993384323,8.0926423,57.20215166,60.36155,0.6377351925,33.6951762,117.6,162.94535404897238,13.7688031,0.4054455,0.0160493613,5.351,55.332284900000005,11.67474461,92.5936509,0.098542972,0.15230000000000002,10.01941433,34.449837390000006,12.31106684,,,,,,
tISic000704-1,1.1986613099999999,9.253581709999999,61.5533916,75.276875,1.69038408,41.45798818,123.7,271.82869372255016,7.24121818,0.7263512999999999,0.0099256753,8.508000000000001,42.4066796,11.96232941,116.42796659999999,0.10805900400000001,19.93,4.43648165,61.9567794,14.8013704,,,,,,
tISic000704-2,0.02778195954,12.946171099999999,44.52498526,77.05551000000001,3.98739432,39.19176394,94.64999999999999,161.53080956017328,12.740513100000001,0.6868610999999999,0.005981442900000001,0.9252999999999999,36.7305188,9.825814,90.8512623,0.123448212,9.58,8.92356017,35.95465029,15.260537,,,,,,
tISic000704-3,2.906883402,8.41244049,31.160846199999998,81.28502000000002,0.00939664045103,29.01363402,88.25,98.98999794318667,10.8793082,0.6490962,0.0041756788,4.716,37.4091902,9.10805027,104.4652986,0.086164696,23.87,11.04986278,33.583272720000004,17.826468000000002,,,,,,
tISic000781-1,5.30835723,8.29315885,108.0442297,77.88180500000001,0.4841630997,54.965877400000004,106.7,51.42646525768132,9.23198762,0.38685059999999993,0.007968024499999999,4.65,45.6972076,9.2626271,202.065066,0.093041516,2.403,6.907089790000001,42.40458972,16.881125,,,,,,
tISic000781-2,3.361959579,4.31059168,34.114191559999995,82.39141500000001,0.6366379208,41.62696104,102.7,28.794824364463082,13.7379544,0.2766231,0.0035946519,7.851,35.167518,8.694647119999999,143.291958,0.055088904,10.51,8.64095814,20.63150376,17.0701936,,,,,,
tISic000964-1,65.5371963,10.385729,81.05318729999999,56.272090000000006,0.11858131200300001,18.338525100000002,108.5,155.23369792076147,5.98361951,0.4896017999999999,0.0112396158,3.246,98.3148069,9.72755586,172.548483,0.06895406000000001,13.67,8.418825539999998,76.278447,11.171253279999998,,,,,,
tISic000964-2,63.824823,7.8530507300000005,40.93029486,66.81785500000001,0.3379537392,49.46928966,95.27,72.01930649376712,7.50960187,0.4056371999999999,0.0065672916000000005,0.1341,94.6849432,10.27276871,161.756076,0.057542256,9.795,12.649217499999999,40.1629374,18.866345300000003,,,,,,
tISic000964-3,14.51366097,14.848507600000001,71.4364802,71.747615,1.5168037577000002,40.4540906,88.84,50.38296544466948,9.92916824,0.3927933,0.007300205200000001,2.347,67.70261359999999,11.088790580000001,155.124597,0.065311204,24.66,9.80592022,29.323095509999998,21.324237099999998,,,,,,
tISic001279-1,0.8447708279999999,10.8793082,15.2098315,64.00285000000001,1.4665562933000003,14.40245142,104.2,55.08599003467461,8.15742457,0.3605877,0.010699574199999999,3.8369999999999997,47.620109899999996,9.557401519999999,146.152596,0.10229734400000001,48.21,12.30244383,37.94723013,21.5538204,,,,,,
tISic001279-2,9.916198110000002,11.4037361,0.1838260728,73.41421000000001,1.2832747199999999,43.8832457,109.9,66.936305846243,15.074731400000001,0.38148299999999996,0.011070852800000001,0.3324,54.25258040000001,8.287235319999999,145.762509,0.076351288,34.980000000000004,10.24031286,45.37270344,15.409090899999999,,,,,,
tISic001279-3,0.9412864139999999,14.2315336,106.08572210000001,77.64372,0.9609134808,27.49287828,102.30000000000001,40.612680242280575,5.98567609,0.4460859,0.0060127845999999995,2.803,36.504295,8.87558589,170.46801900000003,0.045870248,3.049,8.023923139999999,29.44244274,14.814875299999999,,,,,,
tISic001279-4,7.02073053,5.254561900000001,38.0744655,75.61299500000001,1.9055509200000003,33.66535746,119.4,86.72359758054819,12.905039499999999,0.4242321,0.013959111,5.42,55.6407719,8.58440628,168.257526,0.058768932,21.46,9.09386183,46.71146802,16.5975221,,,,,,
tISic001279-5,19.11112383,7.92297445,34.97672668,69.814925,1.2620095817,35.5836964,93.86999999999999,71.28433389326243,11.825335,0.38455019999999995,0.0078667667,0.0038209999999999997,37.882203600000004,10.37102685,135.880305,0.020184396,13.38,5.29539437,30.98876772,15.719703599999999,,,,,,
tISic001279-6,0.13398023820000002,10.3137487,42.9756782,59.14311500000001,1.3649864648,21.181244980000002,102.89999999999999,37.4200191304183,12.8330592,0.37458179999999996,0.0034379434000000003,0.3359,40.1444416,7.5790577500000005,121.837173,0.06705828800000001,4.018000000000001,9.4282948,21.70562883,21.5268106,,,,,,
tISic001279-7,1.123420665,6.18927751,10.92107506,77.90981500000001,1.80184662,27.16487214,93.82000000000001,63.10727664455972,10.4782751,0.3151548,0.015463512600000002,13.87,25.758664500000002,14.6907902,148.883205,0.050591092000000004,0.08082,9.52331819,21.11408169,26.2670305,,,,,,
tISic001279-8,16.16376615,11.3934532,31.24288218,73.456225,0.24056271680000002,38.8637578,84.87,50.221980389393806,10.8278937,0.5400189,0.009356702900000001,3.82,39.4452044,10.05228703,165.13683,0.063043712,0.1803,9.53812703,26.99323002,18.4747032,,,,,,
tISic001279-9,0.4791531834,6.11318405,68.50217740000001,71.98570000000001,1.0415388648000001,22.84115484,90.36,68.34107460358436,11.0746833,0.4945859999999999,0.014475043600000001,0.045849999999999995,41.1727316,12.9892468,170.598048,0.076091084,0.02938,13.8339247,25.68041049,25.2001434,,,,,,
tISic001279-10,34.34605719,6.170768290000001,86.28223419999999,65.09524,1.7285765000000002,49.80723538,76.49,50.04656958935811,15.074731400000001,0.30556979999999995,0.006948213799999999,8.296,38.9619081,9.27341153,96.351489,0.05653861200000001,20.86,12.053161690000001,16.00809585,11.82759142,,,,,,
tISic001279-11,6.83392617,7.24224647,39.977019680000005,70.69724000000001,0.5261668377,33.28765342,97.32,48.68007232962816,14.519454799999998,0.2877417,0.005665615,2.0999999999999996,43.9696804,7.5023684699999995,118.5344364,0.07174196000000001,13.45,9.69115171,30.7708293,19.5956099,,,,,,
tISic001279-12,3.111330396,11.6813744,42.378744680000004,71.411495,0.7746444825000001,25.46520396,104.6,95.36359283316082,15.732837,0.506088,0.0048410872,3.232,47.7846363,11.321254960000001,122.4743151,0.08096061600000001,10.08,6.84415222,33.77007708,18.8393355,,,,,,
tISic001279-13,11.5714923,9.48494696,0.177036725327,77.72775000000001,1.6605460199999997,16.42018616,98.85000000000001,76.26829582987975,9.07363096,0.4786749,0.0061791367,13.33,53.2242904,14.019759,121.8111672,0.070106392,22.39,2.69274074,29.56178997,16.908134800000003,,,,,,
tISic001279-14,29.74340532,14.2418165,18.20899096,60.71167500000001,2.00642232,43.167595940000005,122.0,153.5273420659101,4.94093345,0.734211,0.0179105761,5.068,54.746159600000006,13.3726932,233.532084,0.074938752,43.46,9.429528869999999,97.9166187,24.052226899999997,,,,,,
tISic001279-15,9.07038948,8.61912678,38.119095259999995,59.395205000000004,1.2526021557,34.96744244,142.4,93.73888294965852,10.570821200000001,0.5170149,0.0182673893,5.723,55.846429900000004,10.02233028,244.45452,0.06709546000000001,16.18,6.94534596,66.4712181,17.0701936,,,,,,
tISic001279-16,10.476611190000002,12.1749536,8.18775986,64.17091,0.6578116853,38.74448284,135.3,90.87287298744837,11.5785454,0.6051968999999999,0.0169944341,0.09508,59.394030400000005,11.60045187,239.383389,0.074306828,26.13,8.25963051,48.90641925,18.7448012,,,,,,
tISic001279-17,36.67073367,9.246383680000001,147.76198549999998,67.36405,1.0561341273,38.87369738,133.6,113.75516777247107,6.23452227,0.4966947,0.0213702176,2.4490000000000003,54.05720530000001,8.9031461,220.39915499999998,0.07452986,0.1862,11.84460386,52.720341600000005,22.634212400000003,,,,,,
tISic001308-1,32.99691459,5.84171549,13.205991000000001,78.806135,1.9374390000000001,33.17831804,111.7,102.92400615884945,6.934787760000001,0.39145139999999995,0.008488778899999999,8.168999999999999,85.8827808,8.16621005,146.282625,0.068247792,28.15,10.83760274,48.94793133,22.7017369,,,,,,
tISic001308-2,72.5423598,5.6350292,25.481059400000003,80.1086,1.75186032,48.33617754,99.96,38.75102729572282,12.750796000000001,0.39125969999999993,0.0026351137,0.006961,78.7772969,13.792087700000002,137.57068199999998,0.065162516,1.368,4.87210836,35.389048200000005,14.7878655,,,,,,
tISic001308-3,5.73385605,13.3883358,9.80310976,81.99927500000001,0.8511101927999999,38.44629544,92.6,39.32801507330743,7.8047211,0.47464919999999994,0.0052726383,0.03372,85.4714648,11.90601072,130.93920300000002,0.11891322800000002,14.7,5.23122273,23.97841521,13.10110349,,,,,,
tISic001344-1,58.3763625,6.26022952,105.3175954,72.01371,0.072680330912,52.312009540000005,128.2,111.42418374932853,10.755913399999999,0.6467957999999999,0.0090119442,11.85,80.7413308,12.6896793,154.214394,0.041372436,36.85,7.14156309,34.78712304,14.9634292,,,,,,
tISic001344-2,12.054070229999999,9.68546351,54.363796,72.531895,0.9247162197,33.60571998,104.8,43.61231659028268,14.7456786,0.46870649999999997,0.0074183393,7.642,80.515107,7.75999652,127.9745418,0.07594239600000001,47.03,8.99883844,32.54547072,16.2869094,,,,,,
tISic001344-3,70.3629756,8.84740716,36.12638076,62.26623000000001,0.06417622784299999,23.0598256,120.8,358.5262484651274,11.784203399999999,0.6397029,0.0185663409,4.346,156.50573799999998,11.91799342,160.45578600000002,0.11077256,7.356000000000001,4.3994595499999996,42.67441824,15.8142379,,,,,,
tISic001355-1,24.979894140000003,10.7250647,122.66913159999999,82.54547000000001,1.2388239192000001,39.58934714,103.0,65.20420335041538,8.204725909999999,0.649863,0.0072302891,2.668,96.5461481,10.72571477,327.543051,0.049550276,11.37,7.79068391,33.13701786,20.1898255,,,,,,
tISic001355-2,205.8999168,9.013990139999999,3.7023041224999997,75.528965,0.31409165969999997,31.94581012,113.2,55.54035338330988,9.81502805,0.4108131,0.006523895399999999,3.496,175.014958,9.332126760000001,235.87260600000002,0.06839648000000001,32.82,7.557444680000001,48.94793133,19.2579874,,,,,,
tISic001359-1,92.3124879,8.21192394,41.8784909,69.91296,0.5595311924999999,16.75813188,101.7,48.955198950232386,8.44637406,0.4039119,0.013754184499999999,4.571999999999999,173.16403599999998,6.21782303,173.978802,0.056427096,0.9432,6.92806898,47.323771199999996,16.5029878,,,,,,
tISic001359-2,104.29910100000001,9.09522505,136.6813831,68.65251,0.7441811888,31.369314480000003,89.28,55.57069283125148,6.85252456,0.4050620999999999,0.0215799659,1.5999999999999999,267.663887,9.20391187,193.74321,0.0353208344,42.45,4.90666232,54.3808248,13.24425543,,,,,,
tISic001359-3,15.53070693,10.6428015,10.2427252,77.30760000000001,0.5959307088,29.54043176,76.61999999999999,34.004547042582715,6.24480517,0.3653802,0.014718544500000002,0.008698,98.45876750000001,7.8247031,163.966569,0.062040068000000004,30.29,7.16130821,19.20971502,18.6097522,,,,,,
tISic001362-1,0.1119788358,8.37439376,26.883870599999998,72.5459,0.6728841077,49.45935008,127.69999999999999,152.2874620607184,12.4217432,0.5242994999999999,0.0095929711,3.351,36.802499100000006,13.8160531,262.78860899999995,0.088246328,30.599999999999998,10.01200991,47.38603932,21.445781200000003,,,,,,
tISic001362-2,5.189010000000001,6.20675844,3.0137532425,58.358835000000006,1.7103013200000001,30.08710866,111.2,65.63963489825912,5.89827144,0.2977101,0.0062948599,8.008000000000001,41.7382911,10.02472682,203.885472,0.06475362400000001,17.75,6.50601704,79.18429259999999,18.771811,,,,,,
tISic001628-1,11.39506596,7.454074210000001,4.426121763199999,69.24072000000001,0.4596304713,41.72635684,115.3,101.80446617983091,6.5090756999999995,0.37649879999999997,0.0109575405,12.02,36.0826961,10.175708839999999,320.26142699999997,0.06497665600000001,40.970000000000006,14.376915499999999,31.92278952,24.0792367,,,,,,
tISic001649-1,46.69590099,14.4269087,65.9773548,71.84565,0.9519770568,31.6078644,97.13,40.57190290793667,12.8022105,0.47158199999999995,0.0072471654,1.221,44.1856213,8.80009488,210.777009,0.069251436,2.7439999999999998,6.39865295,38.44018608,15.5981595,,,,,,
tISic001649-2,0.06745713,12.874190800000001,0.5462360073,64.52103500000001,0.6509078036999999,37.60143114,99.53999999999999,81.63075818209091,12.0412759,0.38397509999999996,0.0062755727,0.204,33.3885763,10.127778039999999,571.737513,0.080737584,11.09,8.75325851,48.79745004,23.9576926,,,,,,
tISic001649-3,2.569597752,16.3600939,41.6220921,60.655655,0.2595665352,56.67548516,121.0,94.91424447051318,9.5836628,0.3467853,0.0062972708,1.094,29.3165479,11.116350789999998,673.290162,0.08099778800000001,23.94,12.3900628,88.6282908,20.3248745,,,,,,
tISic003206-1,9.14822463,13.3369213,32.8414475,31.343190000000003,0.9049737333,42.5911003,111.3,64.01647599851358,9.07465925,0.2762397,0.0049929739,6.156,44.5558057,14.726738300000001,43.5987237,0.09330171999999999,12.21,14.2411678,24.61666344,25.821368800000002,,,,,,
tISic003206-2,6.8598712200000005,8.01243568,54.4290687,26.581490000000002,1.97610798,28.75520494,101.39999999999999,98.59062175364045,11.5271309,0.1010259,0.0067915053,4.182,52.8129744,10.20087251,90.0710883,0.087577232,22.240000000000002,14.5867074,37.68777963,8.1569596,,,,,,
tISic003206-3,4.196871288,11.4551506,4.3359756457000005,30.712965,1.07170448,35.752669260000005,123.6,94.12999784212136,11.0232688,0.2524689,0.011880915200000002,10.12,32.0929309,14.055707100000001,49.9441389,0.096052448,1.4020000000000001,12.6368768,22.01696943,11.8978169,,,,,,
tISic003223-1,0.963080256,12.2674997,2.0758029000000002,79.15626000000002,0.5199376217,29.87837748,98.28,44.731157346102904,12.2263681,0.4108131,0.0081150894,6.527,50.2936639,10.85752447,153.824307,0.104973728,16.84,13.4020002,20.40318732,18.7312963,,,,,,
tISic003223-2,2.623044555,12.5965525,45.774677000000004,80.17862500000001,0.8661884692999999,20.843299260000002,85.06,60.11225113463567,7.19905829,0.37745729999999994,0.006104398800000001,9.965,47.9491627,9.248247860000001,162.276192,0.05806266400000001,11.82,9.311058150000001,23.51140431,15.908772200000001,,,,,,
tISic003263-1,4.866253578,11.3523216,79.093028,72.615925,0.8892270408,24.18299814,97.42,41.00756379142825,12.7302302,0.3040362,0.005957333899999999,0.9807,29.7895613,10.34586318,153.824307,0.07125872400000001,1.2,11.37195505,44.30895639,21.0406342,,,,,,
tISic003263-2,18.08369985,11.8664666,123.0968758,79.31031500000002,0.8363615925,23.27849636,95.75,47.11228972461548,12.7096644,0.33547499999999997,0.007013308100000001,9.665,83.6308257,11.85568338,189.84233999999998,0.05278424000000001,2.683,7.94247452,26.18374446,20.4329137,,,,,,
tISic003263-3,9.68788167,8.60473072,32.986962059999996,76.63536,1.0945219488,32.055145499999995,107.6,59.286575100205596,13.1723949,0.32723189999999996,0.007447270099999999,2.6350000000000002,31.506805600000003,9.671237170000001,167.607381,0.076314116,18.17,9.75532335,41.62623822,17.1782328,,,,,,
0-1,,,,,,,,,,,,,,,,,,,,,0.9754783093136776,0.0001416110289814438,0.007602792708148556,7.030245494250457e-05,0.0019058749984445747,0.01480110949580546
0-2,,,,,,,,,,,,,,,,,,,,,0.9761140960523031,0.00015594324339637998,0.007478466907892849,7.243119351282765e-05,0.0018108229756576427,0.014368239627237147
0-3,,,,,,,,,,,,,,,,,,,,,0.9742691011281528,0.00015961927610558594,0.008103390026613871,7.767172072327964e-05,0.001973058852875266,0.01541715899552905
10-1,,,,,,,,,,,,,,,,,,,,,0.9484936542214901,0.00021605801653478977,0.01131277165347375,0.00010808277679402658,0.023404408172205012,0.0164650251595023
10-2,,,,,,,,,,,,,,,,,,,,,0.9510596299486682,0.000228263455828283,0.010585316372447655,9.752515608277944e-05,0.022125517608886824,0.015903747458086093
10-3,,,,,,,,,,,,,,,,,,,,,0.951256557620431,0.0002083007903975979,0.010597509622344526,8.501889497163252e-05,0.022125176731382663,0.015727436340472623
20-1,,,,,,,,,,,,,,,,,,,,,0.9281738518945315,0.0002437196431489985,0.011536543891327205,0.00010311339968979927,0.044156450095491975,0.01578632107581042
20-2,,,,,,,,,,,,,,,,,,,,,0.9315156570037588,0.00024775087245038324,0.010909209301934076,0.0001132910912443672,0.04218829674019666,0.015025794990415864
20-3,,,,,,,,,,,,,,,,,,,,,0.9334820401620941,0.00022849584703106348,0.010564060967966698,9.400597433591499e-05,0.04094152648509409,0.014689870563478032
30-1,,,,,,,,,,,,,,,,,,,,,0.8955257767239051,0.0002854325850650653,0.013340865773226318,0.00012171701710599384,0.07410844469149497,0.016617763209202333
30-2,,,,,,,,,,,,,,,,,,,,,0.912816936452933,0.0002426469438381454,0.010963161611069451,9.8377787425718e-05,0.06151258879637306,0.014366288408360432
30-3,,,,,,,,,,,,,,,,,,,,,0.9159392112135263,0.0002475948329837962,0.010381511615145427,9.658320721190347e-05,0.05968255244511689,0.01365254668601565
40-1,,,,,,,,,,,,,,,,,,,,,0.8633407089621205,0.00030886811419723485,0.011575989465131666,0.00010261377578996187,0.11047939370278222,0.014192425979978333
40-2,,,,,,,,,,,,,,,,,,,,,0.8569068746924329,0.0003098370490369401,0.0123417023597689,0.00011573824466415177,0.11570514103305421,0.014620706621042904
40-3,,,,,,,,,,,,,,,,,,,,,0.8467321433284499,0.000369681010376255,0.013519747441149005,0.00014591218430993444,0.12390203148233424,0.015330484553380415
50-1,,,,,,,,,,,,,,,,,,,,,0.8192016436307763,0.0002918875069986855,0.010833790167776493,0.00010448779002009393,0.15662229559227883,0.012945895312149732
50-2,,,,,,,,,,,,,,,,,,,,,0.7890043298908743,0.00034475283456097136,0.013321466130948008,0.00011608267655566425,0.18223349093956673,0.014979877527494391
50-3,,,,,,,,,,,,,,,,,,,,,0.8043203643537189,0.00033260645775062445,0.012364854708156493,0.00012639464841420213,0.16872825728372903,0.0141275225482309
60-1,,,,,,,,,,,,,,,,,,,,,0.6241563935866877,0.00034613926420776366,0.008681640961214638,0.00011640440991136923,0.3562570368120399,0.010442384965938743
60-2,,,,,,,,,,,,,,,,,,,,,0.6314052480941672,0.00026871795040577326,0.008495261364384527,9.587762093913404e-05,0.3497550208835909,0.009979874086512328
60-3,,,,,,,,,,,,,,,,,,,,,0.5910754597025402,0.0003771274528897559,0.009684465054267503,0.00013786724350989447,0.3876969944073044,0.011028086139488351
70-1,,,,,,,,,,,,,,,,,,,,,0.6001761307470596,0.0002797794886535264,0.007215914038596281,0.0001345205212702684,0.3835760784281154,0.008617576776304939
70-2,,,,,,,,,,,,,,,,,,,,,0.5476611742292402,0.00039534271294635644,0.008958246269629148,0.00017215051532268793,0.43326457568926635,0.009548510583595312
70-3,,,,,,,,,,,,,,,,,,,,,0.5516507344718216,0.0003210209563318701,0.008064080894942975,8.286310308510692e-05,0.43064172095985004,0.00923957961396858
80-1,,,,,,,,,,,,,,,,,,,,,0.3730057741279243,0.00042569116214593173,0.0082604218002768,0.0001358915159403614,0.6079736028449584,0.010198618548754399
80-2,,,,,,,,,,,,,,,,,,,,,0.49336314941277165,0.0003083403342670607,0.0066260546831887115,0.0001055644809248707,0.49124558141536034,0.008351309673487241
80-3,,,,,,,,,,,,,,,,,,,,,0.44048397740328427,0.000293395962504182,0.007680871387672799,0.00012121064719816587,0.5424795467220944,0.008940997877246283
90-1,,,,,,,,,,,,,,,,,,,,,0.1991360120897981,0.0004943388762885185,0.004857786237800548,0.00014286132470143654,0.7885920923936172,0.006776909077794114
90-2,,,,,,,,,,,,,,,,,,,,,0.3641084567971604,0.00036711345145891926,0.003938297824985786,0.00010644251533936959,0.6262983930742221,0.005181296336833412
90-3,,,,,,,,,,,,,,,,,,,,,0.25456892424136385,0.00032211859958875417,0.00460753408059456,7.040751495667064e-06,0.734400184210356,0.006094198116601221
100-1,,,,,,,,,,,,,,,,,,,,,0.10347688246760214,0.00034580047358535686,0.0005691654384362011,0.00011060311131987436,0.8946345820316061,0.0008629664774504303
100-2,,,,,,,,,,,,,,,,,,,,,0.06896839888843465,0.0003796865740200258,0.0005517228675393615,8.96786754037507e-05,0.9291030631201234,0.0009074498744788959
100-3,,,,,,,,,,,,,,,,,,,,,0.11931836123738587,0.0003624079882471902,0.000380734965168593,7.999502685397385e-05,0.8789195747557287,0.0009389260266157803
ISic000672,,,,,,,,,,,,,,,,,,,,,0.1477245748427895,0.0012450745746849078,0.010247360919221304,0.0006219135376913204,0.8376891619276614,0.002471914197951736
ISic000672,,,,,,,,,,,,,,,,,,,,,0.0023449041445978967,0.0013727408249251927,0.006696245011122838,0.0004579201978799675,0.9886416270935142,0.0004865627279597925
ISic000672,,,,,,,,,,,,,,,,,,,,,0.14922039374521465,0.0009628737911537857,0.007369030881600912,0.0004855875855996051,0.8404594928592943,0.0015026211371368585
ISic000674,,,,,,,,,,,,,,,,,,,,,0.05547475474236461,0.0015509288762451192,0.007670895846410253,4.167630479567878e-05,0.9351582084211887,0.0001035358089956733
ISic000674,,,,,,,,,,,,,,,,,,,,,0.2476392402449035,0.0012596559735238394,0.005965076416860467,0.001019664604944766,0.7439559342409864,0.0001604285187810823
ISic000674,,,,,,,,,,,,,,,,,,,,,0.3739479239348317,0.0010166399973680043,0.005447549515652866,5.995038580922789e-07,0.619552594351907,3.469269638227068e-05
ISic000676,,,,,,,,,,,,,,,,,,,,,0.19674774569953704,0.0016581083808642648,0.008349025279412708,0.00029788212029254645,0.7902375757684973,0.0027096627513961244
ISic000676,,,,,,,,,,,,,,,,,,,,,0.25358146292134626,0.001669893618029234,0.014158616662659324,0.000570787757200733,0.7264727521633364,0.003546486877428053
ISic000676,,,,,,,,,,,,,,,,,,,,,0.0019314718427963526,0.0006969086799526574,0.00318986774305446,0.00029571702689573306,0.9915132296394569,0.002372805067843924
ISic000677,,,,,,,,,,,,,,,,,,,,,0.2159011647263543,0.0007485788556954273,0.001325802404109436,0.00041303639212836025,0.7811813360125119,0.0004300816092006207
ISic000677,,,,,,,,,,,,,,,,,,,,,0.013335914712673017,0.0011680782461313897,0.0038181983098019194,0.00019784488243906615,0.9794282451415145,0.002051718707440116
ISic000677,,,,,,,,,,,,,,,,,,,,,0.03840176628224237,0.0013906442053595446,0.005663435963931074,0.00035099467708331463,0.9520037281584117,0.0021894307129720183
ISic000678,,,,,,,,,,,,,,,,,,,,,0.3129616312063966,0.0005369400057239105,0.002204142627542685,0.0007180830099488302,0.6831175906250359,0.0004616125253522191
ISic000679,,,,,,,,,,,,,,,,,,,,,0.23536922891560483,0.0010855382152742514,0.004044398820151059,0.00031025355367418156,0.757797881340982,0.0013926991543136708
ISic000679,,,,,,,,,,,,,,,,,,,,,0.0011324943704498602,0.0011794604589916325,0.004958360850028973,0.00027645939044823825,0.9910431114587427,0.0014101134713385755
ISic000679,,,,,,,,,,,,,,,,,,,,,0.19684982689445799,0.001573505665510556,0.0027967648467646564,0.0001899168638240691,0.7977686765733776,0.0008213091560651888
ISic000680,,,,,,,,,,,,,,,,,,,,,0.10064931564327176,0.0010288277658256173,0.00408846237948224,0.00026428738573189894,0.8928736173083686,0.0010954895173199298
ISic000680,,,,,,,,,,,,,,,,,,,,,0.013159345587699158,0.0013740840891983213,0.006985163950809574,0.00010695657171335679,0.9767478962302795,0.0016265535703001877
ISic000680,,,,,,,,,,,,,,,,,,,,,0.23836674527037194,0.0013499430885167993,0.004988356661538167,0.0004009134430963024,0.754384560448387,0.0005094810880897057
ISic000681,,,,,,,,,,,,,,,,,,,,,0.13741129203796207,0.0008933815262239824,0.004244624047363919,0.0006636698107106909,0.8565582917591597,0.00022874081857964185
ISic000681,,,,,,,,,,,,,,,,,,,,,0.1883559450065588,0.0010028949372355902,0.007974303717642345,0.0004877830534491276,0.8007441799395016,0.0014348933456126139
ISic000681,,,,,,,,,,,,,,,,,,,,,0.20292241766155417,0.0004738498879781105,0.0010432579931775013,0.00025432553961230955,0.7947062163914177,0.000599932526260202
ISic000682,,,,,,,,,,,,,,,,,,,,,0.13227185841075514,0.0005457903802204141,0.0017696394489047737,0.00039535342071079306,0.8646282434761607,0.00038911486324818564
ISic000682,,,,,,,,,,,,,,,,,,,,,0.007991870619170281,0.0012954709512259727,0.003463828612285685,0.0005265463009255205,0.9861369048439145,0.0005853786724779427
ISic000682,,,,,,,,,,,,,,,,,,,,,0.05486938250149483,0.0004673796093245835,0.0008901900567169597,8.950634055156791e-05,0.9429330442017966,0.0007504972901155488
ISic000685,,,,,,,,,,,,,,,,,,,,,0.916413312351092,0.0012997555422771677,0.017705650049756525,0.0005567305726608227,0.05175565679787139,0.012268894686342152
ISic000685,,,,,,,,,,,,,,,,,,,,,0.9079178753327487,0.0012759080861714934,0.01883652069052072,0.0005777876886745719,0.054752400026996,0.016639508174888414
ISic000685,,,,,,,,,,,,,,,,,,,,,0.9303194247134915,0.0016726760844843298,0.01991380949414816,0.000557960213932598,0.03674511255345475,0.01079101694048848
ISic000686,,,,,,,,,,,,,,,,,,,,,0.9449026182422336,0.0012937185120898062,0.018755490103414228,0.00031286413007284853,0.019676094432844467,0.01505921457934504
ISic000686,,,,,,,,,,,,,,,,,,,,,0.8556180227474418,0.0021016596499195046,0.026744715946984122,0.0006506134829422434,0.09565295561242075,0.01923203256029152
ISic000686,,,,,,,,,,,,,,,,,,,,,0.9420046476837042,0.0013577807274349734,0.021653833393969344,0.00030058284988062294,0.019980518250784295,0.014702637094226652
ISic000689,,,,,,,,,,,,,,,,,,,,,0.0019789923443510734,0.0004299980213268591,0.0012085261392043945,0.00027402392012456294,0.9956628539833038,0.0004456055916892246
ISic000689,,,,,,,,,,,,,,,,,,,,,0.22045887385042215,0.0006429025807515669,0.0011843412163468306,0.00038227405318946595,0.7772016015130293,0.00013000678626069696
ISic000689,,,,,,,,,,,,,,,,,,,,,0.11542233538022184,0.0004905437765814849,0.0013304867280570442,0.0002852164500273536,0.8815636319747027,0.0009077856904096416
ISic000690,,,,,,,,,,,,,,,,,,,,,0.9286283358679842,0.0015528844504781375,0.026640674098953248,0.0005551501158852309,0.029108514409003423,0.013514441057695737
ISic000690,,,,,,,,,,,,,,,,,,,,,0.8978788299398267,0.0017445261280351857,0.029842327808331907,0.0005131094730541467,0.054982137674073846,0.015039068976678106
ISic000690,,,,,,,,,,,,,,,,,,,,,0.9145089044302942,0.0018262999834169561,0.033395545200399994,0.0006070984139412866,0.03696840599643867,0.012693745975508888
ISic000691,,,,,,,,,,,,,,,,,,,,,3.669896584216958e-05,0.0005702047606645334,0.0018957187403371202,0.00018616637661858152,0.996437744165043,0.0008734669914944987
ISic000691,,,,,,,,,,,,,,,,,,,,,0.002065830911335837,0.00048205001987101253,0.001138005327566105,0.0002430265947737921,0.9953077211424242,0.0007633660040290782
ISic000691,,,,,,,,,,,,,,,,,,,,,0.19717595124383117,0.0007530882874261797,0.003339686884155021,0.00014643430359403395,0.7980155286298208,0.000569310651172846
ISic000693,,,,,,,,,,,,,,,,,,,,,0.0784543278704769,0.000697248670667433,0.0049881994349679415,0.0004585593219699951,0.9139328200191572,0.001468844682760461
ISic000693,,,,,,,,,,,,,,,,,,,,,0.0011113289359509203,0.001099277984800983,0.012880241654537505,0.001005289519334913,0.9817211526262017,0.002182709279174076
ISic000693,,,,,,,,,,,,,,,,,,,,,0.23919757772891795,0.0026783888249021248,0.03366332043171343,0.00179484252972757,0.7158099442045858,0.006855926280153263
ISic000694,,,,,,,,,,,,,,,,,,,,,0.398245345480917,0.001558369816706568,0.012858817297807166,0.0002690400752419006,0.5834797381730936,0.0035886891562336644
ISic000694,,,,,,,,,,,,,,,,,,,,,0.24363184157159684,0.0018832045824779394,0.010968065777252163,0.00045949792215517753,0.7397236469478558,0.0033337431986621424
ISic000694,,,,,,,,,,,,,,,,,,,,,0.020242713990497478,0.001014456608939593,0.009931830748592158,0.0006349812645567445,0.9638687416748695,0.004307275712544674
ISic003014,,,,,,,,,,,,,,,,,,,,,0.12123712857222313,0.0007883663574111493,0.0017157825492433454,0.0005136402432906166,0.8749534602462367,0.0007916220315949861
ISic003014,,,,,,,,,,,,,,,,,,,,,0.09605913996278773,0.0007971857488434551,0.001559730923248744,5.392074303188482e-05,0.9001774562352562,0.0013525663868319607
ISic003014,,,,,,,,,,,,,,,,,,,,,0.09893692319300751,0.00045489200542905535,0.0019062205468515828,0.00013598627967025063,0.897742380725534,0.0008235972495075613
ISic003348,,,,,,,,,,,,,,,,,,,,,0.9505856226328915,0.0012783198859075038,0.020768026436674428,0.0004212327263100694,0.012048716420069848,0.01489808189814686
ISic003348,,,,,,,,,,,,,,,,,,,,,0.9747787814526323,0.0007400941603993434,0.011401374527049809,0.00020764880835922163,0.003634554786594381,0.00923754626496476
ISic003348,,,,,,,,,,,,,,,,,,,,,0.9508215756192666,0.0014064580097772363,0.020442748093030635,0.0004748165319056566,0.012558616931020249,0.014295784814999657
ISic000584,10.134136530000001,5.49723834,13.998159359999999,56.258085,0.07867071170699999,333.37351320000005,49.24,56.08739215963972,6.810364669999999,0.9126836999999999,0.029605852000000002,2.92,29.450225600000003,6.20823687,421.033902,0.0066389192,25.380000000000003,12.8713501,28.24378143,9.06989084,,,,,,
ISic000584,16.833148440000002,5.63605749,36.1390951,53.02293,0.45807894930000004,341.5239688,42.120000000000005,65.80118693360708,6.460746070000001,0.8624583,0.026809208,0.0001553,26.6532768,10.03431298,398.40885599999996,0.015983960000000002,17.39,11.955670159999999,23.14817361,14.7878655,,,,,,
ISic000612,28.07773311,5.9280918499999995,54.78164496,40.44644,1.3530821576999998,357.0297136,58.14,1373.3965131166656,5.96819516,1.1028501,0.06907228500000001,1.668,38.7870988,17.3629323,654.8260439999999,0.125009436,17.41,9.550467730000001,32.86200033,19.2174727,,,,,,
ISic000612,0.3776042577,8.08544427,25.387228699999998,42.869305000000004,1.1789659112,336.3553872,61.35,1194.2220981878531,7.4715551399999995,0.8555571,0.07866766700000001,0.6541,25.604421,16.4522471,626.0896349999999,0.070143564,27.41,8.85075004,19.98287751,21.4862959,,,,,,
ISic000768,0.43821189450000003,8.45665696,18.332716759999997,60.991775000000004,0.49488768,355.339985,40.93,5.816744974221156,8.31989439,0.6027047999999999,0.00172017715,12.39,14.4680403,7.92895259,111.5518791,0.009159180800000001,5.621,5.64957246,8.13117867,12.40425065,,,,,,
ISic000768,0.82505259,11.2392097,26.7334254,70.09502499999999,0.23903108879999999,358.12306739999997,52.53,6.446406118515552,10.755913399999999,0.7807941,0.0051858458999999996,1.8739999999999999,15.455198699999999,7.67491935,132.369522,0.023682281200000002,4.999,9.40731561,3.725190279,13.05653732,,,,,,
ISic000768,4.418442015,7.254585949999999,60.88124526,67.65815500000001,0.26478102,319.1599138,56.02,4.8777867235544985,7.277208330000001,0.7142742,0.00150536596,8.466,16.4115084,9.31415271,132.889638,0.00014222007200000001,14.18,8.77670584,2.916742521,13.7614931,,,,,,
ISic000769,8.364684120000001,11.2700584,7.47590846,78.946185,0.5528219928,387.7430158,43.48,5.822102991725322,9.20525208,0.9316619999999999,0.0019323363500000001,0.40690000000000004,17.7380025,11.26253973,226.25046,0.0262099772,23.32,11.43242448,6.81317013,7.94763365,,,,,,
ISic000769,14.280155520000001,8.2880174,12.8440142,80.234645,0.6545163128,371.54150039999996,56.28,6.0772328844895345,6.33940785,0.847314,0.00184457959,8.577,17.2032917,8.625147459999999,254.076666,0.0073266012,29.6,6.459122379999999,3.0033989880000003,12.570360919999999,,,,,,
ISic000769,0.009397297110000001,7.95279486,55.48732236,72.78398500000002,0.6014050133,383.66778800000003,50.65,6.80446597071969,10.611952800000001,0.7767683999999999,0.0037802912,9.103000000000002,11.7327889,8.409458859999999,253.946637,0.00023213914000000003,27.54,9.89970954,4.796720844,15.8682575,,,,,,
ISic000800,14.69008731,8.36205428,0.083315510207,50.726110000000006,3.72897798,353.0538816,86.77,1593.7023155235765,4.78257679,1.2774888,0.099353189,7.904999999999999,26.067151499999998,19.6755934,773.0224049999999,0.134971532,3.6780000000000004,9.89477326,20.43951039,33.7757549,,,,,,
ISic000800,2.2686351719999998,8.10498178,131.4810607,44.59192000000001,3.93585612,379.59256020000004,80.22999999999999,2533.696891770934,8.43506287,1.5721317,0.111431798,20.43,37.491453400000005,22.1799777,741.685416,0.164151552,57.65,7.47105978,26.29271367,36.287666300000005,,,,,,
ISic000800,4.879745004,7.73685396,1.6389907625000002,54.941615,5.21273228,339.3372612,87.89999999999999,1999.3068328669822,5.27101454,1.1825972999999999,0.134021931,55.07,25.9848883,18.728960100000002,805.919742,0.11471279200000002,18.88,8.9716889,24.077006400000002,42.000239,,,,,,
ISic000801,7.37358321,10.00834657,21.7010435,75.304885,0.7301509173,327.11157779999996,50.83,8.152038272706125,10.4679922,0.8551736999999999,0.0025218014,2.244,19.136476899999998,7.40411033,141.081465,0.011601381200000002,20.21,10.689514339999999,6.15935487,12.45962074,,,,,,
ISic000801,3.44550264,10.18726903,52.98142668,72.195775,0.6482411208,355.7375682,44.75,7.113635618839268,7.870531659999999,0.7351694999999999,0.0037995784000000006,5.306,16.6994296,7.789953270000001,138.22082699999999,0.00042227392000000004,14.54,9.07164857,6.42918339,11.669584089999999,,,,,,
ISic000801,6.5796646800000005,9.236100780000001,3.6158904952000004,71.73361,0.24515844080000002,368.3608348,51.050000000000004,7.769540848953127,11.8767495,0.8469306,0.0031944425,1.602,15.455198699999999,7.28907641,132.369522,0.0085049536,21.94,9.833069759999999,7.1400777600000005,11.068616039999998,,,,,,
ISic000802,3.0687805139999997,5.59595418,22.0805428,82.01328000000001,0.3718802472,329.2982854,56.56,15.221180418910233,9.916828760000001,1.0010573999999999,0.008734690699999999,0.06720000000000001,14.5605864,8.61316476,143.68204500000002,0.029715296800000002,13.39,10.17860936,6.50701854,14.6258067,,,,,,
ISic000802,0.29058456000000005,8.700361690000001,24.293534700000002,73.036075,0.5704586825,361.9995036,54.95,15.283582038011152,8.78673805,0.8879543999999999,0.0055064956,1.975,14.827941800000001,8.97384403,143.421987,0.03884474,0.06720000000000001,9.675108799999999,6.35653725,17.218747500000003,,,,,,
ISic000802,2.83838847,8.454600379999999,61.43473218,76.425285,0.8295464408,373.82760379999996,60.16,17.834934125758068,5.23296781,0.9149841,0.008462259,9.843,13.2957897,8.94508555,140.69137800000001,0.0082075776,10.540000000000001,10.76602668,10.88654298,15.935782,,,,,,
ISic000803,35.03619552,6.665375780000001,2.5895355551999995,41.426790000000004,3.79103648,387.3454326,86.45,8138.90735924862,2.64373359,2.0416049999999997,0.040382575000000004,8.797,146.531325,36.0080135,281.12269799999996,0.39476664000000006,7.321,15.462897100000001,128.84311830000001,37.503107299999996,,,,,,
ISic000803,6.06076368,6.24789004,58.907962260000005,28.542190000000005,2.01990992,413.5859238,64.22,2383.9119975814533,7.111653639999999,1.4287401,0.032812349,8.013,40.6997182,20.382572699999997,192.702978,0.195784924,32.830000000000005,11.56446997,24.68930958,23.120388799999997,,,,,,
ISic000803,11.28609675,10.8484595,2.6830431337,49.857800000000005,3.2544049999999998,394.4025344,73.53,3455.6733073560827,4.41239239,2.0511899999999996,0.039707523,10.11,31.105772499999997,25.9665109,270.980436,0.212512324,45.36,14.3892562,35.91313821,27.887618500000002,,,,,,
ISic000803,21.14002674,7.703948679999999,174.18097900000004,25.447085,1.0978987593,363.6892322,67.09,1180.0658219694528,5.95585568,1.0298124,0.011548211,4.072,105.194067,11.34881517,125.4389763,0.114824308,16.08,10.383464980000001,24.53882829,16.070831000000002,,,,,,
ISic000804,0.3584568108,11.0952491,27.875164180000002,57.770625,0.3829981848,351.0659656,55.42,45.16731497854056,5.137336840000001,0.6209163,0.0106200145,0.8634999999999999,12.894756600000001,10.89586911,327.67308,0.014835345200000002,2.959,7.885707299999999,7.207534890000001,14.1531352,,,,,,
ISic000804,1.7684146079999998,10.7456305,8.21819916,75.528965,1.1072283957000002,368.9572096,51.230000000000004,7.122781935172826,6.3856809000000005,0.8616914999999999,0.0022831223000000004,8.045,15.7122712,10.74728363,176.709411,0.00288677752,9.051,8.8976447,4.4485382730000005,19.6226197,,,,,,
ISic000804,0.1805256579,12.935888199999999,1.8407889,74.73068,1.3829385528,368.4602306,52.26,11.261869889885475,9.238157359999999,0.7681418999999999,0.0041997878,1.232,15.7945344,6.387977370000001,175.019034,0.00033168575600000004,26.080000000000002,10.05273422,4.916068074,12.840458920000001,,,,,,
ISic000804,22.167450719999998,5.75225426,10.19386368,52.84086500000001,3.5854081200000003,338.5420948,60.65,889.0221583944231,6.58928232,0.6410448,0.0099473734,6.431,28.000336700000002,5.91585899,344.57685,0.0063973012,21.12,6.243160130000001,8.53592145,9.24275356,,,,,,
ISic000804,0.391770255,6.901882479999999,42.4557392,44.241795,0.9373053199999999,304.5487312,54.78,12.629293377665197,11.897315299999999,0.531009,0.007184482,5.851,112.49492599999999,7.52393733,57.056725199999995,0.00020504075200000003,4.167,4.78325532,7.0466755800000005,12.35158154,,,,,,
ISic000804,49.08284559,12.020710099999999,5.69077868,46.132470000000005,0.1792541877,338.74088639999997,56.78,154.5409200839547,6.55946191,0.8710848,0.0038502073000000006,2.674,233.833146,2.52235835,116.7010275,0.063341088,7.696000000000001,3.85893689,13.99994898,8.37168751,,,,,,
ISic000805,1.821861411,8.36616744,72.0381095,63.66673000000001,1.3951883253,346.1955714,53.43,13.445278187211635,8.26128186,0.6972128999999999,0.007671483799999999,0.10540000000000001,23.0234131,8.59998379,159.675612,0.0032157497200000005,11.2,9.950306410000001,3.2690763,10.91601067,,,,,,
ISic000805,3.55966086,9.7893208,13.74013446,63.47066,0.5434646448,347.38832099999996,69.5,35.92113232509625,8.79804924,0.6857108999999999,0.009990769600000001,7.573,69.10108799999999,9.06970563,152.914104,0.013333596400000002,16.38,6.9231327,9.85392999,9.42236873,,,,,,
ISic000805,3.248839161,13.2855068,75.3221728,75.45894,0.3377996825,366.86989780000005,63.16,18.53805957149072,7.54147886,0.8969642999999999,0.0072447545,3.168,25.2136708,7.76119479,180.870339,0.0046762376,20.47,7.03666714,9.79166187,7.54383714,,,,,,
ISic000805,2.788055073,7.106512189999999,6.6191276,31.749335000000006,0.01026666629807,332.37955519999997,80.29,526.9249286554149,7.20419974,2.08953,0.0131514595,7.9510000000000005,64.68972389999999,47.6671806,123.9306399,0.11545623200000002,21.56,9.304887800000001,23.594428469999997,30.386025,,,,,,
ISic001176,2.622006753,6.808308090000001,2.5768678953,48.31725,2.6848138800000005,375.219145,68.08,957.9140492192594,7.50137555,1.1304549,0.08269387,1.8619999999999999,25.1519734,18.8008563,711.3886590000001,0.106051716,40.970000000000006,10.675939569999999,32.11478289,26.6451677,,,,,,
ISic001176,16.71899022,6.66948894,49.420626799999994,48.219215000000005,2.072259,365.8759398,66.95,931.5738012536274,8.51526949,1.3637537999999998,0.086503092,7.035,18.4166739,21.209379,744.806112,0.10545696400000001,9.609,9.607234949999999,16.41283863,27.9281332,,,,,,
ISic001176,12.16822845,5.91163921,186.4117787,53.933255,1.5154884297,355.0417976,61.3,795.779066360974,7.55484663,1.1755044,0.09060162199999999,1.472,20.905135700000002,16.5001779,1019.037273,0.036001082000000004,33.949999999999996,8.20162922,15.416548709999999,21.1486734,,,,,,
ISic001177,1.073606169,11.8356179,46.677919200000005,60.935755,1.0202281817,372.73425000000003,52.48,134.68099905624968,10.755913399999999,1.3087358999999998,0.0093181285,3.3850000000000002,28.3088237,7.32622278,186.071499,0.0219723692,2.172,6.002516480000001,105.0255624,11.36032188,,,,,,
ISic001177,2.82282144,9.596002279999999,59.56512326,62.924465000000005,0.9076790912000001,361.9001078,69.85000000000001,258.53386047833436,9.38211796,1.5199893,0.0103307065,2.803,22.8794525,11.92877785,189.192195,0.051408876000000006,13.05,8.81619608,92.88327899999999,15.6926938,,,,,,
ISic001177,2.271748578,11.0335517,61.96225618,65.44536500000001,1.1923768437,365.279565,47.99,139.34012128074352,7.58672362,1.2654117,0.0063864741,1.1620000000000001,29.306265,12.845454400000001,202.455153,0.043714272000000005,0.41259999999999997,10.23167437,91.7935869,16.1518604,,,,,,
ISic003330,0.3018966018,7.72657106,61.79076876,52.532755,1.3393932825000001,380.8847056,69.63,1368.1015505813461,7.2977741300000005,1.4218389,0.027219061000000003,9.915000000000001,25.2548024,16.464229800000002,198.424254,0.107501424,23.32,11.99762854,19.01253264,19.2714923,,,,,,
ISic003330,0.3357808371,7.648421020000001,65.5794906,42.491170000000004,0.8746060511999999,371.14391720000003,58.82,1502.1985401693391,7.60009139,1.3811984999999998,0.026544009,14.19,22.2624785,15.146132800000002,158.63538,0.11679442400000001,21.259999999999998,11.520043450000001,18.9917766,18.2046052,,,,,,
ISic003330,9.12746859,8.83506768,20.9240785,48.079165,0.8626955337,383.2702048,56.35,1254.2287195560489,10.9924201,1.4300819999999999,0.024615289000000002,8.114,26.6429939,15.697337000000001,177.09949799999998,0.12541832800000002,25.23,8.77670584,18.96064254,25.6052904,,,,,,
ISic003337,2.9234882339999997,7.30805703,48.106144959999995,53.48509500000001,0.34874118719999997,329.6958686,74.03,99.02806885021221,8.89162363,0.8003474999999999,0.0018908688699999998,7.333,24.4630191,8.5316824,64.01327669999999,0.038249988,16.22,10.05026608,26.94652893,14.5312724,,,,,,
ISic003337,1.000441128,11.0232688,9.668844860000002,54.96962500000001,0.3655524425,365.3789608,58.22,70.40293435891803,9.996007089999999,0.8193258,0.0032113187999999997,1.897,24.5247165,5.53480913,60.463485000000006,0.030083299600000002,4.561999999999999,9.00254065,20.86500921,11.55074097,,,,,,
ISic003337,3.037646454,10.3651632,2.3205554528000003,52.308675,0.090809820507,348.9786538,79.6,248.9832315478667,10.8895911,0.9953063999999998,0.008864879300000001,10.22,30.0157851,7.49877366,78.48550440000001,0.06319240000000001,24.58,10.969648229999999,26.28752466,12.475826620000001,,,,,,
ISic003477,126.50806379999999,8.27362134,20.7998511,23.19228,0.4649066933,364.782586,49.830000000000005,195.72058334227575,3.73063612,0.4750326,0.0070229517,3.411,254.090459,3.54328439,66.8089002,0.0348524672,18.369999999999997,4.41550246,23.028826379999998,11.33466257,,,,,,
ISic003477,18.74789313,10.4782751,13.562036180000002,63.372625000000006,1.45131098,352.6562984,83.44999999999999,817.5856557202098,10.385729,1.1699450999999998,0.017792442000000002,5.061,42.571206,12.533904199999998,156.814974,0.06672374,49.43,10.68210992,16.99400775,14.423233199999999,,,,,,
ISic003477,19.22528205,6.8453265299999995,45.329940259999994,55.053655000000006,1.3973124199999998,354.7436102,75.28,579.9486579544247,7.2802932,0.9170927999999999,0.0124812293,8.584,62.0778673,11.122342139999999,168.647613,0.07806120000000001,24.07,11.83349723,27.813093600000002,20.6489921,,,,,,
ISic003477,12.183795479999999,8.83506768,54.350742180000005,24.046585,1.0885738325,359.1170254,66.37,1511.2253196850786,10.807327899999999,1.0409309999999998,0.023793172100000003,11.879999999999999,103.03465800000001,12.438042600000001,114.815607,0.14411584400000002,24.26,6.046943,23.044393409999998,15.5981595,,,,,,
ISic003572,5.624886839999999,10.12557163,43.129809800000004,77.27959,0.5423732825,364.68319019999996,56.41,6.274110640456576,10.4268606,0.7321023,0.0026881535,0.5091,20.0208063,10.59510334,147.452886,0.0007315449600000001,16.81,9.50480714,7.32169311,11.29954983,,,,,,
ISic003572,1.16752725,11.2803413,25.14958468,73.73632500000001,0.8013624192,379.0955812,55.23,5.38365907259021,9.81194318,0.8814365999999999,0.0029798724000000003,18.669999999999998,15.640290900000002,7.396920709999999,148.883205,0.00140658848,16.290000000000003,9.43816736,3.3967259459999997,11.419743440000001,,,,,,
ISic003572,2.789611776,13.491164799999998,4.0952479725,69.08666500000001,0.2927213688,378.39981059999997,49.22,5.275724291882322,7.7327408,0.7186833,0.00149813326,4.338,15.979626600000001,5.80202334,139.13103,0.011374632,22.07,7.327907659999999,4.937343015,13.27801768,,,,,,
ISic003572,21.73157388,7.6700151100000005,34.367763159999996,42.421145,0.7975657199999999,326.3164114,78.44,885.8310196173557,6.224239369999999,1.4005602,0.014631752100000001,1.5999999999999999,112.186439,11.3236515,167.997468,0.141848352,20.89,6.536868790000001,57.598011,15.2470321,,,,,,
ISic003573,15.07926306,5.53014362,0.033835397430669996,42.43515,0.5923342425,353.6502564,55.49,305.64641494848047,7.978502109999999,0.8917883999999999,0.0103210629,7.329,66.2835734,7.807927320000001,143.55201599999998,0.072336712,33.23,7.27977893,42.20740734,9.72487849,,,,,,
ISic003573,7.52925351,10.4165777,10.77434218,47.96712500000001,0.18200136570000003,365.0807734,63.239999999999995,522.005053588636,5.58772786,1.2243879,0.0121678123,6.75,54.8695544,8.73179349,132.23949299999998,0.10229734400000001,42.620000000000005,10.3168252,43.68108618,14.7068361,,,,,,
ISic003574,6.28389111,8.12554758,33.7593526,67.89624,1.1600777237000002,350.86717400000003,47.05,36.11723059876313,10.5296896,0.8666756999999999,0.026785099,8.507,15.2701065,9.33092849,128.0655621,0.0009586658800000001,14.49,7.689490170000001,4.852243251,13.5589196,,,,,,
ISic003574,2.797914192,7.248416209999999,104.27131990000001,63.51267500000001,3.8166370200000004,425.911003,40.65,1942.780521257769,8.00215278,1.5094458000000002,0.095616294,38.050000000000004,17.0798969,26.5057324,119.31461039999999,0.083413968,23.07,9.92685908,34.56399561,27.3069078,,,,,,
ISic003574,1.222530756,11.5888283,56.71084466000001,73.708315,0.27045744530000004,351.96052779999997,46.96,25.81349464789544,12.905039499999999,0.8110827,0.033873145,4.476,19.342134899999998,10.45490575,141.081465,9.5048804e-05,0.2663,11.00913847,6.28389111,14.85539,,,,,,
ISic003575,1.6604831999999998,14.8793563,34.6785192,76.77541000000001,0.8709526553,361.9001078,49.75,59.22443300942689,8.69110708,0.8808615,0.015646741000000002,4.1450000000000005,20.977116,8.1722014,135.620247,0.027131842800000004,1.6059999999999999,12.0445232,12.97771401,14.3962234,,,,,,
ISic003575,6.372104279999999,7.2730951699999995,0.06295110051200001,80.1086,0.8671412057000001,387.146641,44.85,105.315188615637,10.694215999999999,1.0303874999999998,0.01470649,7.547,15.0233169,12.701662,138.090798,0.0012467488800000002,30.28,7.91779312,10.554446339999998,12.33942713,,,,,,
ISic003575,17.60112192,7.082861520000001,54.370323000000006,64.661085,1.3978026292999999,348.879258,48.24,40.08363790911237,10.930722699999999,0.7972803,0.0112540812,3.134,16.0927385,9.50827245,118.7814915,0.014329806000000002,23.68,7.38344081,11.63376042,10.71073619,,,,,,
ISic003576,133.82456789999998,5.90752605,14.840547699999998,42.35112,3.0198660800000003,336.45478299999996,132.7,1205.9806151528594,6.3661433899999995,1.1193362999999998,0.040575447,12.28,309.103974,8.44540696,80.60497710000001,0.165266712,5.166,8.771769560000001,28.020654,24.4033543,,,,,,
ISic003576,96.98259689999999,7.78724017,60.598076500000005,55.90796,0.22739529120000002,352.85509,98.16,253.88224117213053,6.923476569999999,0.9437391,0.0157166571,4.096,138.716321,7.39092936,121.4340831,0.023466683600000003,2.5900000000000003,7.708001219999999,56.7158793,12.157110979999999,,,,,,
ISic003576,147.5235543,3.40878135,20.675647700000003,39.704175,1.1578188825000002,353.4514648,165.1,994.732591591971,4.71368136,1.3210047,0.0215076389,0.2446,339.232871,11.85448511,99.0560922,0.133930716,45.269999999999996,8.53853033,34.408325309999995,26.901760799999998,,,,,,
ISic003577,6.216433980000001,8.07516137,775.0443224999999,43.625575000000005,0.7923465753000001,321.6448088,52.0,8.228471356077959,7.060239139999999,0.5235327,0.000111600561,5.534,12.761078900000001,7.55509235,91.2023406,0.00036584682400000003,4.046,10.70432318,8.68640274,12.8161501,,,,,,
ISic003577,0.35072518589999996,11.5785454,56.01049756,29.55055,0.45994079250000003,336.6535746,47.23,51.72178895266681,6.96460817,0.5112639,0.0033535619,0.47150000000000003,17.8716802,6.57370922,63.3761346,0.030633445200000005,26.61,4.91283267,18.92431947,9.485841760000001,,,,,,
ISic003577,7.108943699999999,9.521965400000001,5.3580076553,56.34211500000001,0.5788931477,338.6414906,70.27000000000001,101.01616359384589,5.27307112,0.9441224999999999,0.0058633088000000005,7.582000000000001,15.5785935,7.91217681,103.23002310000001,0.041260920000000006,16.11,4.60061296,22.04810349,10.02198629,,,,,,
ISic003579,27.24749151,9.949734040000001,18.02963118,51.790490000000005,0.5901454517,326.71399460000004,78.93,60.2216215345838,6.465887519999999,0.8505729,0.0036790334,4.887,88.844256,5.44613715,123.81361380000001,0.01830721,12.26,8.75942886,12.246063600000001,11.84244681,,,,,,
ISic003579,0.1312300629,7.93737051,20.94892686,56.23007500000001,0.33749157329999996,353.849048,80.12,24.06697863538553,13.141546199999999,0.7508889,0.0036525135,6.286,86.7671102,8.08233115,130.289058,0.013456264,12.22,6.276480019999999,10.45585515,9.59928292,,,,,,
ISic003579,0.90807675,8.815530169999999,2.0119182688,55.823930000000004,0.2977924425,354.6442144,79.35000000000001,51.70700835956173,7.41705577,0.8369622,0.0045517792,3.3160000000000003,43.18818,9.78507282,134.710044,0.0172626768,6.82,7.09713657,20.00882256,12.13955461,,,,,,
ISic003579,118.9839993,5.19903424,16.64593166,42.37913,0.104750487723,330.09345179999997,209.9,129.7920789611186,24.7509403,0.8007309,0.0035295576,2.88,162.058504,4.18316057,224.690112,0.027860414000000003,7.981000000000001,7.550040259999999,10.60114743,6.684925499999999,,,,,,
ISic003580,0.775238094,8.19752788,38.40607106,48.667375,0.00965190363648,346.394363,67.42999999999999,131.8500180054915,14.3652113,0.7907625,0.0141230522,3.334,55.003232100000005,10.58911199,88.5757548,0.061222284,16.25,9.58008541,29.82124047,13.394159819999999,,,,,,
ISic003580,16.075552979999998,9.978526160000001,2.5750582512,49.003495,0.19696618130000002,364.1862112,50.94,224.33684901090783,7.8581921800000005,0.9707687999999999,0.016232589699999998,5.576,50.417058700000005,11.68912385,98.74402260000001,0.278120904,14.33,7.107009130000001,51.29855286,11.82624093,,,,,,
ISic003580,24.34164591,9.45306997,6.8316924000000006,55.669875000000005,0.7988311968,357.22850520000003,93.83999999999999,676.6592197476904,7.14867208,1.1594016,0.043564963,6.407,60.854202199999996,11.68433077,133.669812,0.08174122800000001,41.19,7.499443390000001,72.1791291,13.38605688,,,,,,
ISic003580,2.136315417,10.9512885,10.4809801,50.628075,0.083737700123,363.4904406,54.24,265.88122476999627,9.64741678,1.067769,0.014356909499999999,4.13,31.4039766,9.033757529999999,113.8403895,0.08865522,10.82,9.34808025,38.52321024,13.585929400000001,,,,,,
ISic003580,970.3448699999999,0.0698003252,0.40256816,30.712965,1.75685328,364.8819818,42.2,286.3551087613968,0.316199175,0.8350451999999999,0.0156660282,1.006,1791.2811800000002,4.8290280999999995,83.6866644,0.089361488,39.32,0.16696967100000001,75.3963153,5.32228109,,,,,,
ISic003581,0.11275718729999999,7.767702659999999,40.45029186,52.54676,0.027285304452,367.0686894,53.66,105.84317271048383,9.30808108,0.8802863999999999,0.0119315441,0.228,54.602199,7.5023684699999995,109.0423194,0.0221284916,2.445,11.52744787,19.07998977,11.30090032,,,,,,
ISic003581,7.55519856,10.4782751,2.8441512808,48.023145,0.136030745732,372.3366668,57.11,254.7514067383405,8.27567792,1.0014408,0.0143593204,8.06,89.5537761,8.90793918,115.5827781,0.077094728,60.03,8.50891265,23.93690313,12.37183889,,,,,,
ISic003581,1.397919294,9.64638849,9.3272107,69.47880500000001,0.6684866517,327.509161,60.2,17.138182593669683,8.26436673,0.812808,0.0143062806,1.367,18.396108100000003,9.549013630000001,105.86961179999999,0.0103375332,21.900000000000002,5.7088078200000005,10.61152545,14.990439,,,,,,
ISic003581,281.2962321,5.30906127,24.05628968,42.04301000000001,0.133595543172,356.1351514,40.98,95.0077862950238,6.32501179,0.7942130999999999,0.011403557,4.689,613.786301,4.71159764,81.7492323,0.01282434,36.940000000000005,5.91983379,18.00067569,10.456844069999999,,,,,,
ISic003582,1.5722700299999999,8.99445263,0.483655129503,50.880165000000005,0.6731982537,384.661746,58.589999999999996,222.42763183702885,7.83762638,0.9721107,0.008069282300000001,5.4879999999999995,55.5790745,7.858254660000001,150.573582,0.08300507600000001,41.34,5.490377430000001,30.672238110000002,10.69317982,,,,,,
ISic003582,41.31489762,9.893178090000001,2.7126065928,49.87180500000001,0.6308391957,349.67442439999996,50.29,203.75072944951967,10.817610799999999,1.012176,0.0082356344,0.751,65.27584920000001,6.52338188,149.793408,0.054791528000000006,27.970000000000002,9.02351984,30.542512860000002,10.720189620000001,,,,,,
ISic003582,1.04299101,4.806227460000001,114.7242212,43.667590000000004,0.136000303488,355.339985,43.09,164.6026373907023,14.3240797,0.8423298,0.0059501012,4.288,77.6770266,6.47545108,140.30129100000002,0.04349124,0.3342,5.0448781600000006,15.62929812,8.286606639999999,,,,,,
ISic003584,28.12962321,8.643805740000001,28.60390286,53.513105,0.5810805272999999,331.5843888,101.7,82.83035696090772,7.09211613,0.6232167,0.0036718007,0.3472,50.314229700000006,5.7229375199999994,341.84624099999996,0.0229945992,0.07718,8.987731810000001,14.86651365,13.31718189,,,,,,
ISic003584,28.37350668,11.1672294,89.01266220000001,51.28631000000001,0.0009653858522175,345.10221759999996,128.79999999999998,74.29271000269523,5.6041805,0.6813018,0.0061164533,0.07635,69.2244828,6.60726078,553.92354,0.0330682112,0.8542,8.7865784,19.66115889,16.0033065,,,,,,
ISic003584,5.51072862,9.117847430000001,6.66163468,59.00306500000001,0.010916195040869998,363.291649,60.71,35.29590581060427,12.3291971,0.7378532999999999,0.00051400388,0.38430000000000003,21.9128599,8.61795784,183.60094800000002,0.029075938400000004,13.360000000000001,8.46325206,21.882055169999997,12.143606080000001,,,,,,
ISic003584,3.521262186,7.29571755,38.929317160000004,55.095670000000005,0.7071589833,374.6227702,51.400000000000006,71.8520087712773,5.27718428,0.7915292999999999,0.0059934974,2.672,21.59409,9.14519664,197.904138,0.024202689200000002,2.418,6.73431999,21.18672783,10.21915783,,,,,,
ISic003585,40.043590169999995,7.64327957,52.1871347,49.82979,1.670487,321.8436004,78.54,46.399148637401645,5.7080377900000006,0.6117147,0.0089974788,8.206999999999999,95.1065421,7.30705046,129.95098259999997,0.008330245200000001,25.490000000000002,7.06628482,20.21638296,9.552015769999999,,,,,,
ISic003585,7.77832599,8.35177138,29.28940168,50.1379,0.058191133728,332.6777426,84.47,99.37098155577124,10.4988409,0.9107666999999999,0.0090818603,5.683,81.8416011,11.22539336,130.679145,0.034648021200000004,21.330000000000002,6.207372100000001,22.97174727,12.54875308,,,,,,
ISic003586,0.7015541519999999,6.1286084,89.83366260000001,55.403780000000005,0.2352026313,355.43938080000004,56.0,32.32311673621619,11.660808600000001,0.7725509999999999,0.0041105845,8.437999999999999,40.4220799,9.67722852,135.100131,0.0008025434800000001,7.276000000000001,9.842942319999999,16.6567221,9.36429766,,,,,,
ISic003586,38.33121687,7.82837177,35.68153006,52.71482,0.5383202517000001,347.6865084,60.900000000000006,42.434171979687974,7.32039651,0.7031555999999999,0.0055089065,9.568000000000001,83.7645034,6.52218361,131.589348,0.038510192,21.12,8.808791659999999,14.25421047,12.60817464,,,,,,
ISic003586,78.7691718,6.91627854,25.412248899999998,50.26394500000001,0.00835599346092,330.3916392,64.98,53.73109348793977,6.15123078,0.778302,0.0050653009,2.42,114.243019,4.8769589,127.18136489999999,0.022321786000000003,16.04,8.65823512,13.15414035,11.03485379,,,,,,
ISic003586,11.43138903,8.8947085,2.0366275625,51.566410000000005,0.0164624117,346.394363,60.0,67.40875083036971,7.13838918,0.7644996,0.0029509416,0.47150000000000003,76.1345916,5.1214059800000005,108.3531657,0.029157716800000004,7.2620000000000005,10.22550402,10.70492763,9.15092024,,,,,,
ISic003588,4.898944341,9.96104523,1.8642861933,51.70646,0.11175564318799999,363.9874196,58.54,202.9671545620797,8.84946374,1.1047671,0.0060923443,2.008,28.031185400000002,7.71206572,117.05210579999999,0.056650128,31.11,9.63315042,30.80715237,10.2907338,,,,,,
ISic003589,6.77165805,10.07107226,27.36678226,53.86323,0.44877275730000005,322.73816259999995,48.64,18.505467314342706,12.2674997,0.61344,0.0090215878,8.798,23.4758607,11.15469543,118.456419,0.009218656,3.106,10.666067009999999,6.091897739999999,9.28596924,,,,,,
ISic003589,1.803180975,8.78776634,27.831214399999997,55.19370500000001,0.2805877193,310.7112708,47.370000000000005,23.407715938484944,13.049000099999999,0.7305687,0.0066806039,8.449,15.8253831,6.80018225,122.7213702,5.0033512e-05,16.06,8.30282296,7.84059411,11.50077284,,,,,,
ISic003590,9.92657613,6.33735127,4.2748774632,51.98656,0.14882143917200003,345.2016134,64.01,284.5198052194635,8.56154254,1.1084094,0.0048121564,11.04,33.573668500000004,9.232670350000001,125.2309299,0.109991948,2.585,9.058073799999999,33.59883975,14.490757700000001,,,,,,
ISic003590,1.009262445,13.707105699999998,0.344509626068,55.095670000000005,0.021661341492,331.981972,62.48,141.3074669203193,8.58416492,0.9757529999999999,0.0061405623,5.019,25.0799931,10.18289846,131.589348,0.055497796,35.559999999999995,7.99060325,30.68780514,14.733845899999999,,,,,,
ISic003590,0.9719015729999999,5.97744977,50.1663811,48.387275,0.6520059671999999,340.927594,52.79,259.99560454447385,10.8895911,1.0236779999999999,0.008590036700000001,5.2700000000000005,28.195711799999998,9.59334962,113.775375,0.094156676,5.711,10.625342700000001,35.90276019,10.52842004,,,,,,
ISic003590,14.07778413,8.36102599,99.12945210000001,40.124325,2.6708917199999997,364.285607,78.11,1433.0016648518372,7.265897140000001,1.3434336,0.0177803875,22.27,53.3476852,11.12833349,125.58200819999999,0.20704804000000002,20.869999999999997,7.48340048,74.41040339999999,16.5435025,,,,,,
ISic003591,18.773838180000002,13.470599000000002,7.88344936,64.36698000000001,0.41716940370000005,342.5179268,62.14,4.363847976781312,7.152785240000001,0.6975963,0.0042021987000000005,3.503,18.0670553,8.894758209999999,498.271128,0.006189138000000001,26.77,6.866365480000001,4.376411033999999,17.5968847,,,,,,
ISic003591,2.549360613,10.869025299999999,32.75288896,77.04150500000002,0.6563993072000001,344.406447,58.489999999999995,7.060616669443264,6.524500049999999,0.8273772,0.004826621800000001,0.7947,12.915322399999999,11.79457161,501.13176599999997,0.004917855600000001,35.26,6.90462165,4.100355702,15.1930125,,,,,,
ISic003591,0.478426722,12.4628748,10.609309,71.62157,0.108199509152,368.0626474,46.79,6.543167629554752,12.4937235,0.7629659999999999,0.0061622604,0.27580000000000005,23.6712358,11.57049512,545.861742,0.013660710000000001,50.22,5.04611223,6.06076368,16.20588,,,,,,
ISic003658,4.8813017069999995,7.88389943,246.97645,24.270665000000005,1.2057974208,380.2883308,74.95,1760.08178892382,6.12655182,1.098441,0.015104288500000002,1.5859999999999999,56.874719899999995,15.1221674,269.550117,0.167905924,37.1,10.796878430000001,29.86794156,23.4850211,,,,,,
ISic003658,1.332537768,8.91218943,1.2861565293000001,49.68974000000001,1.3406965593,354.346027,80.97,134.33382239968375,5.14864803,0.8195175,0.00239571133,5.486,20.3395762,8.2440976,352.11853199999996,0.061742692,18.34,9.601064599999999,15.18823227,21.8644331,,,,,,
ISic003658,0.033495059550000005,7.465385400000001,35.6561189,62.980485,0.5345798325,379.3937686,79.72,174.21711059590095,7.11062535,1.1153106,0.00237690631,9.723,19.136476899999998,12.7975236,447.169731,0.071964992,4.836,9.16790603,8.639701650000001,25.362202200000002,,,,,,
ISic003658,8.60856759,7.25150108,63.99019379999999,41.524825,0.174524,370.746334,84.98,454.3485204836622,6.07205245,0.8940887999999999,0.0087178144,12.95,76.3094009,11.75143389,343.796676,0.07096134800000001,13.370000000000001,12.171632409999999,24.077006400000002,22.3911242,,,,,,
ISic003658,18.12002292,6.16871171,6.0006788713,36.651085,0.06716201520000001,330.1928476,63.59,774.2659266052937,13.5117306,0.8751104999999999,0.0192245166,3.181,90.6026319,13.8639839,339.63574800000004,0.09590376,41.67,9.536892960000001,21.46174536,19.852203,,,,,,
t0-0CC-1,95.7891246,6.101872859999999,150.1859576,0.6935276,8.08661658,69.23911428,114.5,12138.190570606528,6.0566281,6.8628599999999995,0.031992643,10.11,50.3656442,405.973876,13.7050566,0.167348344,11.17,160.058879,79.08051239999999,338.027647,,,,,,
t0-0CC-2,48.735181919999995,6.831958759999999,154.8316847,0.6596355,7.7094399199999994,48.5548483,108.8,12262.1166100022,6.4628026499999995,7.232841,0.029485307,9.183,59.764214800000005,415.560036,22.742072099999998,0.15865009600000002,9.359,164.995159,76.4341173,356.124213,,,,,,
t0-0CC-3,70.8299865,3.54040247,200.19257700000003,0.7113139500000001,12.11187362,23.43752964,111.0,12014.939057701251,7.60626113,6.952958999999999,0.038333309999999995,8.246,50.2628152,420.832424,16.6567149,0.15017488,24.2,160.058879,77.73136980000001,348.83156699999995,,,,,,
t0-10CC-1,65.0701854,5.531171909999999,181.91163039999998,6.3176555,8.14208108,57.73902022,101.8,9097.744347407515,3.4684221699999997,6.684578999999999,0.027219061000000003,6.42,60.278359800000004,359.840481,138.610914,0.129024012,1.048,148.33521399999998,68.0279211,317.905346,,,,,,
t0-10CC-2,85.20354420000001,5.02319665,138.3491522,6.316255000000001,7.635797820000001,48.1075672,134.6,9009.670832963751,0.322471744,6.931871999999999,0.027821786,0.3699,45.3373061,361.398232,143.291958,0.12538115600000002,29.669999999999998,145.743667,82.03824809999999,311.017847,,,,,,
t0-10CC-3,64.5512844,6.69622448,132.850347,6.349867000000001,6.245090879999999,49.33013554,109.3,8904.583252337514,4.25506402,6.813018,0.026857426,4.172,50.0365914,370.26543,144.852306,0.105903028,39.75,157.220518,74.0471727,334.111226,,,,,,
t0-20CC-1,42.285242489999995,7.983643559999999,63.725647,11.6591625,4.823122499999999,65.51177178,96.18,6407.35360058583,6.1419761699999995,6.826437,0.022481642500000003,6.071,40.9670736,304.600234,236.392722,0.12214719200000002,15.83,127.97305899999999,63.098361600000004,265.641383,,,,,,
t0-20CC-2,64.7069547,3.36662146,64.51957540000001,11.8048145,6.13692618,37.93937686,88.78999999999999,6143.254114138726,3.53423273,6.673077,0.026278810000000003,2.71,45.8000366,316.103626,237.172896,0.13831701200000002,0.8456,128.219873,67.7684706,272.79898000000003,,,,,,
t0-20CC-3,54.9516159,2.89874951,152.6164637,11.5695305,6.70017138,51.79515138,80.95,6785.726644299895,1.50644485,6.462206999999999,0.025507322,0.6675,36.3397686,321.25618699999995,234.0522,0.08609035200000001,7.102,121.926116,62.4756804,273.204127,,,,,,
t0-30CC-1,42.48761388,4.8329629999999995,142.42307939999998,17.058090000000004,3.65617518,56.71524348,87.38,4921.4218008171,4.02781193,6.552306,0.024784052,4.676,37.1932493,272.36677099999997,305.308092,0.07854443600000001,25.740000000000002,115.385545,59.9330655,239.71197500000002,,,,,,
t0-30CC-2,23.594428469999997,1.8365259399999998,78.6881078,16.86202,4.10190522,61.426604399999995,85.53999999999999,4857.76040483238,7.021164120000001,6.485211,0.0184313305,6.977,34.1803596,267.21421000000004,294.125598,0.093041516,7.456,103.8346498,52.201440600000005,237.956338,,,,,,
t0-30CC-3,38.362350930000005,6.90908051,165.24078269999998,16.91804,2.54945502,30.07716908,85.95,4722.979192420999,7.620657189999999,6.519716999999999,0.0170860483,13.370000000000001,39.7639743,267.813345,294.255627,0.095271836,3.089,109.9926591,53.706253499999995,243.628396,,,,,,
t0-40CC-1,38.134034490000005,8.68288076,239.7854547,26.035295000000005,3.77459348,26.17091414,88.85000000000001,2837.7642371403317,2.64476188,5.912027999999999,0.0190316446,5.3,33.676497499999996,211.37482799999998,397.88874,0.053564852,0.322,86.7180989,34.34605719,186.502669,,,,,,
t0-40CC-2,15.36465861,11.5271309,120.675848,25.783205000000002,2.42354462,44.429922600000005,86.11,2903.4287227007017,3.0838417099999997,5.90436,0.015135630200000002,6.2219999999999995,36.3911831,210.775693,400.619349,0.088543704,0.6169,86.3108558,41.60029317,189.878894,,,,,,
t0-40CC-3,0.8587811550000001,7.31011361,119.53894079999998,26.27338,1.2373656393,26.67783272,80.4,3021.1989787514776,2.32702027,5.917779,0.0165267195,3.8850000000000002,39.0544542,218.684275,420.513786,0.068805372,0.3713,92.802064,42.37864467,190.554139,,,,,,
t0-50CC-1,23.80717788,6.7023942199999995,136.17443120000001,34.84444,3.43371,29.282002679999998,89.85000000000001,1829.1436187373201,2.49977299,5.643648,0.0129200131,4.428,29.213718900000003,165.960395,487.60875,0.04497812,10.44,68.8857874,42.824899529999996,154.361007,,,,,,
t0-50CC-2,9.39729711,7.91886129,169.73782469999998,35.306605000000005,3.44631378,22.69206114,68.58,1956.2395673228634,0.909728163,5.570802,0.012881438700000001,5.571,32.185477,166.08022200000002,481.1073,0.043900132,22.71,70.9096622,45.014661749999995,160.70831,,,,,,
t0-50CC-3,57.4942308,8.169764050000001,52.935828400000005,35.278595,2.44246968,40.752278000000004,78.35,1999.3068328669822,0.679905348,5.542047,0.0112540812,8.347,25.6249868,164.043163,478.24666199999996,0.052263832,0.22249999999999998,71.8352147,46.26002415,153.28061499999998,,,,,,
t0-60CC-1,0.001061671446,6.77437452,47.265657260000005,61.131825000000006,1.2879855177,28.05943434,63.919999999999995,465.1134035828954,3.5547985300000002,4.117716,0.0068107925,0.1065,21.182774,84.0346751,608.275662,0.0350680648,0.9199999999999999,35.541216,18.19266906,75.897538,,,,,,
t0-60CC-2,0.2237501112,8.31783781,47.79569296,60.97777000000001,0.8217834932999999,48.34611712,72.53999999999999,482.27743628765523,7.27412346,4.121549999999999,0.0063937068,0.1625,19.5477929,82.440976,614.1269669999999,0.0252806772,23.98,32.3943375,18.96064254,85.29694839999999,,,,,,
t0-60CC-3,13.953247889999998,8.21089565,103.01757130000001,60.431575,0.7336180425000001,27.681730299999998,68.85000000000001,463.95415886936087,7.25664253,4.041036,0.0064901428,0.016800000000000002,28.401369799999998,83.9507962,610.746213,0.03561449320000001,2.097,38.428939799999995,17.51809776,79.543861,,,,,,
t0-70CC-1,0.2434683492,5.63091604,29.7425992,68.63850500000001,1.3937179368000001,20.88305758,60.49,334.3806193087187,9.0078204,3.7266479999999995,0.0067312328000000005,0.07721,19.671187699999997,68.3493208,646.7642460000001,0.029417920800000004,22.01,28.1984995,19.988066519999997,74.8036411,,,,,,
t0-70CC-2,8.5099764,10.5811041,80.91784189999998,69.12868,1.5122005017000002,36.61741272,72.28,323.25842570966165,6.28079532,3.7132289999999997,0.0083200159,1.723,17.995075,66.32424449999999,640.392825,0.032863765200000006,0.4133,27.2606063,26.54178615,71.1438132,,,,,,
t0-70CC-3,1.553070693,9.071574380000001,66.3090733,68.20435,1.5429644888,30.59402724,66.66,341.6729860804005,6.272569,3.655719,0.0060393045,4.758,20.9359844,72.9986084,641.433057,0.0348896392,11.219999999999999,26.4337794,19.85834127,70.67114169999999,,,,,,
t0-80CC-1,1.474197741,8.89779337,105.0384566,75.26287,0.9070425000000001,21.06197002,49.5,221.88352863979878,6.1286084,3.3144929999999997,0.004903770599999999,2.0370000000000004,21.645504499999998,56.31869,662.497755,0.024232426800000005,4.216,19.5600095,20.37724227,55.0864871,,,,,,
t0-80CC-2,6.60042072,5.54659626,132.56189619999998,74.49259500000001,2.0350941799999998,36.855962639999994,65.29,237.91295551671215,5.10134669,3.3835049999999995,0.0044963285,0.061130000000000004,16.5040545,57.3611849,657.686682,0.0169578664,10.309999999999999,23.5954184,19.72861602,60.4614373,,,,,,
t0-80CC-3,0.23563294410000002,9.27414751,12.3780468,75.15083,1.3358097332999999,38.87369738,57.54,232.0492737340301,7.506517,3.046113,0.00196657113,0.1733,22.6635116,56.2827419,664.0581030000001,0.0274069156,39.57,25.940151399999998,22.97693628,60.8665843,,,,,,
t0-90CC-1,0.4325039835,8.05253899,58.73063166,88.46958500000001,0.3576845552,28.48683628,56.13,85.50142544541285,6.95741014,2.3349059999999997,0.00188363617,0.6411,11.3831703,31.2029508,698.1257009999999,0.0211397164,24.150000000000002,14.9075656,15.07407405,33.802764700000004,,,,,,
t0-90CC-2,1.1607815369999999,10.0978078,95.6048574,87.71331500000001,0.15561670319999998,37.60143114,69.35000000000001,79.8968674988891,11.3523216,2.495934,0.0049592213,0.035800000000000005,19.7020364,31.2988124,688.633584,0.0052115144000000006,6.84,15.635666899999999,11.45214507,28.670902700000003,,,,,,
t0-90CC-3,3.30539937,9.91785705,110.85025769999999,87.97941,0.6978761888,28.814842419999998,73.73,83.21996970534485,3.20003848,2.315736,0.00030473776,3.702,14.8896392,32.712771000000004,700.85631,0.0147981732,20.020000000000003,14.5496853,15.78496842,30.6696279,,,,,,
t0-100CC-1,0.17533664789999998,11.0849662,42.147812959999996,100.69595000000001,0.9395372112,27.46305954,55.309999999999995,2.8895446004925804,7.447904469999999,1.3597280999999999,0.0028906691000000003,0.1829,17.0079166,7.03863798,717.630051,0.00873542,9.174000000000001,6.98236806,2.655216417,9.59523145,,,,,,
t0-100CC-2,0.19541811660000002,8.123491,36.53971966,102.99277000000002,0.2618668437,26.71759104,56.07,3.1920157182178976,5.8612530000000005,1.077354,0.0037079642,0.2555,12.2160852,7.6365747100000005,722.7011819999999,0.014248027600000001,22.02,6.22835129,7.22829093,11.799231129999999,,,,,,
t0-100CC-3,18.27569322,7.2011148700000005,121.6719018,101.88637500000002,0.2868838392,33.30753258,49.29,2.882807486780638,8.08750085,1.0365219,0.00115433892,0.8333,15.054165600000001,9.85457248,729.722748,0.0072634088,0.3049,9.58502169,4.321407528,11.48186598,,,,,,
0-1,,,,,,,,,,,,,,,,,,,,,0.9754783093136776,0.0001416110289814438,0.007602792708148556,7.030245494250457e-05,0.0019058749984445747,0.01480110949580546
0-2,,,,,,,,,,,,,,,,,,,,,0.9761140960523031,0.00015594324339637998,0.007478466907892849,7.243119351282765e-05,0.0018108229756576427,0.014368239627237147
0-3,,,,,,,,,,,,,,,,,,,,,0.9742691011281528,0.00015961927610558594,0.008103390026613871,7.767172072327964e-05,0.001973058852875266,0.01541715899552905
10-1,,,,,,,,,,,,,,,,,,,,,0.9484936542214901,0.00021605801653478977,0.01131277165347375,0.00010808277679402658,0.023404408172205012,0.0164650251595023
10-2,,,,,,,,,,,,,,,,,,,,,0.9510596299486682,0.000228263455828283,0.010585316372447655,9.752515608277944e-05,0.022125517608886824,0.015903747458086093
10-3,,,,,,,,,,,,,,,,,,,,,0.951256557620431,0.0002083007903975979,0.010597509622344526,8.501889497163252e-05,0.022125176731382663,0.015727436340472623
20-1,,,,,,,,,,,,,,,,,,,,,0.9281738518945315,0.0002437196431489985,0.011536543891327205,0.00010311339968979927,0.044156450095491975,0.01578632107581042
20-2,,,,,,,,,,,,,,,,,,,,,0.9315156570037588,0.00024775087245038324,0.010909209301934076,0.0001132910912443672,0.04218829674019666,0.015025794990415864
20-3,,,,,,,,,,,,,,,,,,,,,0.9334820401620941,0.00022849584703106348,0.010564060967966698,9.400597433591499e-05,0.04094152648509409,0.014689870563478032
30-1,,,,,,,,,,,,,,,,,,,,,0.8955257767239051,0.0002854325850650653,0.013340865773226318,0.00012171701710599384,0.07410844469149497,0.016617763209202333
30-2,,,,,,,,,,,,,,,,,,,,,0.912816936452933,0.0002426469438381454,0.010963161611069451,9.8377787425718e-05,0.06151258879637306,0.014366288408360432
30-3,,,,,,,,,,,,,,,,,,,,,0.9159392112135263,0.0002475948329837962,0.010381511615145427,9.658320721190347e-05,0.05968255244511689,0.01365254668601565
40-1,,,,,,,,,,,,,,,,,,,,,0.8633407089621205,0.00030886811419723485,0.011575989465131666,0.00010261377578996187,0.11047939370278222,0.014192425979978333
40-2,,,,,,,,,,,,,,,,,,,,,0.8569068746924329,0.0003098370490369401,0.0123417023597689,0.00011573824466415177,0.11570514103305421,0.014620706621042904
40-3,,,,,,,,,,,,,,,,,,,,,0.8467321433284499,0.000369681010376255,0.013519747441149005,0.00014591218430993444,0.12390203148233424,0.015330484553380415
50-1,,,,,,,,,,,,,,,,,,,,,0.8192016436307763,0.0002918875069986855,0.010833790167776493,0.00010448779002009393,0.15662229559227883,0.012945895312149732
50-2,,,,,,,,,,,,,,,,,,,,,0.7890043298908743,0.00034475283456097136,0.013321466130948008,0.00011608267655566425,0.18223349093956673,0.014979877527494391
50-3,,,,,,,,,,,,,,,,,,,,,0.8043203643537189,0.00033260645775062445,0.012364854708156493,0.00012639464841420213,0.16872825728372903,0.0141275225482309
60-1,,,,,,,,,,,,,,,,,,,,,0.6241563935866877,0.00034613926420776366,0.008681640961214638,0.00011640440991136923,0.3562570368120399,0.010442384965938743
60-2,,,,,,,,,,,,,,,,,,,,,0.6314052480941672,0.00026871795040577326,0.008495261364384527,9.587762093913404e-05,0.3497550208835909,0.009979874086512328
60-3,,,,,,,,,,,,,,,,,,,,,0.5910754597025402,0.0003771274528897559,0.009684465054267503,0.00013786724350989447,0.3876969944073044,0.011028086139488351
70-1,,,,,,,,,,,,,,,,,,,,,0.6001761307470596,0.0002797794886535264,0.007215914038596281,0.0001345205212702684,0.3835760784281154,0.008617576776304939
70-2,,,,,,,,,,,,,,,,,,,,,0.5476611742292402,0.00039534271294635644,0.008958246269629148,0.00017215051532268793,0.43326457568926635,0.009548510583595312
70-3,,,,,,,,,,,,,,,,,,,,,0.5516507344718216,0.0003210209563318701,0.008064080894942975,8.286310308510692e-05,0.43064172095985004,0.00923957961396858
80-1,,,,,,,,,,,,,,,,,,,,,0.3730057741279243,0.00042569116214593173,0.0082604218002768,0.0001358915159403614,0.6079736028449584,0.010198618548754399
80-2,,,,,,,,,,,,,,,,,,,,,0.49336314941277165,0.0003083403342670607,0.0066260546831887115,0.0001055644809248707,0.49124558141536034,0.008351309673487241
80-3,,,,,,,,,,,,,,,,,,,,,0.44048397740328427,0.000293395962504182,0.007680871387672799,0.00012121064719816587,0.5424795467220944,0.008940997877246283
90-1,,,,,,,,,,,,,,,,,,,,,0.1991360120897981,0.0004943388762885185,0.004857786237800548,0.00014286132470143654,0.7885920923936172,0.006776909077794114
90-2,,,,,,,,,,,,,,,,,,,,,0.3641084567971604,0.00036711345145891926,0.003938297824985786,0.00010644251533936959,0.6262983930742221,0.005181296336833412
90-3,,,,,,,,,,,,,,,,,,,,,0.25456892424136385,0.00032211859958875417,0.00460753408059456,7.040751495667064e-06,0.734400184210356,0.006094198116601221
100-1,,,,,,,,,,,,,,,,,,,,,0.10347688246760214,0.00034580047358535686,0.0005691654384362011,0.00011060311131987436,0.8946345820316061,0.0008629664774504303
100-2,,,,,,,,,,,,,,,,,,,,,0.06896839888843465,0.0003796865740200258,0.0005517228675393615,8.96786754037507e-05,0.9291030631201234,0.0009074498744788959
100-3,,,,,,,,,,,,,,,,,,,,,0.11931836123738587,0.0003624079882471902,0.000380734965168593,7.999502685397385e-05,0.8789195747557287,0.0009389260266157803
MK-ISic000711-1,,,,,,,,,,,,,,,,,,,,,0.04612968799713628,0.0007448545753273824,0.003962668777965249,0.000267688061370224,0.9472483530924168,0.0016467474957839248
MK-ISic000711-2,,,,,,,,,,,,,,,,,,,,,0.15536413386902526,0.0008562802558174187,0.004277472387981451,0.0003388681145992203,0.8381712691572029,0.0009919762153739033
MK-ISic000711-3,,,,,,,,,,,,,,,,,,,,,0.03213940943837165,0.0008260687714662298,0.005471001603357962,0.00036615196311140443,0.9601400398558162,0.001057328367876562
MK-ISic000821-1,,,,,,,,,,,,,,,,,,,,,0.013892142969778982,0.0010500139223212116,0.005514751727247671,0.00036184983855279466,0.9778200667067853,0.0013611748353140952
MK-ISic000821-2,,,,,,,,,,,,,,,,,,,,,0.05758020111133998,0.0008942280595380822,0.0040558395435148316,0.0002316673122005701,0.935833931196586,0.0014041327768204916
MK-ISic000821-3,,,,,,,,,,,,,,,,,,,,,0.24312577705306737,0.0006960850729441434,0.004496509044907025,0.00043526294670687116,0.7502304605418381,0.0010159053405365242
MK-ISic002995-1,,,,,,,,,,,,,,,,,,,,,0.4142762920661653,0.0018629544817658063,0.021244144948093818,0.00033860424594186843,0.5586993550987558,0.00357864915927727
MK-ISic002995-2,,,,,,,,,,,,,,,,,,,,,0.32900757713495976,0.001223106999786917,0.012582625746991984,0.00022798868794486266,0.6543527182044687,0.0026059832258478665
MK-ISic002995-3,,,,,,,,,,,,,,,,,,,,,0.23507237253385013,0.0010018140169596162,0.011753283649413433,0.00020169189360115606,0.7491738651627416,0.002796972743433923
MK-ISic003005-1,,,,,,,,,,,,,,,,,,,,,0.9225985984754245,0.00172923798620942,0.030436415141910783,0.00037960533295111523,0.04046848983085831,0.004387653232645926
MK-ISic003005-2,,,,,,,,,,,,,,,,,,,,,0.9023254501411655,0.00314814987855434,0.0570043000584921,0.0008696305553843463,0.02614476084618453,0.010507708520219055
MK-ISic003005-3,,,,,,,,,,,,,,,,,,,,,0.9177731394395994,0.0026835143125057068,0.04240982028524151,0.0006463234556209135,0.028441891253336054,0.008045311253696312
0-1,,,,,,,,,,,,,,,,,,,,,0.9754783093136776,0.0001416110289814438,0.007602792708148556,7.030245494250457e-05,0.0019058749984445747,0.01480110949580546
0-2,,,,,,,,,,,,,,,,,,,,,0.9761140960523031,0.00015594324339637998,0.007478466907892849,7.243119351282765e-05,0.0018108229756576427,0.014368239627237147
0-3,,,,,,,,,,,,,,,,,,,,,0.9742691011281528,0.00015961927610558594,0.008103390026613871,7.767172072327964e-05,0.001973058852875266,0.01541715899552905
10-1,,,,,,,,,,,,,,,,,,,,,0.9484936542214901,0.00021605801653478977,0.01131277165347375,0.00010808277679402658,0.023404408172205012,0.0164650251595023
10-2,,,,,,,,,,,,,,,,,,,,,0.9510596299486682,0.000228263455828283,0.010585316372447655,9.752515608277944e-05,0.022125517608886824,0.015903747458086093
10-3,,,,,,,,,,,,,,,,,,,,,0.951256557620431,0.0002083007903975979,0.010597509622344526,8.501889497163252e-05,0.022125176731382663,0.015727436340472623
20-1,,,,,,,,,,,,,,,,,,,,,0.9281738518945315,0.0002437196431489985,0.011536543891327205,0.00010311339968979927,0.044156450095491975,0.01578632107581042
20-2,,,,,,,,,,,,,,,,,,,,,0.9315156570037588,0.00024775087245038324,0.010909209301934076,0.0001132910912443672,0.04218829674019666,0.015025794990415864
20-3,,,,,,,,,,,,,,,,,,,,,0.9334820401620941,0.00022849584703106348,0.010564060967966698,9.400597433591499e-05,0.04094152648509409,0.014689870563478032
30-1,,,,,,,,,,,,,,,,,,,,,0.8955257767239051,0.0002854325850650653,0.013340865773226318,0.00012171701710599384,0.07410844469149497,0.016617763209202333
30-2,,,,,,,,,,,,,,,,,,,,,0.912816936452933,0.0002426469438381454,0.010963161611069451,9.8377787425718e-05,0.06151258879637306,0.014366288408360432
30-3,,,,,,,,,,,,,,,,,,,,,0.9159392112135263,0.0002475948329837962,0.010381511615145427,9.658320721190347e-05,0.05968255244511689,0.01365254668601565
40-1,,,,,,,,,,,,,,,,,,,,,0.8633407089621205,0.00030886811419723485,0.011575989465131666,0.00010261377578996187,0.11047939370278222,0.014192425979978333
40-2,,,,,,,,,,,,,,,,,,,,,0.8569068746924329,0.0003098370490369401,0.0123417023597689,0.00011573824466415177,0.11570514103305421,0.014620706621042904
40-3,,,,,,,,,,,,,,,,,,,,,0.8467321433284499,0.000369681010376255,0.013519747441149005,0.00014591218430993444,0.12390203148233424,0.015330484553380415
50-1,,,,,,,,,,,,,,,,,,,,,0.8192016436307763,0.0002918875069986855,0.010833790167776493,0.00010448779002009393,0.15662229559227883,0.012945895312149732
50-2,,,,,,,,,,,,,,,,,,,,,0.7890043298908743,0.00034475283456097136,0.013321466130948008,0.00011608267655566425,0.18223349093956673,0.014979877527494391
50-3,,,,,,,,,,,,,,,,,,,,,0.8043203643537189,0.00033260645775062445,0.012364854708156493,0.00012639464841420213,0.16872825728372903,0.0141275225482309
60-1,,,,,,,,,,,,,,,,,,,,,0.6241563935866877,0.00034613926420776366,0.008681640961214638,0.00011640440991136923,0.3562570368120399,0.010442384965938743
60-2,,,,,,,,,,,,,,,,,,,,,0.6314052480941672,0.00026871795040577326,0.008495261364384527,9.587762093913404e-05,0.3497550208835909,0.009979874086512328
60-3,,,,,,,,,,,,,,,,,,,,,0.5910754597025402,0.0003771274528897559,0.009684465054267503,0.00013786724350989447,0.3876969944073044,0.011028086139488351
70-1,,,,,,,,,,,,,,,,,,,,,0.6001761307470596,0.0002797794886535264,0.007215914038596281,0.0001345205212702684,0.3835760784281154,0.008617576776304939
70-2,,,,,,,,,,,,,,,,,,,,,0.5476611742292402,0.00039534271294635644,0.008958246269629148,0.00017215051532268793,0.43326457568926635,0.009548510583595312
70-3,,,,,,,,,,,,,,,,,,,,,0.5516507344718216,0.0003210209563318701,0.008064080894942975,8.286310308510692e-05,0.43064172095985004,0.00923957961396858
80-1,,,,,,,,,,,,,,,,,,,,,0.3730057741279243,0.00042569116214593173,0.0082604218002768,0.0001358915159403614,0.6079736028449584,0.010198618548754399
80-2,,,,,,,,,,,,,,,,,,,,,0.49336314941277165,0.0003083403342670607,0.0066260546831887115,0.0001055644809248707,0.49124558141536034,0.008351309673487241
80-3,,,,,,,,,,,,,,,,,,,,,0.44048397740328427,0.000293395962504182,0.007680871387672799,0.00012121064719816587,0.5424795467220944,0.008940997877246283
90-1,,,,,,,,,,,,,,,,,,,,,0.1991360120897981,0.0004943388762885185,0.004857786237800548,0.00014286132470143654,0.7885920923936172,0.006776909077794114
90-2,,,,,,,,,,,,,,,,,,,,,0.3641084567971604,0.00036711345145891926,0.003938297824985786,0.00010644251533936959,0.6262983930742221,0.005181296336833412
90-3,,,,,,,,,,,,,,,,,,,,,0.25456892424136385,0.00032211859958875417,0.00460753408059456,7.040751495667064e-06,0.734400184210356,0.006094198116601221
100-1,,,,,,,,,,,,,,,,,,,,,0.10347688246760214,0.00034580047358535686,0.0005691654384362011,0.00011060311131987436,0.8946345820316061,0.0008629664774504303
100-2,,,,,,,,,,,,,,,,,,,,,0.06896839888843465,0.0003796865740200258,0.0005517228675393615,8.96786754037507e-05,0.9291030631201234,0.0009074498744788959
100-3,,,,,,,,,,,,,,,,,,,,,0.11931836123738587,0.0003624079882471902,0.000380734965168593,7.999502685397385e-05,0.8789195747557287,0.0009389260266157803
ISic000086,,,,,,,,,,,,,,,,,,,,,0.05141135129769069,0.002089316515228928,0.04913772778471447,0.0006707710116924435,0.8810632941637073,0.015627539226966178
ISic000086,,,,,,,,,,,,,,,,,,,,,0.4455457994934,0.001054019115963201,0.010692497829925134,0.0006411236163621657,0.5317311406907816,0.010335419253567827
ISic000086,,,,,,,,,,,,,,,,,,,,,0.3086258683062706,0.0010344408114132495,0.009238908470289091,0.000594156141621166,0.6715855278184092,0.008921098451996628
ISic000086,,,,,,,,,,,,,,,,,,,,,0.3004426223230527,0.0015749303361251524,0.01676628371112617,0.000683638762449473,0.6648454690592869,0.01568705580795969
ISic000086,,,,,,,,,,,,,,,,,,,,,0.08880527570390222,0.0012878720417539224,0.016188615108318396,0.0006710161813208617,0.8796515291075504,0.013395691857154385
ISic000086,,,,,,,,,,,,,,,,,,,,,0.15330382570311368,0.0016017705865861665,0.01898235132889863,0.0008128702174042768,0.8126313453236316,0.012667836840365555
ISic000086,,,,,,,,,,,,,,,,,,,,,0.4230711346036076,0.001041186186637848,0.018911839560061306,0.00041033259122347124,0.5465885198758804,0.009976987182589265
ISic000086,,,,,,,,,,,,,,,,,,,,,0.08118174288664927,0.0024708940728479984,0.03336825466097906,0.0009537668943127395,0.8633892014369117,0.018636140048299343
ISic000086,,,,,,,,,,,,,,,,,,,,,0.2087722381175652,0.0012964870944613162,0.022299161363122152,0.00045253348206640467,0.7523621119459204,0.014817467996864576
ISic000092,,,,,,,,,,,,,,,,,,,,,0.1459093279320047,0.0005244506866000513,0.005849562600244394,0.0008807000918401805,0.8458845955646006,0.0009513631247099357
ISic000092,,,,,,,,,,,,,,,,,,,,,0.0013033591952235437,0.0006582597464973468,0.007286195661224641,0.001178258651220754,0.988391812175698,0.0011821145701354549
ISic000092,,,,,,,,,,,,,,,,,,,,,0.2270314338660732,0.0007069433167250991,0.007138437431393059,0.001084879925480407,0.7627811725604594,0.0012571328998689272
ISic000095,,,,,,,,,,,,,,,,,,,,,0.0008188735397108934,0.00144087343473686,0.02005242599833901,0.0008630110601048329,0.9720962134980532,0.004728602469055094
ISic000095,,,,,,,,,,,,,,,,,,,,,0.2375815293548828,0.0015006598910121927,0.02141041354228528,0.0005673288318324591,0.7331814864610319,0.005758581918955256
ISic000095,,,,,,,,,,,,,,,,,,,,,0.17799832909850383,0.001318486837342495,0.016559423616537342,0.0010535502813664398,0.8003387850391724,0.002731425127077377
ISic000095,,,,,,,,,,,,,,,,,,,,,0.012460048033890787,0.0026014076147180746,0.04485402506820859,0.0005257577517448203,0.9264918714709844,0.013066890060453171
ISic000095,,,,,,,,,,,,,,,,,,,,,0.15758544903483993,0.0022327195777216446,0.03898340216484998,0.0004125406192382562,0.7899446812221499,0.010841207381200252
ISic000095,,,,,,,,,,,,,,,,,,,,,0.21140198872287125,0.0011471691903470877,0.017230066969296496,0.0004190712031819767,0.7645233207997691,0.005278383114534133
ISic000095,,,,,,,,,,,,,,,,,,,,,0.21996149665835357,0.002235566392542666,0.03860495744145367,0.00042553316939343696,0.7231468548007208,0.015625591537535833
ISic000095,,,,,,,,,,,,,,,,,,,,,0.43772491944763553,0.0013688315060591612,0.028289555689702095,0.000368471118303513,0.5247169021061228,0.007531320132176921
ISic000095,,,,,,,,,,,,,,,,,,,,,0.5545685594210701,0.002139847507357594,0.03703930286079215,0.0005729149739694847,0.38901300980794123,0.016666365428869546
ISic000095,,,,,,,,,,,,,,,,,,,,,0.2481962351815295,0.0017158845050432867,0.025238664917212904,0.0005162659450533567,0.7189406115161053,0.005392337935055673
ISic000095,,,,,,,,,,,,,,,,,,,,,0.3088697042584249,0.002302460714426524,0.032688342581647094,0.00038009192973123584,0.6485809280743755,0.007178472441394668
ISic000095,,,,,,,,,,,,,,,,,,,,,0.39034847664982564,0.0015274800576657213,0.0180913216545756,0.000433841195600785,0.5840067771297348,0.005592103312597581
ISic000097,,,,,,,,,,,,,,,,,,,,,0.0012780909621222434,0.002602558898430601,0.02573587229658256,0.0005800721792286308,0.9632311778167996,0.006572227846836272
ISic000097,,,,,,,,,,,,,,,,,,,,,0.1362656679080103,0.0018109594015825554,0.021305161047234546,0.0007554536052253687,0.8356782949842364,0.0041844630537107835
ISic000097,,,,,,,,,,,,,,,,,,,,,0.037843888060925625,0.0024673941418043863,0.024811246927178947,0.0006124656882872556,0.9289921646713244,0.005272840510479387
ISic000098,,,,,,,,,,,,,,,,,,,,,0.0018750480226763613,0.001511689962392354,0.017586114271706484,0.0025375645058949127,0.9727062051510611,0.0037833780862688276
ISic000098,,,,,,,,,,,,,,,,,,,,,0.000600753437225966,0.0013463118983955541,0.01891293973212449,0.0027461390518448846,0.9736474043265466,0.0027464515538623115
ISic000098,,,,,,,,,,,,,,,,,,,,,0.0003728181843965419,0.0010475246000296668,0.011734745813857557,0.0025296385338911477,0.9825403580028235,0.0017749148650017883
ISic000098,,,,,,,,,,,,,,,,,,,,,0.0006924233444357236,0.0018388661930724265,0.020392115387479145,0.0019726039871942455,0.9716565109593397,0.0034474801284786545
ISic000098,,,,,,,,,,,,,,,,,,,,,0.06370866803854956,0.0014766175779026528,0.015397592283512016,0.002319007903004931,0.9141038644054602,0.002994249791570702
ISic000098,,,,,,,,,,,,,,,,,,,,,0.019700782470035077,0.0026471556101031685,0.04149369996588027,0.0019311439934818803,0.9271490460691354,0.007078171891364288
ISic000101,,,,,,,,,,,,,,,,,,,,,0.08285336154725521,0.002125637455961865,0.024550880492957547,0.0011443090754360231,0.8824468412980799,0.006878970130309309
ISic000101,,,,,,,,,,,,,,,,,,,,,0.10823608082574686,0.0017503974376864551,0.018093251724532425,0.0013224319491803263,0.868033319345494,0.002564518717359862
ISic000101,,,,,,,,,,,,,,,,,,,,,0.16505682315863157,0.0017994773566440392,0.01784934920400479,0.0013547981808603106,0.8093110619884372,0.004628490111422105
ISic000103,,,,,,,,,,,,,,,,,,,,,0.04850133196442247,0.0023675485437776207,0.03041657313074705,0.0015143310774717003,0.9009147701369663,0.016285445146615
ISic000103,,,,,,,,,,,,,,,,,,,,,0.5241499759895816,0.0025701514912794443,0.028625753255679225,0.000978100710554904,0.4360144071689723,0.0076616113839325685
ISic000103,,,,,,,,,,,,,,,,,,,,,0.41337202317112415,0.0020002690927948285,0.02444821289888917,0.0016463007177483712,0.5491056323281764,0.009427561791267027
ISic000104,,,,,,,,,,,,,,,,,,,,,0.8367095570110605,0.002625280033842857,0.04876238883235936,0.0013113492504878454,0.10316516274302834,0.007426262129220996
ISic000104,,,,,,,,,,,,,,,,,,,,,0.5676499979699511,0.002897308702770144,0.04276216904565354,0.0013223231166049026,0.37999071804356244,0.005377483121458003
ISic000104,,,,,,,,,,,,,,,,,,,,,0.7168349579864167,0.0021656591251812967,0.027839252896260755,0.0010415888692818216,0.24397329589947933,0.008145245223379931
ISic000104,,,,,,,,,,,,,,,,,,,,,0.3301396571631627,0.001022260005450454,0.010055497151799375,0.0007310826091934829,0.6555864397584363,0.0024650633119576108
ISic000104,,,,,,,,,,,,,,,,,,,,,0.44554855876659044,0.001014146952086322,0.009701183841051893,0.0005131728489614977,0.5400405542620552,0.0031823833292547506
ISic000104,,,,,,,,,,,,,,,,,,,,,0.5130652124123218,0.0008034477866263883,0.007111546922852701,0.0005336377791150407,0.4764990208382762,0.001987134260807663
ISic000104,,,,,,,,,,,,,,,,,,,,,0.5454581901129936,0.0017299316252363621,0.014264052352985241,0.0006529771435275514,0.4378683704542682,2.647831098920529e-05
ISic000107,,,,,,,,,,,,,,,,,,,,,0.10268525906865265,0.0005350509017948322,0.005174073407981598,0.00016026647504088206,0.8910008397265682,0.00044451041996170415
ISic000107,,,,,,,,,,,,,,,,,,,,,0.0010516032908836574,0.001291921933022476,0.008130222543803514,0.0005182900009067864,0.9859767620489813,0.0030312001824023545
ISic000107,,,,,,,,,,,,,,,,,,,,,0.2210490627930585,0.0011399253686556288,0.0085298088463699,0.0005456147042786943,0.7663432518143342,0.0023923364733031537
ISic000107,,,,,,,,,,,,,,,,,,,,,0.27851379303482177,0.0018523168911839054,0.10757186827539497,0.0006001258986590017,0.6020502260125911,0.009411669887349244
ISic000107,,,,,,,,,,,,,,,,,,,,,0.07584269519434146,0.001371474695642725,0.05441138122694594,0.0004659061782682722,0.8597237799311434,0.008184762773658172
ISic000107,,,,,,,,,,,,,,,,,,,,,0.3039761235642977,0.0016326145194935648,0.09539430433848987,0.0006148117625455322,0.5906105971030998,0.007771548712073441
ISic000114,,,,,,,,,,,,,,,,,,,,,0.002166031745960366,0.0007228800336422151,0.00476279779052641,0.0006051417881966325,0.9878169159970878,0.003926232644586566
ISic000114,,,,,,,,,,,,,,,,,,,,,0.009090554335829209,0.000599952733000799,0.005909082711750378,0.0004980921470666728,0.9793319405302991,0.004570377542053788
ISic000114,,,,,,,,,,,,,,,,,,,,,0.015033845300589049,0.000986730591649422,0.00513304335381708,0.0005277325989946724,0.9736958449649865,0.0046228031899633445
ISic000117,,,,,,,,,,,,,,,,,,,,,0.4402314332738181,0.0006886446724173606,0.008720526781622313,0.001868291580760528,0.5477797802768407,0.0007113234145409652
ISic000117,,,,,,,,,,,,,,,,,,,,,0.33661867398588247,0.0007583938529544627,0.009065255598973632,0.0021173266608900693,0.6504545755802591,0.000985774321040348
ISic000117,,,,,,,,,,,,,,,,,,,,,0.576676559028883,0.001103964847524921,0.011234667481491017,0.0018500580045544255,0.4065112478049444,0.0026235028326022205
ISic000121,,,,,,,,,,,,,,,,,,,,,0.10628452024312947,0.0006332967437868023,0.0046548382236183995,0.00013288159555516226,0.8864756383113684,0.0018188248825417785
ISic000121,,,,,,,,,,,,,,,,,,,,,0.00036143005206979416,0.0007572692013123689,0.004852023155707198,0.0004730779648341326,0.9909080849415713,0.002648114684505027
ISic000121,,,,,,,,,,,,,,,,,,,,,0.0871614594164894,0.0007902164600345818,0.005929952059233666,0.00021044955133873782,0.9029581101833521,0.0029498123295515852
ISic000121,,,,,,,,,,,,,,,,,,,,,0.26189474810196073,0.0008450676942021386,0.006487654974477957,0.0007351965322681672,0.7274110838435962,0.002626248853494781
ISic000121,,,,,,,,,,,,,,,,,,,,,0.35676002053931966,0.00116611515440725,0.010551166455245438,0.00045763503179687884,0.6259455140959524,0.00511954872327836
ISic000121,,,,,,,,,,,,,,,,,,,,,0.4540486349404826,0.0007552540374068037,0.007401275074472803,0.0007082656176224881,0.5346946106977368,0.002391959632278411
ISic000125,,,,,,,,,,,,,,,,,,,,,0.05384487949991951,0.0013327464403029609,0.008237534820788232,0.0013642658777934932,0.9299575054367706,0.005263067924425259
ISic000125,,,,,,,,,,,,,,,,,,,,,0.0008675292875692124,0.0013112621072678258,0.008701821972324806,0.0012618060138041415,0.9833679768718975,0.004489603747136488
ISic000125,,,,,,,,,,,,,,,,,,,,,0.1809536106311936,0.0016991657760668684,0.008007393076645867,0.0009707144745355668,0.8065682061564232,0.001800909885134959
ISic000128,,,,,,,,,,,,,,,,,,,,,0.1882387822421409,0.0008990564307471275,0.006962084051803363,0.000503852215199291,0.801549837262134,0.0018463877979752468
ISic000128,,,,,,,,,,,,,,,,,,,,,0.41142965877111654,0.0018133362387865322,0.018557850230185666,0.000396226899409982,0.5626186053521823,0.005184322508318925
ISic000128,,,,,,,,,,,,,,,,,,,,,0.39715351840413315,0.0025498128260869404,0.029711849416669125,0.0008242924468847582,0.5599420011016432,0.009818525804582964
ISic000131,,,,,,,,,,,,,,,,,,,,,0.6313963777070083,0.000545722108223137,0.014013774553302244,0.0010679485865230053,0.3521174725080612,0.0008587045368822147
ISic000131,,,,,,,,,,,,,,,,,,,,,0.34134021498650136,0.0011800316089421996,0.034356738784333936,0.0020337224472724144,0.6192935757059606,0.0017957164669894824
ISic000131,,,,,,,,,,,,,,,,,,,,,0.3010020767338129,0.00208514293462705,0.0458301173509452,0.0018781420357703424,0.6441538725064538,0.005050648438390696
ISic000137,,,,,,,,,,,,,,,,,,,,,0.3226444982270708,0.002279793707962485,0.027314798103593944,0.0007884866616423498,0.6376761631045943,0.009296260195136177
ISic000137,,,,,,,,,,,,,,,,,,,,,0.49287202825174764,0.0015920289531994797,0.025539054891168887,0.0006079083656486385,0.47139185627646124,0.007997123261774104
ISic000137,,,,,,,,,,,,,,,,,,,,,0.5152921801825431,0.002385744478869133,0.03521946045739463,0.0008232308499523834,0.4339547603787954,0.012324623652445556
ISic000139,,,,,,,,,,,,,,,,,,,,,0.2674498695635468,0.0009319828066183965,0.00882781212766957,0.0002835355176831995,0.7192025493682583,0.0033042506162236354
ISic000139,,,,,,,,,,,,,,,,,,,,,0.19924893240305389,0.0007394293493166677,0.00895124166859153,0.00040954884120116794,0.7847506815313687,0.005900166206467936
ISic000139,,,,,,,,,,,,,,,,,,,,,0.06426323583998167,0.0018581845905674178,0.02314533895508327,0.00039948761112461946,0.899189444711722,0.011144308291520803
ISic000139,,,,,,,,,,,,,,,,,,,,,0.41844907998531333,0.001813776273652963,0.025498329252078702,0.0007745809567400109,0.5437132898238718,0.009750943708343193
ISic000139,,,,,,,,,,,,,,,,,,,,,0.45712641474499904,0.0015138880793245252,0.031507026209096074,0.0004055335819616585,0.49926225225561666,0.010184885129002076
ISic000139,,,,,,,,,,,,,,,,,,,,,0.14819089176264189,0.002775621229892611,0.035656347230168056,0.0005325474559058306,0.7988399198576204,0.01400467246377134
ISic000142,,,,,,,,,,,,,,,,,,,,,0.09903582992168615,0.0013045983009815798,0.014359116550655212,0.0004787576340688476,0.8763493196432359,0.008472377949372407
ISic000142,,,,,,,,,,,,,,,,,,,,,0.11689254512120686,0.0014414117584804185,0.015463343691569962,7.807090791488076e-05,0.8563993846676667,0.009725243853161232
ISic000142,,,,,,,,,,,,,,,,,,,,,0.2803067147048433,0.0013363288157436618,0.01006961148612746,6.272510111327012e-05,0.7032327250448386,0.0049918948473337684
ISic000148,,,,,,,,,,,,,,,,,,,,,0.057845902166857206,0.001259772395330323,0.004827805541428139,0.0004908907759596702,0.9335178658650737,0.002057763255350983
ISic000148,,,,,,,,,,,,,,,,,,,,,0.2394155171702329,0.0010825809890293511,0.005921298508559402,0.0004526728401153564,0.7490741224882247,0.004053808003838326
ISic000148,,,,,,,,,,,,,,,,,,,,,0.0009698227212189952,0.0020179615108113806,0.012721053140870128,0.0012230247859058357,0.9753511301957619,0.007717007645431787
ISic000148,,,,,,,,,,,,,,,,,,,,,0.05976263768630975,0.0014210820122546076,0.005807055881630079,0.0006245817594944499,0.9298083980084658,0.002576244651845299
ISic000161,,,,,,,,,,,,,,,,,,,,,0.04510212770709668,0.0011383683927526785,0.008146801630380063,8.282586777324232e-05,0.9440446130882092,0.0014852633137882366
ISic000161,,,,,,,,,,,,,,,,,,,,,0.0011492798253417774,0.0007948109573984041,0.006998678002884599,0.00021769943749716186,0.9902109063978958,0.0006286253789823137
ISic000161,,,,,,,,,,,,,,,,,,,,,0.0006639016129102417,0.0014270403559903727,0.01064790027253493,0.0010264821275539045,0.9840063369602174,0.002228338670793102
ISic000162,,,,,,,,,,,,,,,,,,,,,0.0007756849335930081,0.0010239949496826564,0.006271089805490159,0.000678541980378739,0.9876899679159309,0.0035607204149245473
ISic000162,,,,,,,,,,,,,,,,,,,,,0.01888421827314146,0.0008552221728175497,0.003999458578643973,0.0004899840845790318,0.9737489605964128,0.002022156294405098
ISic000162,,,,,,,,,,,,,,,,,,,,,0.0027777023028267415,0.000781501729316305,0.003515537512785928,0.00014491246420737726,0.9905496751337652,0.002230670857098368
ISic000163,,,,,,,,,,,,,,,,,,,,,0.11533227592023755,0.0011676373725592894,0.006098912958619913,0.00011336489899701434,0.8763915511209237,0.0008962577286625644
ISic000163,,,,,,,,,,,,,,,,,,,,,5.231725093861557e-05,0.001089313295866867,0.0061090763854007015,0.0003315382796852397,0.9904489023563173,0.001968852431791337
ISic000163,,,,,,,,,,,,,,,,,,,,,0.058799762622873654,0.001138543959205547,0.007541142442093332,0.0004656420830548623,0.9287508941937092,0.0033040146990634556
ISic000163,,,,,,,,,,,,,,,,,,,,,0.20527865989964517,0.001104171635674447,0.005775172337242914,0.0002445897652988426,0.7851449477346357,0.002452458627502942
ISic000163,,,,,,,,,,,,,,,,,,,,,0.043333590614393534,0.0014460570425726812,0.007240088879720337,0.0003765358277835587,0.9451058866186827,0.0024978410168471827
ISic000163,,,,,,,,,,,,,,,,,,,,,0.13719839597023167,0.0009197388210072586,0.007166705573905957,0.0001598484083997956,0.852504081594093,0.002051229632362262
ISic000163,,,,,,,,,,,,,,,,,,,,,0.2399163295371189,0.008326975458110132,0.0033928944874508393,0.00024946080719383484,0.745529237820276,0.002585101889850168
ISic000163,,,,,,,,,,,,,,,,,,,,,0.21169167437232744,0.0017895465583908745,0.004167427257192077,0.0002197580826664461,0.7802102785396697,0.0019213151897533706
ISic000163,,,,,,,,,,,,,,,,,,,,,0.14888573403060357,0.0010999460704800605,0.005737259627787838,0.000303361745711312,0.8419842869912211,0.0019894115341960645
ISic000164,,,,,,,,,,,,,,,,,,,,,0.0016040419852738324,0.0008765730600874633,0.001803330205763861,0.000133240821564496,0.9947918235669498,0.0007909903603605027
ISic000164,,,,,,,,,,,,,,,,,,,,,0.02644289370822136,0.0021506509076438586,0.004243461898668282,0.00013266378307124875,0.9645424524979167,0.0024878772044784983
ISic000164,,,,,,,,,,,,,,,,,,,,,0.0429492142412193,0.0011925965258051529,0.002602989853589258,0.0007474777346619108,0.9523469093024318,0.0001608123422925196
ISic000165,,,,,,,,,,,,,,,,,,,,,0.11957152450464137,0.0010459393605919344,0.00669283526611082,0.0008037941920791762,0.8686910847980229,0.0031948218785538183
ISic000165,,,,,,,,,,,,,,,,,,,,,0.2293053239002812,0.0011872786874537493,0.008096576181319997,0.0004951341201711814,0.7574301369957266,0.0034855501150474343
ISic000165,,,,,,,,,,,,,,,,,,,,,0.19990954905399042,0.0013367510966755159,0.007971544436338159,0.00019395694215285496,0.7872184409119742,0.0033697575588687687
ISic000168,,,,,,,,,,,,,,,,,,,,,0.5321708200125166,0.00016750836405265496,0.002443269087032661,0.0011226845998976592,0.46262464382273133,0.00147107411376891
ISic000168,,,,,,,,,,,,,,,,,,,,,0.5689940165728509,0.0005252517606749793,0.004168188118243323,0.0017244501485667162,0.4225897186195456,0.001998374780118361
ISic000168,,,,,,,,,,,,,,,,,,,,,0.017441445767622073,0.0010649473202279836,0.010994372536159935,0.0023935851205823693,0.9644653294669784,0.0036403197884292667
ISic000178,,,,,,,,,,,,,,,,,,,,,0.0024428028744091224,0.0010067196114867006,0.004450115866003403,0.0004099316134202726,0.9873887316963733,0.004301698338307273
ISic000178,,,,,,,,,,,,,,,,,,,,,0.18853496021840185,0.0007815831432629698,0.003016496510977112,0.0003394061975114056,0.803903689047737,0.003423864882109611
ISic000178,,,,,,,,,,,,,,,,,,,,,0.24689120684443533,0.000616406778892905,0.0022032506602116765,0.000288694702952452,0.7480460642723629,0.0019543767411448225
ISic000178,,,,,,,,,,,,,,,,,,,,,0.00027693971495075515,0.000912488758688914,0.0041198796866531405,0.0005608429271195646,0.9907201535846883,0.0034096953278993183
ISic000178,,,,,,,,,,,,,,,,,,,,,0.0547169219326395,0.0009670368683026733,0.004199690308200561,0.0004155027522659868,0.9361470238789232,0.0035538242596681326
ISic000178,,,,,,,,,,,,,,,,,,,,,0.002343841311985539,0.0009426035080105192,0.004014400582141244,0.0002956619278243958,0.9890813941186142,0.003322098551424064
ISic000178,,,,,,,,,,,,,,,,,,,,,0.23337786626691917,0.0013167837203600294,0.0173088515758461,0.0009009340198843445,0.7412437330995455,0.005851831317444838
ISic000181,,,,,,,,,,,,,,,,,,,,,0.06747741180975907,0.001790698390571131,0.015795787346817834,0.0018850573559263542,0.8981203665257084,0.014930678571217148
ISic000181,,,,,,,,,,,,,,,,,,,,,0.12193088175497757,0.0015080132962602773,0.03829086133512352,0.001409832342187568,0.8279175024877043,0.008942908783746782
ISic000181,,,,,,,,,,,,,,,,,,,,,0.21111970891968443,0.0009306632986328139,0.03596963342762699,0.0011404857386362209,0.7416352947990336,0.009204213816385903
ISic000184,,,,,,,,,,,,,,,,,,,,,0.022878109221453804,0.0011635524302608653,0.007832507984408252,0.0004187974339426063,0.9650965327789807,0.0026105001509538904
ISic000184,,,,,,,,,,,,,,,,,,,,,0.22820083891768664,0.0008852511902565921,0.003846302835803667,0.0003828613103354525,0.7658205460198677,0.0008641997260498506
ISic000184,,,,,,,,,,,,,,,,,,,,,0.26543688460074166,0.0010372622956082466,0.007855046898813466,0.00046113190291526056,0.7217861390107474,0.003423535291173937
ISic000184,,,,,,,,,,,,,,,,,,,,,0.002556795384846485,0.000970870919201964,0.0110023353736372,0.0003027479330922632,0.9810182375293398,0.0041490128598823135
ISic000184,,,,,,,,,,,,,,,,,,,,,0.19224484017543206,0.0006809578076929809,0.009098171395396999,0.000507348258391993,0.79276550934688,0.004703173016206052
ISic000184,,,,,,,,,,,,,,,,,,,,,0.0007967159999861635,0.0009667120406099431,0.011839584554357237,0.0008721682833387554,0.9798332542496643,0.005691564872043482
ISic000191,,,,,,,,,,,,,,,,,,,,,0.18426616356820535,0.002536616458382284,0.08019122394644293,0.0012124082330943076,0.7135679982699992,0.018225589523875957
ISic000195,,,,,,,,,,,,,,,,,,,,,0.21249407065144305,0.0008546040665487203,0.00652171178839624,0.0011773088516754374,0.7765480473660736,0.0024042572758629184
ISic000195,,,,,,,,,,,,,,,,,,,,,0.02514310857362981,0.0010449668870376467,0.008614501895182284,0.0008301861570276967,0.9616830679537047,0.0026841685334177195
ISic000195,,,,,,,,,,,,,,,,,,,,,0.0009438754076587888,0.0012719792354280721,0.004022129318011536,0.00047128149232879334,0.992461988576084,0.000828745970488719
ISic000206,,,,,,,,,,,,,,,,,,,,,0.1363026565184072,0.0009043435083488992,0.004286818579948994,0.000672154908490012,0.8561253055979914,0.0017087208868135594
ISic000206,,,,,,,,,,,,,,,,,,,,,0.002140977798857456,0.0007273203557859304,0.0038503199448233615,0.000593175123177026,0.9914340829419206,0.0012541238354355489
ISic000206,,,,,,,,,,,,,,,,,,,,,0.05090863009837595,0.001081294286440111,0.005857825471359436,0.0006686187074223056,0.938877125886361,0.002606505550041087
ISic000207,,,,,,,,,,,,,,,,,,,,,0.13400456510801426,0.0005366543825509576,0.0021601385200323794,0.000728648241325266,0.8606544622340793,0.0019155315139978422
ISic000207,,,,,,,,,,,,,,,,,,,,,0.31131248489837704,0.0005888044113832612,0.0033370578374779143,0.00032664755434595884,0.6833212588161908,0.001113746482225055
ISic000207,,,,,,,,,,,,,,,,,,,,,0.13080219079301536,0.0006239212431638253,0.0034427553384735795,0.00043032578756596254,0.86336076119147,0.0013400456463111459
ISic000207,,,,,,,,,,,,,,,,,,,,,0.10664318475384503,0.0029161035367281157,0.03617975137049776,0.0015860957395122833,0.8375748957646135,0.015099968834803417
ISic000207,,,,,,,,,,,,,,,,,,,,,0.48869999928764685,0.0022121938396715956,0.028511405434129257,0.0010685918436482184,0.46783832037128736,0.01166948922361673
ISic000207,,,,,,,,,,,,,,,,,,,,,0.1370505437314879,0.0017807533579117067,0.0234055102481842,0.0007820545413294313,0.8272239201286805,0.009757217992406295
ISic000208,,,,,,,,,,,,,,,,,,,,,0.06266695345637632,0.0009233058441784016,0.004882720475313056,0.0001315001878783655,0.9271564931450716,0.004239026891182323
ISic000208,,,,,,,,,,,,,,,,,,,,,0.3056072191765358,0.0011401062682718586,0.0030091199897883977,0.0006709232705343222,0.6885810083928218,0.0009916229020477607
ISic000208,,,,,,,,,,,,,,,,,,,,,0.3291252490603187,0.0007583065622433448,0.005694821872063983,0.0005618237859543704,0.6611027049854702,0.002757093733949427
ISic000220,,,,,,,,,,,,,,,,,,,,,0.15160059633073508,0.0014017408367799683,0.007031638400313696,0.000628961595998721,0.8365405955820125,0.002796467254160089
ISic000220,,,,,,,,,,,,,,,,,,,,,0.09584752612849104,0.0012877368207845383,0.008958496684895201,0.0003860168145204599,0.8899998410141805,0.0035203825371282224
ISic000220,,,,,,,,,,,,,,,,,,,,,0.07178212045940349,0.0011289878763952252,0.00841351161721653,0.0006485475139638249,0.914605323073432,0.003421509459588947
ISic000228,,,,,,,,,,,,,,,,,,,,,0.41500747568686364,0.0011422638090130357,0.025731659418178673,0.0003868380480016404,0.5556524620141041,0.0020793010238389976
ISic000228,,,,,,,,,,,,,,,,,,,,,0.46182732252265674,0.0018169756693771318,0.02630745662405924,0.0007321930150952208,0.5051744325276356,0.004141619641176083
ISic000228,,,,,,,,,,,,,,,,,,,,,0.5559331107164399,0.0015030159520389127,0.022575888220463143,0.0004608155526007925,0.41706249197344686,0.0024646775850105285
ISic000229,,,,,,,,,,,,,,,,,,,,,0.09425580191236672,0.0012544702547237516,0.003527950133181082,0.00021929972677863708,0.900276252903497,0.0004662250694528811
ISic000229,,,,,,,,,,,,,,,,,,,,,0.03624770666414419,0.000687216757709722,0.004196600068309675,0.00038606787775549375,0.956156983094766,0.0023254255373147924
ISic000229,,,,,,,,,,,,,,,,,,,,,0.0023372766282477387,0.0018057494205237087,0.004255035726151964,0.000920761603759153,0.9893625489674777,0.001318627653839717
ISic000231,,,,,,,,,,,,,,,,,,,,,0.4861585204268845,0.0008473312477729674,0.01248633162021668,0.0020150288206439975,0.4963213947349918,0.0021713931494899913
ISic000231,,,,,,,,,,,,,,,,,,,,,0.5386609150028763,0.0007989284144966414,0.010373774025930396,0.001803332330970704,0.4468423579901073,0.0015206922356187035
ISic000231,,,,,,,,,,,,,,,,,,,,,0.40757223720201585,0.0013613839306826077,0.01910676784563623,0.0022031627981142932,0.56516790271614,0.004588545507410956
ISic000232,,,,,,,,,,,,,,,,,,,,,0.011447513515423611,0.0023348925531133722,0.03027060511752282,0.002112638551241058,0.9366991463808644,0.01713520388183483
ISic000232,,,,,,,,,,,,,,,,,,,,,0.1763280004696005,0.0026817354464177584,0.024013506402771802,0.0019889175851905737,0.7872550031728823,0.00773283692313688
ISic000232,,,,,,,,,,,,,,,,,,,,,0.2239731044074121,0.002484906683910042,0.027728971628926232,0.0011961901490951895,0.7354722556692407,0.009144571461415816
ISic000232,,,,,,,,,,,,,,,,,,,,,0.44938205991252356,0.0015148287012026937,0.014181692304963685,0.00042267422907007356,0.5291698645728825,0.005328880279357514
ISic000232,,,,,,,,,,,,,,,,,,,,,0.41962084410000017,0.001397290403525937,0.012951477237175633,0.0003261253741962735,0.5618250159372029,0.003879246947899042
ISic000232,,,,,,,,,,,,,,,,,,,,,0.31306395013353755,0.002721493473705753,0.03631746466186908,0.0006142891953589874,0.6364180453106557,0.010864757224872979
ISic000232,,,,,,,,,,,,,,,,,,,,,0.4394206130287853,0.00150453982417823,0.018010373816230062,0.0005844706537577624,0.533961190241232,0.006518812435816631
ISic000232,,,,,,,,,,,,,,,,,,,,,0.4680589341883229,0.001720628099100993,0.020477319426185938,0.0003121472256999833,0.5021010058072667,0.007329965253423555
ISic000232,,,,,,,,,,,,,,,,,,,,,0.2689479208195446,0.002248311314089529,0.02906452725121588,0.0004624557948103802,0.6879299852495371,0.011346799570802476
ISic000234,,,,,,,,,,,,,,,,,,,,,0.40975096799481237,0.001184928820496227,0.013847550562378134,0.0009023653860451215,0.568237509571825,0.006076677664443248
ISic000234,,,,,,,,,,,,,,,,,,,,,0.32361080310539025,0.0010159873906246844,0.010957109760650601,0.00035746858206560795,0.6596275033322445,0.004431127829024327
ISic000234,,,,,,,,,,,,,,,,,,,,,0.31772116419153373,0.0009045071115040438,0.009842213101157717,0.0005939571857757279,0.6665113160076259,0.00442684240240282
ISic000252,,,,,,,,,,,,,,,,,,,,,0.0654702240274528,0.002537540472158737,0.0667277474828096,0.0021878841003358947,0.8479429906445182,0.01513361327272466
ISic000252,,,,,,,,,,,,,,,,,,,,,0.25772630559056775,0.0023741445051013318,0.054277374530592164,0.00190644034318681,0.6711965309099387,0.012519204120613175
ISic000252,,,,,,,,,,,,,,,,,,,,,0.43888486525760934,0.0015451449481797962,0.037008239901499054,0.0012904329505072014,0.5120770930173199,0.009194223924884726
ISic001132,,,,,,,,,,,,,,,,,,,,,0.0011966307626451935,0.0019925933916083707,0.006567419812425248,0.0012151627171353824,0.9868586139048567,0.0021695794113291136
ISic001132,,,,,,,,,,,,,,,,,,,,,0.04065527283411965,0.0011595445406489154,0.007490406059871312,0.001087063494633136,0.9472136035023331,0.002394109568393859
ISic001132,,,,,,,,,,,,,,,,,,,,,0.16673059846277247,0.0011265322909107245,0.004550622728233455,0.001098630837039274,0.8256020052736954,0.000891610407348552
ISic001132,,,,,,,,,,,,,,,,,,,,,0.2187236109155616,0.002144025656575297,0.019034419306963406,0.0008696860119297505,0.7562462184285206,0.0029820396804493164
ISic001132,,,,,,,,,,,,,,,,,,,,,0.28917473369410823,0.0012187576769653284,0.011544782060603186,0.0008540153111302863,0.6944220376931448,0.0027856735640481964
ISic001132,,,,,,,,,,,,,,,,,,,,,0.1485477231854577,0.0011616904023479587,0.007711344554862472,0.0008539760265646525,0.8400420224906561,0.0016832433401110498
ISic001133,,,,,,,,,,,,,,,,,,,,,0.12117339050817752,0.0012505421937383345,0.01552563903030542,0.0011977943298862137,0.8588467051297082,0.0020059288081843395
ISic001133,,,,,,,,,,,,,,,,,,,,,0.005123703089072163,0.001328019658835519,0.012516007114803622,0.0010075608941606396,0.9775250536017462,0.002499655641381921
ISic001133,,,,,,,,,,,,,,,,,,,,,0.08581733050010436,0.0011316213006123254,0.009806827759321934,0.0010600063061011653,0.9002188833822017,0.0019653307516585687
ISic001134,,,,,,,,,,,,,,,,,,,,,0.1265735721367907,0.0018124240845622417,0.006837144020890952,0.00022265018306957924,0.8636826810727822,0.0008715285019042355
ISic001134,,,,,,,,,,,,,,,,,,,,,0.08470071115539508,0.0014105377426696882,0.012768935703201834,0.00043264647436379793,0.8988299374595218,0.0018572314648477102
ISic001134,,,,,,,,,,,,,,,,,,,,,0.14965918835751377,0.001128260760258366,0.010419353854084048,0.0008180985161044683,0.8360567848840803,0.0019183136279589783
ISic001134,,,,,,,,,,,,,,,,,,,,,0.17492671873252794,0.001573527417234362,0.01017944037492832,0.001987078094860107,0.8112523417790635,8.089360138583356e-05
ISic001134,,,,,,,,,,,,,,,,,,,,,0.030769261477695792,0.0017452951786419584,0.016717005945481315,0.0006845831466172154,0.9500469414694321,3.6912782131656785e-05
ISic001134,,,,,,,,,,,,,,,,,,,,,0.07309651674191138,0.0010075932246433202,0.005266172189164241,0.0008575743629529698,0.9185360951221487,0.0012360483591792534
ISic001135,,,,,,,,,,,,,,,,,,,,,0.17248081871056883,0.0006887110007823421,0.004466522203996003,0.00043258698045457603,0.8209302826858726,0.0010010784183256947
ISic001135,,,,,,,,,,,,,,,,,,,,,0.1691045077372054,0.00064571497788915,0.004314572774668744,0.0002546437866671975,0.8244927430430082,0.0011878176805612845
ISic001135,,,,,,,,,,,,,,,,,,,,,0.0015956383198026322,0.0009468992908622159,0.0057652899223507225,0.0005768450201304783,0.9899781447959307,0.0011371826509230954
ISic001136,,,,,,,,,,,,,,,,,,,,,4.966820575339435e-05,0.0015054857822642243,0.01054723483893858,0.0014290181342222748,0.9825490130910042,0.003919579947817305
ISic001136,,,,,,,,,,,,,,,,,,,,,0.00014236790439382357,0.0012034147469554511,0.009078617984678568,0.0014976475548608467,0.9845093784624868,0.0035685733466245396
ISic001136,,,,,,,,,,,,,,,,,,,,,0.13794115359551107,0.0012378547348039612,0.01345843442410743,0.002029773144414986,0.8395202519148833,0.005812532186279279
ISic001138,,,,,,,,,,,,,,,,,,,,,0.3928726926994691,0.001003998835351637,0.00794204805236946,0.0021351544538810996,0.5935385595239772,0.0025075464349515885
ISic001138,,,,,,,,,,,,,,,,,,,,,0.47206066041612965,0.0011638563812759052,0.01996128766718365,0.0027173513120004387,0.5005062959213609,0.0035905483020494964
ISic001138,,,,,,,,,,,,,,,,,,,,,0.25348342731738593,0.0016662002662193101,0.05699143503755307,0.005158607890919522,0.6775069519614058,0.005193377526516288
ISic001138,,,,,,,,,,,,,,,,,,,,,0.2163371676268504,0.0017184568106449,0.05085486320616686,0.005258202963211766,0.7193402876420385,0.006491021751087573
ISic001138,,,,,,,,,,,,,,,,,,,,,0.41639383306002414,0.0012112308943759374,0.02954943233028574,0.002887130973525064,0.5453262894828734,0.004632083258915748
ISic001140,,,,,,,,,,,,,,,,,,,,,0.0692840187903891,0.0012441357115086824,0.006115202518734081,9.397291684261562e-05,0.9232293116829143,3.335837961126459e-05
ISic001140,,,,,,,,,,,,,,,,,,,,,0.14313468375305313,0.0010118614239420975,0.006277128655591719,0.00044563385912038445,0.8473586014699287,0.0017720908383640037
ISic001140,,,,,,,,,,,,,,,,,,,,,0.37905744496381893,0.0007635565690586017,0.005028507571836367,0.0003884376136786868,0.6138057004612646,0.000956352820342809
ISic001143,,,,,,,,,,,,,,,,,,,,,0.03217280697558863,0.0010749921055263044,0.0031724090786554296,0.00044229650518337626,0.9609738199021167,0.0021636754329294374
ISic001143,,,,,,,,,,,,,,,,,,,,,0.0016917542337744496,0.0009145464867620635,0.0026302656418486776,0.0006829444678397542,0.9923886247781277,0.001691864391647366
ISic001143,,,,,,,,,,,,,,,,,,,,,0.0006109174051494428,0.000964626274510756,0.006722526849168164,0.0007545091878439641,0.9867380053330522,0.004209414950275433
ISic001143,,,,,,,,,,,,,,,,,,,,,0.11322649853599569,0.0015554741254323909,0.01239747956841068,0.0007299663925961885,0.8675447037615367,0.004545877616028342
ISic001143,,,,,,,,,,,,,,,,,,,,,0.3411917168418192,0.0015006793006578473,0.01700486934418603,0.00026011041720205543,0.6331943017908964,0.006848322305238438
ISic001143,,,,,,,,,,,,,,,,,,,,,0.19122532727705624,0.0031717159182994958,0.023568858352512205,0.0008326172296563902,0.7732883161138555,0.007913165108620225
ISic001148,,,,,,,,,,,,,,,,,,,,,0.06899412215003312,0.0018263984981622915,0.013347711842187669,0.0011441596204450565,0.9105146044074015,0.004173003481770298
ISic001148,,,,,,,,,,,,,,,,,,,,,0.025047373369501334,0.0009847511098637688,0.005491986971057249,0.0007013333407534612,0.9656576859832633,0.0021168692255608837
ISic001148,,,,,,,,,,,,,,,,,,,,,0.2704235764585167,0.0010369105855402285,0.004172805748430851,0.0004894348834897554,0.7222184922031069,0.0016587801209155511
ISic001150,,,,,,,,,,,,,,,,,,,,,0.07289387437001024,0.0011533203846398109,0.0058843975059397115,0.0008095264726316512,0.9170080340542444,0.0022508472125341824
ISic001150,,,,,,,,,,,,,,,,,,,,,0.06129660270210514,0.0008771502786084029,0.0067379438786674605,0.0007912117596589621,0.9277384953585273,0.002558596022432679
ISic001150,,,,,,,,,,,,,,,,,,,,,0.12052713427427297,0.0010390066408071355,0.007453423038846404,0.0010434705964635829,0.8685008004468815,0.0014361650027284558
ISic001151,,,,,,,,,,,,,,,,,,,,,0.01580740497483269,0.0014571597624322404,0.011561658991604086,0.0006793838212905783,0.9676484460921753,0.002845946357665176
ISic001151,,,,,,,,,,,,,,,,,,,,,0.04065393433076915,0.0014053853271486906,0.009729998031357899,0.0008479323391220838,0.9446927998802698,0.002669950091332311
ISic001151,,,,,,,,,,,,,,,,,,,,,0.22521728149832174,0.0011903365903499386,0.008047859062600173,0.0006618510238700679,0.7628969042076958,0.001985767617162405
ISic001155,,,,,,,,,,,,,,,,,,,,,0.27638652888940796,0.00039207454260732893,0.003703950501157583,0.0009680267682639583,0.7168274886988864,0.0017219305996767095
ISic001155,,,,,,,,,,,,,,,,,,,,,0.3309538143364641,0.0005372816333834622,0.004673849454722032,0.0008277790461980563,0.6608061742026331,0.0022011013265993236
ISic001155,,,,,,,,,,,,,,,,,,,,,0.001131067858053815,0.0008801575787133254,0.010176212869444508,0.002042620690040525,0.982747176295385,0.003022764708362779
ISic001158,,,,,,,,,,,,,,,,,,,,,0.16797825229809965,0.0008120849985547446,0.0035946776022711046,0.0006991112067328626,0.8257206919051292,0.0011951819892123518
ISic001158,,,,,,,,,,,,,,,,,,,,,0.0007915827821247228,0.0014975407728110414,0.0110187655206033,0.0009190670386487405,0.9832464001248301,0.002526643760981973
ISic001158,,,,,,,,,,,,,,,,,,,,,0.08365204625243146,0.0011209447356135033,0.012432553832500259,0.0009385829249679273,0.8981587827592123,0.0036970894952743703
ISic001161,,,,,,,,,,,,,,,,,,,,,0.16954713937634525,0.0009907538760308041,0.00922534275839499,0.0006930402583950275,0.8115207824594661,0.008022941271367746
ISic001161,,,,,,,,,,,,,,,,,,,,,0.16774857908473992,0.0010387847039714413,0.010159215448933159,0.000954122274320452,0.8119181325640432,0.008181165923991832
ISic001161,,,,,,,,,,,,,,,,,,,,,0.0009878918403959192,0.0014942960968854233,0.04776402681532378,0.0010549112144546927,0.9416142013956217,0.007084672637318461
ISic001169,,,,,,,,,,,,,,,,,,,,,0.5155635078708598,0.0007194773132164333,0.015600136688616775,0.0009553100389120359,0.46472786192626886,0.0024337061621260564
ISic001169,,,,,,,,,,,,,,,,,,,,,0.38621798480876135,0.0008929464222199771,0.013130373775729065,0.0013056710138127764,0.5965322135293609,0.0019208104501158532
ISic001169,,,,,,,,,,,,,,,,,,,,,0.450277381929264,0.000684561372260083,0.011815060096076734,0.001206137654353239,0.5345645766444275,0.0014522823036185683
ISic003083,,,,,,,,,,,,,,,,,,,,,0.37387528820662375,0.0011921260702211088,0.012228880510090781,0.0006793679344298182,0.6095392810344391,0.002485056244195456
ISic003083,,,,,,,,,,,,,,,,,,,,,0.2789196136163538,0.0010790250522542933,0.008822310585413001,0.0008196834803533816,0.7083146173449699,0.002044749920655648
ISic003083,,,,,,,,,,,,,,,,,,,,,0.23341985660549686,0.0015681923085158662,0.011899369111458499,0.001512832211347046,0.7485958539941155,0.003003895769066169
ISic000401,3.849207618,8.662314960000002,2.2415727625,89.73003500000002,0.3473538453,12.50399164,57.43,41.13037281645293,7.65767563,1.3804317,0.0073026161,6.813,24.576131,11.03846324,121.10901059999999,0.054271120000000006,4.438,8.396612280000001,24.92281503,10.436586720000001,,,,,,
ISic000401,1.327867659,11.0952491,63.99019379999999,88.06344000000001,0.2434731957,26.97602012,47.04,28.29553035238927,8.939953260000001,1.0403559,0.0081054458,1.691,27.8872248,9.046938500000001,126.0241068,0.04033162,1.198,8.56567987,21.44098932,10.849836660000001,,,,,,
ISic000401,5.3550583199999995,7.02424899,23.388723100000004,107.15225500000001,0.14674989478800002,26.12121624,57.089999999999996,41.4037209466362,6.918335120000001,1.3175541,0.0078378359,0.1845,30.3242721,10.35425107,139.13103,0.14668071200000002,0.9926,11.40157273,166.04832000000002,13.6939686,,,,,,
ISic000404,5.32911327,6.660234330000001,106.5050063,58.596920000000004,0.024835921151999996,27.184751300000002,46.85,30.3451437121803,7.249444500000001,0.7027722,0.003110061,7.591,43.7640224,5.92065207,97.1576688,0.0221284916,5.5,9.82566534,11.6752725,11.21581945,,,,,,
ISic000404,0.1300365906,6.894684450000001,73.5108049,78.470015,0.3368753717,33.57590124,54.03,44.857633745349496,8.94098155,1.117611,0.0093325939,0.001525,76.813263,6.632424449999999,131.589348,0.0301130372,0.22249999999999998,9.1074366,18.92431947,11.10237829,,,,,,
ISic000404,161.63766149999998,5.03553613,48.1643701,51.00621000000001,0.8197245,26.2901891,38.23,24.801346408315588,2.39694399,0.6166988999999999,0.0041057627000000005,0.3361,180.259237,4.8170454000000005,76.30101719999999,0.026674627200000002,20.83,5.44595091,9.85392999,5.75578838,,,,,,
ISic000404,876.4237889999999,2.3290768500000003,81.3239501,63.148545000000006,0.4493930133,40.613123879999996,145.1,410.3280518877412,0.0439388317,1.2615777,0.0084815462,0.2826,1266.85328,4.16398825,124.8018342,0.041075060000000004,46.589999999999996,0.08365760530000001,32.68038498,9.610086840000001,,,,,,
ISic000404,538.619238,3.7326927000000003,74.9864043,60.235505,0.4610269608,40.265238579999995,57.68,237.35157791133543,0.646280265,0.9216935999999999,0.007136264000000001,1.353,341.495109,2.60503898,106.6367829,0.05404808800000001,1.633,4.193369860000001,12.806476680000001,9.23600111,,,,,,
ISic000404,1026.386178,0.717437933,17.961611360000003,67.56012000000001,0.11966090782800001,26.42934322,78.64,240.16463916743697,0.0927723238,1.0708361999999998,0.0083272486,0.1373,1357.3428,1.53977695,121.1480193,0.024659904800000004,209.0,0.1002188247,23.9732262,8.78763843,,,,,,
ISic000404,1026.386178,0.717437933,17.961611360000003,67.56012000000001,0.11966090782800001,26.42934322,78.64,240.16463916743697,0.0927723238,1.0708361999999998,0.0083272486,0.1373,1357.3428,1.53977695,121.1480193,0.024659904800000004,209.0,0.1002188247,23.9732262,8.78763843,,,,,,
ISic000404,2303.401539,0.256969671,142.7147942,68.70853,0.7790683593,33.476505440000004,84.86,330.7626237456826,0.166377322,1.0012491,0.0062369983,0.3922,2160.4372900000003,0.326049267,118.6124538,0.031941899600000004,56.33,0.07848685200000001,22.5721935,7.17380288,,,,,,
ISic000404,1164.413844,0.0501497033,102.6000871,50.1379,2.45968898,44.99647866,199.2,3339.7834350808052,0.0331932012,1.0993994999999999,0.022185101800000002,3.354,819.341472,1.62365585,108.73024980000001,0.10805900400000001,12.969999999999999,0.0165241973,53.965703999999995,5.90839375,,,,,,
ISic000404,984.874098,6.638640240000001,55.9647044,66.04758000000001,0.5196262197,32.47260786,121.5,419.4729411855828,2.96867323,1.2772971,0.011909846,7.617999999999999,443.70713500000005,5.69298077,181.780542,0.07694604000000001,7.829000000000001,3.6145910299999997,55.678077300000005,9.1023026,,,,,,
ISic000408,60.2962962,7.50240384,45.336383680000004,101.270155,0.013531187712,26.76728894,54.0,56.514226504801755,5.32962707,1.3037516999999998,0.0125631999,3.453,77.2451448,4.9440620200000005,150.183495,0.028618722800000003,31.26,5.89515239,127.90909649999999,13.253708860000001,,,,,,
ISic000408,90.3406641,6.8453265299999995,40.7574549,97.33475,0.1723882272,40.5037885,60.53,59.73783173406284,10.4062948,1.3869494999999998,0.009764145,5.266,101.4408085,8.12786541,154.864539,0.046911064,18.490000000000002,12.12226961,91.845477,13.585929400000001,,,,,,
ISic000408,0.896660928,8.01140739,50.1404285,103.931105,0.2692299477,28.75520494,68.08,30.767595975408483,7.688524330000001,1.2379986,0.009641189100000001,3.596,53.1214614,8.7234056,157.595148,0.0247825724,1.9139999999999997,10.984457070000001,74.8255242,8.20827822,,,,,,
ISic000408,3303.323766,0.6309587440000001,196.323842,48.89145500000001,1.2948101396999998,55.73122506,87.41000000000001,87.1566340080272,0.206480632,0.8388791999999999,0.0190244119,0.8917999999999999,16576.0348,1.052680195,105.2064639,0.03639510520000001,8.008000000000001,0.483632033,312.63785249999995,0.0404336706,,,,,,
ISic000413,2.324157579,9.49728644,139.2932083,80.92089,0.086089677408,24.878768739999998,57.33,49.66726192247221,8.226320000000001,1.1802968999999999,0.0054992629,3.687,78.36598090000001,5.1789229400000005,137.18059499999998,0.04311952,14.81,7.8437489199999995,74.0990628,13.19968926,,,,,,
ISic000413,9.454376219999999,6.96563646,88.5341443,81.523105,1.0211890325,27.781126099999998,49.25,16.532429904415473,10.344597400000001,0.9280196999999999,0.0045999972,3.253,56.9878318,7.532325220000001,134.31995700000002,0.0084045892,16.35,13.192208299999999,39.94499898,7.832842,,,,,,
ISic000413,96.6193662,7.5733558500000004,114.93605029999999,79.88452000000001,0.31701488,17.86142526,77.89999999999999,100.36439432198176,5.54762455,1.2500757,0.0126186506,0.6343,181.69884299999998,6.07642717,141.73161000000002,0.06189138000000001,0.5833,6.177754419999999,111.87505560000001,8.248792920000001,,,,,,
ISic000417,4.158991515,9.01296185,66.3090733,74.92675000000001,1.0114227312,35.69303178,54.44,26.157319554239542,7.712174999999999,1.006425,0.0102005179,4.993,32.216325700000006,5.81280777,93.360822,0.040405964,8.254,9.38016607,31.27416327,5.80575651,,,,,,
ISic000417,3.4901281259999997,7.41499919,57.62166718,74.19849,0.4373020617,19.402060159999998,48.34,24.63763549390119,8.47722276,0.9075078,0.0082910851,1.966,26.283092399999997,7.331015859999999,109.9655253,0.017593507600000002,9.986,8.67304396,21.134837729999997,9.785650539999999,,,,,,
ISic000417,3.3593650740000003,9.294713309999999,88.0559204,87.92339000000001,0.036889824867,30.554268920000002,63.36000000000001,21.290562335319276,7.276180039999999,1.1459826,0.0045566009999999995,9.860000000000001,20.4321223,7.515549439999999,124.3207269,0.007036659600000001,2.912,8.02639128,40.66108236,11.23337582,,,,,,
ISic000417,2029.9407119999998,0.26982329600000005,170.1887169,57.294455000000006,0.8157655625000001,52.59031778,69.3,135.2024987143858,0.07126049699999999,0.9606086999999999,0.0215655005,0.1389,10745.6305,1.097375666,103.7111304,0.05928934,118.1,0.230524276,180.26620739999998,0.035382838,,,,,,
ISic000439,899.7743340000001,0.28267692099999997,21.74458126,57.65858500000001,0.8075337752999999,29.46091512,76.36,672.4827008720868,0.0589312999,1.1016999,0.0093904555,0.019610000000000002,1854.0068700000002,2.41571232,273.320958,0.07322884,20.91,0.0371825291,61.2822081,2.6334555,,,,,,
ISic000446,54.8478357,9.1003665,211.5751312,72.896025,0.2551201653,34.18221562,66.63000000000001,60.67552009000449,6.80111006,0.9328121999999999,0.0053666634,2.7199999999999998,114.551506,5.93982439,114.94563600000001,0.014292634,38.699999999999996,7.76600251,22.317932010000003,11.24417974,,,,,,
ISic000446,94.3880919,7.78312701,88.3291552,75.65501,0.029326737866999998,23.0101277,116.89999999999999,64.8341538083877,10.4679922,1.1741625,0.0045059721,8.145999999999999,132.340923,6.51739053,128.8977477,0.025537164000000005,0.5613,2.44716081,15.67599921,13.9235519,,,,,,
ISic000446,64.0323834,10.8793082,52.49953646,75.51496,0.6090719208,24.09354192,64.99,56.636397715234224,5.18052502,0.9765197999999998,0.004315511,8.405,141.081388,7.23036118,122.3312832,0.040257276,1.3039999999999998,7.5401677,20.87019822,9.04018006,,,,,,
ISic000451,18.38466243,12.4937235,103.01757130000001,72.60192,1.5061193112,23.4574088,85.14,21.054810284821126,11.414019,0.2806488,0.0031606899,11.87,28.6481594,8.81806893,54.365124900000005,0.058657416,15.71,10.845007160000002,15.84204753,15.3010517,,,,,,
ISic000451,5.77017912,9.95898865,47.6081952,80.598775,0.46878730080000003,43.8335478,94.56,14.497172285420211,11.3214729,0.3120876,0.0038429746,7.558000000000001,18.920536,10.67418916,70.5407325,0.036963836800000004,28.540000000000003,6.50108076,9.859119,12.651390319999999,,,,,,
ISic000451,23.615184510000002,10.714781799999999,40.97511236,83.035645,1.1289621672,24.90858748,95.77,12.619281285383737,10.622235700000001,0.3625047,0.0031558681,8.091,26.067151499999998,10.89107603,76.9511622,0.05612972000000001,26.310000000000002,7.43033547,10.320940890000001,12.26109871,,,,,,
ISic000618,8.6656467,3.4416866300000004,3.5137811177,54.997635,1.61587398,40.18572194,68.88000000000001,2425.343767426135,12.0104272,1.1327553,0.0233182248,23.85,96.0011544,8.256080299999999,181.000368,0.262843212,23.97,11.71255837,18.34315035,22.323599700000003,,,,,,
ISic000618,27.73525845,4.06277379,42.83442126,57.126395,2.94399,69.53730168,69.05,3533.71307350953,13.6351254,1.1296880999999999,0.035801865,24.04,113.31755799999999,13.0371776,204.665646,0.306520312,25.669999999999998,11.09305523,28.44096381,27.4419568,,,,,,
ISic000618,0.33162962910000005,6.130664980000001,0.224744027943,35.250585,0.51666818,30.782879260000005,59.93,1768.3579410192804,10.8381766,0.8258436,0.024301872,15.33,47.7846363,9.30816136,149.013234,0.22953710000000002,20.52,8.221374339999999,18.67005798,16.3679388,,,,,,
ISic000632,13.60039521,8.50293001,95.32907859999999,83.81992500000001,0.018200241675,69.05026226,79.72,183.0802295609846,11.1466636,1.132947,0.008703349,0.0009542999999999999,71.1885167,10.21884656,346.397256,0.06148248800000001,0.2166,8.25222609,53.7581436,13.6534539,,,,,,
ISic000632,18.59222283,8.107038359999999,79.4981642,90.83643000000001,0.7380317272999999,38.63514746,76.46,59.13126541913731,7.11268193,1.1889234,0.0076160331,8.513,62.406920099999994,6.20584033,184.771209,0.055014560000000004,3.42,9.35671874,36.04805247,13.6534539,,,,,,
ISic000632,16.5529419,10.344597400000001,12.954425659999998,89.09981,0.8927251199999999,23.169160979999997,77.65,143.5770959656871,5.60315221,1.3342319999999999,0.0114156115,9.604,82.1398052,6.3616154300000005,470.184864,0.049959168,22.63,9.32463292,59.72550510000001,13.452230890000001,,,,,,
ISic000632,16.293491399999997,11.794486299999999,48.028519,97.29273500000001,0.8725409973,37.770404,58.55,58.37244245342188,17.038765299999998,1.2477753,0.0081898273,5.745,38.272953799999996,10.94619645,505.68278100000003,0.049736136,6.263,3.8836182900000003,22.006591410000002,18.2046052,,,,,,
ISic000634,3.1435022580000003,7.97541724,32.82246968,69.45079500000001,0.4822986357,13.269339299999999,67.33,149.6618729148483,7.76975924,1.0052748,0.0052027222,9.245000000000001,27.2805337,11.17626429,292.435221,0.046762376,13.18,8.48669939,20.76641802,11.16990279,,,,,,
ISic000634,0.4466699808,9.99395051,69.7678377,46.83272,0.5553181368,21.230942879999997,45.39,119.81698495226928,7.7533066,0.7397703,0.0075316516,8.290000000000001,22.9000183,6.89844039,187.24176,0.0344287064,0.1219,6.51835774,22.06885953,8.011106680000001,,,,,,
ISic000634,6.95846241,5.39646592,29.4593143,46.258515,0.061160679552000004,26.051639180000002,39.35,117.04490506971271,5.63811407,0.8030313,0.0060344827,7.686999999999999,21.3678662,5.63426554,186.981702,0.05118584400000001,1.0839999999999999,8.703895710000001,29.644814129999997,12.034216390000001,,,,,,
ISic000635,92.2087077,7.89212575,53.26811176,66.04758000000001,1.0591829528,46.84524054,97.44,1096.3222145841517,10.560538300000001,1.9438379999999997,0.0207650817,8.158999999999999,106.325186,12.4140772,434.68694700000003,0.173667584,16.41,9.477657599999999,120.4888122,25.7673492,,,,,,
ISic000635,13.81833363,5.63400091,63.1968414,82.51746,1.4077729512,39.44025344,93.51,630.97160355284,7.351245209999999,1.9706759999999997,0.016056594,12.41,64.576612,15.1101847,488.258895,0.131997772,11.33,8.11401025,134.6548095,32.2361963,,,,,,
ISic000635,2.417559759,6.19133409,98.36792540000002,76.957475,0.0023928126057500003,50.7415559,101.8,534.760937798221,12.442309,1.6626140999999999,0.0226913908,7.23,51.9697766,13.6003645,474.735879,0.12686803600000002,11.770000000000001,10.02558468,125.7297123,28.495339,,,,,,
ISic000636,3.235347735,8.77748344,0.341444579567,75.24886500000001,0.081674306763,33.814451160000004,81.18,2237.109802443598,14.2109678,1.6731576,0.055691790000000005,9.157,22.8383209,12.8334717,387.096333,0.338971468,39.54,11.65579115,37.070287439999994,22.6747271,,,,,,
ISic000636,3.0521756819999997,4.25095086,6.582695300000001,79.086235,1.9491999800000002,29.21242562,68.37,853.7130777081004,13.593993799999998,1.5150051,0.031486354,14.559999999999999,19.4243981,11.09238539,377.344158,0.192885508,31.54,13.1058234,28.23859242,23.9847024,,,,,,
ISic000636,6.21124497,9.21759156,97.1233568,71.28545000000001,0.026302483067,22.29447794,65.67999999999999,1518.18767348518,12.1132562,1.4479100999999999,0.041419262,10.79,32.7099049,10.99532552,360.700446,0.3168913,60.25,13.389659499999999,38.16516855,22.971834899999998,,,,,,
ISic000636,1.6163766149999999,4.6684366,82.8148615,91.830785,0.08021794970700001,31.518408179999998,56.0,321.9617290567866,10.17184468,1.3608783,0.0084767244,7.653,21.7688993,9.47591916,378.38439,0.124265996,1.738,10.93139206,31.21708416,21.8239184,,,,,,
ISic000636,15.74864535,7.9507382799999995,20.657019260000002,87.40520500000001,0.09099197534699999,36.61741272,69.42,684.1157330569713,10.5399725,1.5577541999999998,0.020179233,11.04,27.0337441,11.882045320000001,395.548218,0.23652543600000003,5.521,14.0560573,46.06803078,17.7589435,,,,,,
ISic000636,1.4996238899999998,5.22268491,57.326669679999995,88.28752,0.9347549232,17.10601718,59.620000000000005,178.1316931566641,6.05559981,1.315062,0.0059886756,12.27,14.838224700000001,12.6896793,391.38729,0.39104944,4.665,13.204549,18.30682728,21.1891881,,,,,,
ISic000636,5.021923878,10.11631702,1.0893573672,88.03543000000002,0.132515036843,40.275178159999996,65.94,344.00905219114304,14.0464414,1.5046533,0.014436469200000001,8.671999999999999,29.4913572,13.0731257,387.356391,0.10909982,27.82,11.769325590000001,36.634410599999995,20.2708549,,,,,,
ISic000636,8.286848970000001,7.73171251,29.780379699999997,78.70810000000002,0.9800777448000001,25.76339136,72.24,506.5744366023503,9.807830019999999,1.3693130999999998,0.0168811218,8.219999999999999,33.697063299999996,10.45610402,364.601316,0.150100536,0.37510000000000004,13.8339247,39.71149353,22.6747271,,,,,,
ISic000636,4.370184222,8.80627556,44.3255015,58.06473000000001,0.3796002672,27.92028022,54.69,399.84209868614477,11.599111200000001,0.9880217999999998,0.018371058,10.84,22.4578536,7.5826525600000005,279.56235,0.109211336,27.209999999999997,11.91000957,25.83608079,18.5422277,,,,,,
ISic000636,0.03382715619,11.784203399999999,29.3019863,51.5384,0.00786363502848,31.190402040000002,38.77,81.736321967392,6.83915679,0.8626499999999999,0.0074400374,2.9730000000000003,19.4758126,4.46475402,225.990402,0.061222284,15.16,7.32667359,17.76198123,7.068464659999999,,,,,,
ISic000636,3.9965755020000002,8.04636925,42.333835199999996,88.70767000000001,0.10576840579199999,41.67665894,71.41,763.866086642768,8.01757713,1.6097048999999999,0.016779864,3.9949999999999997,22.9514328,8.72939695,418.953438,0.40666168,13.59,9.055605660000001,54.4327149,19.2444825,,,,,,
ISic000636,27.309759630000002,8.32195097,63.3290068,88.25951,0.32409424319999997,28.63592998,58.8,305.01481744840885,10.519406700000001,1.3524435,0.010186052499999999,0.6409,25.6352697,8.80368969,389.566884,0.23630240400000002,6.301,14.0066945,42.17627328,18.4747032,,,,,,
ISic000652,42.49280289,9.9024327,59.35476646,71.29945500000001,0.00036380561567000004,37.38276038,97.75,149.32089916962795,7.852022439999999,1.0223361,0.07003664500000001,5.543,112.289268,7.70847091,178.789875,0.05520042000000001,2.638,6.724447430000001,62.3719002,9.183332,,,,,,
ISic000652,4.419998718,7.69777894,60.723183899999995,83.707885,0.0009528558489407999,28.685627880000002,59.4,74.85264685658389,10.899874,1.0760121,0.0070036645,3.364,35.3011957,4.960837799999999,141.34152300000002,0.039030600000000006,14.89,9.181480800000001,37.97836419,10.378515649999999,,,,,,
ISic000652,9.81760692,9.74510433,12.60485606,93.03521500000001,0.3986064117,27.70160946,67.33,80.87582144675457,8.34560164,1.1432988,0.0075388843,4.375,36.9464597,7.1536719,198.294225,0.05334182,13.23,9.900943609999999,34.330490160000004,14.099115600000001,,,,,,
ISic000652,1.33357557,6.27051242,43.585984800000006,58.31682000000001,0.027073614848,16.39036742,43.59,151.07488954101223,5.7789898,0.9377963999999999,0.007249576299999999,0.7488,21.7688993,5.77446313,126.5312199,0.043937304,0.2614,8.56567987,25.59738633,9.0212732,,,,,,
ISic000725,0.33432791430000003,13.3060726,28.591331560000004,42.15505,0.01304320519383,49.876812439999995,54.45,19.985563603075352,8.352799670000001,0.47963339999999993,0.0063189689,4.757000000000001,30.879548699999997,7.654548760000001,47.980701,0.029692993600000002,27.04,9.618341580000001,15.86280357,11.002442030000001,,,,,,
ISic000725,6.15416586,7.43659328,169.66269699999998,38.653800000000004,1.1465287925,41.875450539999996,60.4,19.02857299617367,9.470550900000001,0.43381709999999996,0.007823370500000001,2.031,23.239354,10.50523309,46.550382,0.00019429804400000002,14.77,13.4883851,25.10443038,9.735682409999999,,,,,,
ISic000725,6.14897685,5.96613858,52.746952560000004,38.261660000000006,0.5426850933,29.60006924,65.1,24.941905687497915,7.647392729999999,0.4897935,0.0053980051000000005,5.706,41.8925346,7.05421549,43.676741099999994,0.0037766752,30.16,8.986497739999999,16.111876050000003,13.299625520000001,,,,,,
ISic000728,4.489531452,13.8202176,30.5931829,72.34983,0.039189697042999995,407.8209674,64.17999999999999,91.2590267479516,13.7173886,0.9790119,0.005009850200000001,7.951999999999999,70.1910754,11.581279550000001,286.193829,0.041372436,20.360000000000003,11.47931914,39.83084076,9.43047167,,,,,,
ISic000728,8.17269075,12.5348551,8.1390601,73.6663,0.132849834075,406.3300304,65.89,94.01818213206755,7.003683189999999,0.9956898,0.005475153900000001,11.69,73.90320229999999,7.55988543,290.614815,0.044755088000000005,32.78,10.20946111,60.9708675,15.0714684,,,,,,
ISic000728,0.1522974435,6.23657885,32.4936066,73.96040500000001,0.12691579687500001,397.4838042,65.05,44.49259234128428,8.89779337,0.8611164,0.0057596401,0.022090000000000002,83.8364837,8.70543155,301.277193,0.0189800232,8.401,6.03830451,35.05176255,8.35413114,,,,,,
ISic000728,3.220818507,6.37436971,28.245714860000003,58.050725,0.00186440101575,419.8478592,62.6,69.09707695109873,6.91113709,0.7942130999999999,0.0057958036,4.838,69.4404237,10.87430025,253.426521,0.0142108556,7.1690000000000005,6.360396779999999,51.56838138,10.28263086,,,,,,
ISic000728,12.55221519,10.9615714,5.6325761648,70.10903000000002,0.2901095925,427.2031484,59.63,45.803038226656696,9.07465925,0.908658,0.0059766211,2.231,42.0056465,7.17883557,280.99266900000003,0.0329641296,15.45,8.764365139999999,22.914668159999998,11.59530714,,,,,,
ISic000728,59.102823900000004,8.04945412,45.819811179999995,72.18177,0.117836279988,447.9768706,64.88,44.67498500879151,7.97747382,0.8950473,0.0031148828,6.24,115.888283,8.44301042,293.605482,0.031369450800000004,12.639999999999999,7.55127433,28.4876649,13.8290176,,,,,,
ISic000729,5.22014406,7.70909013,129.1797903,81.59313,0.7670632473,26.67783272,56.669999999999995,68.65294656181557,7.7008638099999995,1.2981924,0.006588989700000001,2.162,40.8025472,8.74377619,121.5641121,0.076908868,16.48,10.5266171,63.7729329,14.85539,,,,,,
ISic000729,1.1664894479999999,7.437621569999999,126.8846639,67.04193500000001,0.043639051883,28.983815279999998,38.01,23.396193721928633,8.398044429999999,1.0497492,0.0029533525,0.05219,19.4758126,7.1404909299999995,99.3941676,0.018522807600000003,5.194,8.27197121,20.3928093,9.91394709,,,,,,
ISic000729,0.2880419451,9.7173405,20.669438160000002,74.296525,0.8148155477,12.185925079999999,48.260000000000005,19.985563603075352,9.230959330000001,0.9816956999999998,0.004677146,2.585,15.7122712,7.95171972,85.23400950000001,0.018768142800000002,9.606,10.74998377,23.744909760000002,8.02056011,,,,,,
ISic000827,34.69890987,10.0463933,24.1936315,86.676945,3.06409908,38.93333486,56.32,1644.8385248196041,7.97438895,1.4275898999999999,0.046313389,9.24,44.9671217,10.32189778,632.070969,0.074790064,32.580000000000005,14.6607516,42.02060298,16.7325711,,,,,,
ISic000827,57.2347803,7.254585949999999,33.5313412,96.88659,4.27840952,15.61508018,70.77,1463.6275707286998,7.071550329999999,1.483758,0.056270406,9.632,40.0827442,11.58008128,695.135034,0.083525484,31.66,12.5011291,45.995384640000005,12.03961835,,,,,,
ISic000827,55.0553961,5.39543763,46.7747649,95.30402500000001,2.0824066200000004,36.84602306,63.2,1912.0831984003476,7.53325254,1.4536611,0.053063909000000006,10.469999999999999,66.8902645,9.265023639999999,717.239964,0.089658864,30.32,11.8347313,63.7210428,14.6933312,,,,,,
ISic000832,0.9968088209999999,5.50957782,39.88112618,89.786055,0.8626955337,29.4708547,52.59,7.682630079950303,10.3240316,1.0459151999999998,0.004223896800000001,0.022539999999999998,20.6583461,4.72597688,125.5169937,0.010943436800000001,4.24,7.82276973,5.1251851770000005,11.768169859999999,,,,,,
ISic000832,6.49145151,5.65456671,38.6485008,87.517245,0.7110938408,25.5944185,55.75,9.511860913851732,6.92553315,1.0110257999999999,0.0033607946,7.148,17.9642263,5.611498409999999,111.3958443,0.027507280000000002,12.04,8.62491523,9.48032127,7.2413273799999995,,,,,,
ISic000832,38.51283222,8.2366029,34.06348876,104.08516,0.4610269608,46.73590516,67.23,28.113496608266068,6.77128965,1.2726963,0.0070567043,5.694,85.67712279999999,3.8692138299999996,147.452886,0.028220982400000004,0.7956,12.5011291,70.93376669999999,11.02404987,,,,,,
ISic000832,91.11901560000001,7.14970037,103.3656398,104.72939000000001,0.18093296479999998,37.64118946,66.52,67.01767069537823,6.23863543,1.186623,0.008628611100000001,2.617,133.883358,7.00149161,160.71584399999998,0.064344732,5.694,8.26209865,94.6994325,11.08482192,,,,,,
ISic000833,1.217341746,10.9512885,40.731852700000005,136.46472000000003,0.73440612,26.41940364,70.3,14.775557314646552,10.4062948,1.6789086,0.004942345,2.675,36.9464597,7.11053418,203.495385,0.051334532,25.43,8.62491523,25.976184059999998,11.72495418,,,,,,
ISic000833,3.675894684,7.42014064,73.7788797,110.91960000000002,1.2276466712999998,34.013242760000004,59.379999999999995,10.259957263823313,4.45969373,1.3407498,0.0030570212,7.103,37.9644668,11.00730822,126.9343098,0.0105456964,6.075,12.9453943,27.54326508,6.72003824,,,,,,
ISic000833,0.6065952689999999,5.41703172,98.64476020000001,97.74089500000001,0.7923465753000001,35.37496522,48.35,7.126440883203972,5.98567609,1.1212533,0.0038019893,0.1526,25.285651100000003,7.99485744,112.0069806,0.0153111468,11.19,11.02764952,26.188933470000002,7.1008764200000005,,,,,,
ISic000841,0.1158187032,9.20113892,759.8738206999999,65.865515,0.9946240857,19.32254352,48.099999999999994,64.09646578386213,7.381065619999999,0.9535157999999999,0.003833331,2.246,11.4654335,8.710224629999999,999.142836,0.063824324,1.137,4.77831904,10.04073435,9.06313839,,,,,,
ISic000841,0.2995096572,11.1672294,398.2103164,62.57434,0.063509425707,5.822605964,53.019999999999996,193.16175603272916,9.6967747,1.1444489999999998,0.0068059706999999995,3.561,28.4733501,12.1264924,904.741782,0.045833076,5.721,7.45748501,13.610773230000001,11.07266751,,,,,,
ISic000841,0.0798588639,11.1672294,170.5646254,59.843365000000006,0.0024698111547199995,36.31922532,41.19,153.91859988551624,6.9317028899999995,1.1929490999999999,0.0057427638,0.06029,15.3832184,7.69768648,868.983807,0.07809837200000001,0.3307,5.923536,21.041435550000003,6.59174169,,,,,,
ISic000846,0.9859119000000001,10.6839331,97.8145438,92.57305000000001,0.7378740768,39.94717202,58.589999999999996,46.75524554069447,8.266423309999999,1.4576867999999998,0.0028086985000000003,9.054,24.041420199999997,8.92231842,124.87985160000001,0.023912747600000003,1.9700000000000002,8.38180344,12.96214698,11.55074097,,,,,,
ISic000846,6.63155478,5.6041805,95.81175449999999,84.772265,0.2486826825,45.60279304,57.19,74.90363234611458,8.28390424,1.1814471,0.0041636243,1.3760000000000001,35.3628931,9.68441814,124.2167037,0.044160336,4.424,8.32256808,16.92655062,11.361672369999999,,,,,,
ISic000846,15.23493336,8.942009839999999,47.963837299999994,54.675520000000006,0.12959345770699998,20.14752866,40.519999999999996,37.314192385043356,7.665901949999999,0.8452052999999999,0.0025917175,5.113,22.6532287,3.3911041,84.16777169999999,0.026893942,2.699,7.06875296,5.83763625,6.5836387499999995,,,,,,
ISic000856,2.655216417,9.41091008,111.1313885,64.549045,0.3556795977,30.93197296,57.59,76.0800772724844,9.64330362,0.966168,0.0039345887999999996,2.417,22.3550246,7.72524669,404.910306,0.040480308000000007,5.1209999999999996,7.62285039,9.00812136,11.47781451,,,,,,
ISic000856,5.61969783,10.622235700000001,95.26014890000002,68.26037000000001,0.4478424153,26.12121624,50.23,144.7178865855054,9.44073049,0.9786285,0.0074834336000000005,0.05227,25.501592000000002,7.535920030000001,433.386657,0.055126076,7.258,13.192208299999999,12.801287669999999,15.179507599999999,,,,,,
ISic000856,14.965104839999999,9.871584,101.4878519,65.96355,0.23244668370000002,32.19429962,86.82,156.85554645340443,7.84276783,0.7328690999999999,0.013780704400000001,3.9400000000000004,34.4888466,9.89411539,492.80991,0.087763092,32.24,9.45421027,53.2392426,19.5280854,,,,,,
ISic000870,0.1857146679,7.34816034,49.226212700000005,73.58227000000001,0.3291747417,39.91735328,52.15,84.32193420325333,11.825335,1.5282323999999998,0.0047591166,12.04,18.745726700000002,11.91679515,400.35929100000004,0.05025654400000001,15.840000000000002,9.95647676,8.6137566,24.930045399999997,,,,,,
ISic000870,23.10666153,9.43867391,32.689640059999995,78.73611000000001,0.135589338675,19.05417486,46.97,79.21791557273636,10.694215999999999,1.5405011999999998,0.0059115268,9.882,20.3395762,9.63768561,398.40885599999996,0.04613045200000001,1.602,7.69442645,6.123031800000001,11.65742968,,,,,,
ISic000870,18.50400966,10.930722699999999,1.1561535597,68.442435,0.7081032693,31.46871028,56.150000000000006,69.14649317453842,11.2700584,1.3348071,0.0040454902,8.252,22.3755904,10.313509889999999,360.83047500000004,0.060850564,13.45,8.632319650000001,7.06743162,10.132726470000001,,,,,,
ISic000879,0.050131025610000005,9.69368983,37.74939456,64.324965,0.8750826356999999,30.564208500000003,115.0,171.0654628392026,7.83454151,0.6236000999999999,0.008182594599999999,13.1,54.6227648,9.73234894,174.758976,0.05902913600000001,37.540000000000006,7.4661235,47.23555803,9.74783682,,,,,,
ISic000879,10.80870783,10.7250647,0.28345203317199996,66.69181,1.0356078425,31.74701852,117.5,80.77070520467505,6.7784876800000005,0.5260248,0.0075099534999999995,3.295,51.126578800000004,9.05772293,167.47735200000002,0.049141383999999996,28.87,13.8092433,25.488417119999998,19.2985021,,,,,,
ISic000879,10.36245297,9.46335287,53.711399,69.46480000000001,0.18078034169999999,27.99979686,134.20000000000002,116.43266939552716,8.68082418,0.5841099,0.0105790292,5.917000000000001,80.2477516,11.35360825,263.048667,0.05482870000000001,2.059,10.68087585,51.9419901,14.504262599999999,,,,,,
ISic000879,0.865007967,8.08544427,42.147812959999996,61.103815000000004,0.039189697042999995,33.46656586,106.7,502.5513720598199,7.66178879,0.5823845999999999,0.0078450686,4.714,57.563674199999994,6.952362539999999,169.557816,0.08348831200000001,6.63,8.53359405,68.5468221,12.06392717,,,,,,
ISic000879,1.4985860880000001,14.015592700000001,113.1019921,58.65294000000001,1.9005205799999998,49.04188772,149.5,3144.4246953190786,11.9898614,0.7518473999999999,0.0151211648,6.024,83.1166807,14.8465653,213.507618,0.075793708,3.9040000000000004,9.81455871,62.0605596,19.717154,,,,,,
ISic000879,44.15328609,9.9435643,1.7371706992,61.35590500000001,2.38402878,34.87798622,123.9,1786.4836849473372,9.893178090000001,0.7832862,0.012953765700000001,4.968,66.65375780000001,13.9957936,173.978802,0.085272568,0.6991,13.389659499999999,59.829285299999995,18.2721297,,,,,,
ISic000892,10.85540892,11.712223100000001,19.187078899999996,71.66358500000001,1.1379851448,45.871161699999995,113.5,76.85122615310287,8.55640109,0.4988034,0.0094483171,9.004000000000001,34.1495109,8.33756266,155.124597,0.055572140000000006,56.629999999999995,8.57925464,26.42243892,15.544139900000001,,,,,,
ISic000892,21.793841999999998,9.4088535,49.17437806,63.77877000000001,1.0264746128,32.47260786,108.7,39.50300432989414,12.0412759,0.47484089999999995,0.0081416093,2.166,27.1057244,9.69640084,133.019667,0.029763620400000003,48.66,8.328738430000001,23.03401539,7.98544737,,,,,,
ISic000892,1.3823522639999999,12.4731577,10.633755599999999,77.86780000000002,0.0013393278586688,22.99024854,123.39999999999999,46.12914850291349,12.925605299999999,0.49842,0.01157232,0.9961000000000001,31.506805600000003,10.904257000000001,161.496018,0.0340569864,13.58,7.71663971,17.040708839999997,13.31042944,,,,,,
ISic000892,4.091015484,11.3728874,20.669438160000002,64.87116,0.1667450057,38.2176851,93.73,57.03412497453708,9.81194318,0.5404023,0.0100124677,1.9429999999999998,43.075068099999996,9.595746160000001,143.812074,0.048844008,54.99,8.760662929999999,28.40982975,11.44540275,,,,,,
ISic000892,0.7565576580000001,11.105532,0.8679598088,77.097525,0.1681175048,22.513148700000002,96.97,28.794824364463082,10.663367299999999,0.2449926,0.0086382547,0.09479,27.187987599999996,8.13864984,153.824307,0.014199704,36.66,10.05273422,16.6567221,11.800581619999999,,,,,,
ISic000903,1.1898399929999999,10.7250647,27.28522676,87.22314000000001,0.2425540425,39.89747412,60.58,60.252883885774075,12.4731577,1.5458687999999998,0.010776723,4.04,28.781837099999997,9.66884063,170.46801900000003,0.038175644,6.163,9.3295692,17.08222092,14.9634292,,,,,,
ISic000903,0.07108943699999999,9.80577344,76.5994611,84.96833500000001,0.5976510197,35.11653614,76.07,71.5679516153965,9.50345618,1.257552,0.017703238700000002,4.816,32.185477,6.7222947,177.359556,0.022377544000000003,0.4671,9.70225834,19.11112383,14.5177675,,,,,,
ISic000903,21.46693437,9.57235161,52.12857476,84.64622000000001,0.2894951157,30.27596068,58.81,57.40216848732215,6.357917069999999,1.0871307,0.0115337456,6.586,33.7793265,6.565321330000001,185.421354,0.0093227376,6.341,5.83344889,15.458060790000001,11.09157437,,,,,,
ISic000905,12.578160239999999,7.938398800000001,41.7566895,40.95062,1.2121068057000002,47.09373004,126.30000000000001,38.83136917124898,13.984744,0.226206,0.0066372077,13.81,22.0671034,6.68514833,64.2733347,0.024198972,42.9,12.6245361,22.17263973,24.6194327,,,,,,
ISic000905,46.8567603,10.26130591,94.36460880000001,42.337115000000004,0.3257875733,31.91599138,107.89999999999999,43.65409812984857,11.0129859,0.2256309,0.005569179,20.81,26.9926125,9.89531366,65.2095435,0.026343796400000005,29.64,12.612195400000001,20.74566198,13.334738260000002,,,,,,
ISic000905,21.046624559999998,9.671067449999999,86.07783910000002,42.35112,1.8385833199999997,43.71427284,114.2,42.91796486975063,14.015592700000001,0.12772971,0.0048193891,7.353,41.5017844,7.30465392,60.7365459,0.044197508,1.277,11.759453030000001,23.62556253,20.0547765,,,,,,
ISic000905,75.240645,10.560538300000001,0.325097928463,40.824575,3.52208052,35.90176296,129.8,4069.417429010209,12.3703287,0.32780699999999996,0.0144316474,9.088,144.166258,11.994682699999998,67.3160133,0.08103496000000002,59.75,11.49536205,43.525415880000004,14.5717871,,,,,,
ISic000909,1.8462497580000001,4.63655961,115.0772997,70.627215,0.2512880328,36.43850028,94.4,55.601038349085236,13.2340923,0.4303665,0.0032667695000000003,6.066999999999999,33.6148001,9.66404755,167.47735200000002,0.039625352,5.96,9.91328431,30.070312949999998,16.1113457,,,,,,
ISic000909,0.548997258,11.4243019,91.82131389999999,74.49259500000001,0.34165152000000004,29.252183940000002,85.64,66.44891456781338,9.722481949999999,0.4926689999999999,0.005817501700000001,8.046000000000001,32.7510365,8.57721666,157.07503200000002,0.028280457600000003,4.7700000000000005,8.29788668,22.13112765,6.50801131,,,,,,
ISic000909,1.5598164060000002,6.98106081,5.0320796157,74.324535,0.30440249280000004,29.13290898,104.0,71.10105069853317,12.6274012,0.4073625,0.005593288,9.911000000000001,38.931059399999995,8.18178756,177.749643,0.042822144,23.75,11.13624768,27.78195954,12.08418452,,,,,,
ISic000909,6.55371963,10.10603412,28.792501159999997,78.133895,1.3870209353,58.20618048,112.9,107.39440588492387,7.78724017,0.448578,0.0061911912000000005,8.726,52.288546499999995,11.122342139999999,190.492485,0.080811928,36.16,10.256355769999999,41.278574549999995,12.532547200000002,,,,,,
ISic000934,0.4451132778,5.41497514,38.017088699999995,73.26015500000001,0.7556974424999999,31.677441459999997,113.5,66.0923635037916,10.385729,0.6356771999999999,0.035994737,4.617999999999999,30.9823777,9.48790186,138.480885,0.06843365200000001,17.86,10.96347788,24.53363928,13.31448091,,,,,,
ISic000934,7.09856568,9.181601409999999,95.32907859999999,79.49238000000001,0.073696266987,23.83511284,104.9,80.26341585838962,10.7456305,0.6272424,0.033800817999999996,5.53,42.5609231,10.19368289,136.400421,0.05185494,11.94,10.82402797,38.23262568,6.4945064100000005,,,,,,
ISic000934,13.09187223,9.614511499999999,81.52708520000002,77.61571,0.2542003737,11.11245044,112.5,142.9970497867042,8.535835290000001,0.6452622,0.043058674000000005,4.112,63.1678547,6.6432088799999995,141.991668,0.064381904,17.94,13.821584,38.92276401,13.23075053,,,,,,
ISic000934,41.93757882,10.8895911,28.0509927,65.34733000000001,2.3171929199999997,40.97094876,120.8,6080.282820439857,7.15998327,1.7003789999999999,0.061333296,7.992000000000001,67.2604489,29.525372800000003,161.496018,0.306222936,72.84,21.6209064,79.8069738,47.1456059,,,,,,
ISic000934,0.735801618,10.4371435,24.43092668,71.80363500000001,0.3780559832,40.83179464,99.38,735.0214782806576,14.848507600000001,0.8915966999999999,0.063430779,13.81,39.6611453,19.052493,159.805641,0.10701818800000001,37.95,17.264639300000002,38.549155289999995,22.823280999999998,,,,,,
ISic000934,2.200659141,5.95071423,118.545407,73.21814,2.2318174200000005,32.67139946,114.3,788.2411667686121,10.12659992,1.5017778,0.060610026,16.63,45.4298522,23.042732100000002,169.947903,0.239908088,29.9,20.7200353,52.201440600000005,26.6856824,,,,,,
ISic000934,129.9847005,10.704498899999999,22.80905968,74.828715,1.64233398,36.56771482,99.25,776.2547763392236,7.65253418,0.9354959999999999,0.066010442,13.370000000000001,48.504439299999994,19.0884411,162.53625,0.11036366800000001,36.97,16.7586706,39.41571996,24.4573739,,,,,,
ISic000934,4.00591572,14.7868102,6.75273118,72.71396,0.8595207256999999,44.45974134,108.4,87.5543548384706,10.14613743,0.609606,0.048820724999999995,5.4879999999999995,43.7743053,13.2049354,144.33219000000003,0.06858234,11.0,12.908372199999999,29.35422957,12.18006931,,,,,,
ISic000934,311.44438019999996,4.079226429999999,31.30599368,74.36655,0.17498170130000001,25.36580816,114.7,516.2937466758813,4.16663108,0.4851926999999999,0.04026203,4.4830000000000005,44.4529767,8.554449530000001,143.55201599999998,0.05980974800000001,0.4051,10.80428285,46.566175740000006,13.08759859,,,,,,
ISic000934,136.4190729,7.73068422,215.34527680000002,83.67987500000001,0.4228970592,23.417650480000002,107.89999999999999,87.39156174919682,3.6442597599999997,0.7321023,0.048314436,5.033,229.71998599999998,9.08168833,152.393988,0.06467928,17.08,16.9314404,35.77303494,8.926738899999998,,,,,,
ISic000934,1.79020845,9.83867872,106.08572210000001,76.29924,0.026604883347,37.4225187,106.89999999999999,69.85629578344134,9.15280929,0.6791931,0.037441277,9.944,37.1315519,9.380057560000001,139.521117,0.03308308,27.38,14.4509597,25.99175109,8.52969484,,,,,,
ISic000934,11.89321092,9.013990139999999,6.1881505,75.59899,0.5768622552,40.91131128,115.4,506.977605067553,3.1095489599999997,0.8561322,0.033101657,11.590000000000002,31.8564242,19.9272301,229.631214,0.06029298400000001,44.86,19.6710758,37.01320833,28.846466399999997,,,,,,
ISic000944,44.95239363,6.5183303100000005,35.1227063,52.336685,0.050360779427,38.07853098,133.29999999999998,1141.7255370260677,8.69213537,0.8066736,0.027532478,14.25,95.528141,10.49924174,167.08726499999997,0.20281043200000004,34.93,10.4155508,65.7447567,15.9898016,,,,,,
ISic000951,0.7332071130000001,7.8972672,63.2629211,84.59020000000001,0.031610421247999995,28.08925308,55.85,43.807413762285,6.570773099999999,1.0004822999999998,0.0095785057,10.1,65.0290596,8.02241765,156.94500299999999,0.0165266712,9.716,9.29624931,14.36836869,13.910046999999999,,,,,,
ISic000951,5.010508056,8.73121039,160.3933622,77.405635,0.140201862528,34.64937588,54.27,64.32063922958922,8.73635184,1.1425319999999999,0.013045379900000001,5.537,58.53026679999999,6.008125779999999,143.0319,0.0213255764,4.6160000000000005,6.96632515,16.23641229,13.28612062,,,,,,
ISic000951,2.719560141,7.79340991,69.7678377,91.270585,0.088183978932,35.29544858,57.559999999999995,65.49436797795794,4.93167884,1.1599766999999999,0.010752614,3.129,64.5971778,6.7822082,164.616714,0.048360772,7.818999999999999,5.95191961,20.82349713,10.09761373,,,,,,
ISic000951,1.726902528,9.74510433,69.23466409999999,77.78377,0.127387398852,17.006621380000002,52.169999999999995,110.2863163695001,6.2931348,1.5817166999999999,0.0177755657,7.006,55.003232100000005,9.551410169999999,155.254626,0.06601747200000001,0.1192,10.16997087,27.97914192,12.76753246,,,,,,
ISic000968,2.265002865,9.2443271,31.21132868,85.76662000000002,1.0405769472000002,33.347290900000004,58.07,14.775557314646552,5.96511029,0.9715355999999998,0.00220549132,5.8660000000000005,15.1569946,6.08002198,145.112364,0.019106408000000002,11.83,7.66110656,4.802428755,12.70000796,,,,,,
ISic000968,0.39794517690000003,8.038142930000001,83.90098469999998,84.75826,0.2329059768,29.30188184,55.220000000000006,23.03975402091549,8.2571687,0.9575415,0.0022660049099999997,8.834,19.681470599999997,7.66054011,147.58291499999999,0.0181473704,16.68,5.41509916,6.49145151,10.49870926,,,,,,
ISic000968,4.451651679,11.4037361,73.9799988,82.99363000000001,0.40633854169999994,34.947563280000004,59.910000000000004,17.759593110610417,9.63302072,1.1118599999999998,0.0007859534000000001,5.534,20.7817409,8.22852009,153.824307,0.0186529096,3.123,6.40729144,3.632307,12.25839773,,,,,,
ISic000972,6.93251736,3.53628931,18.499784660000003,74.36655,0.19436928,31.10094582,103.0,145.03174181553226,11.5579796,0.4782914999999999,0.0101426563,2.068,50.396492900000005,8.07034845,150.313524,0.060069952,13.950000000000001,9.30735594,25.07329632,10.68777786,,,,,,
ISic000972,21.86129913,7.78209872,68.36907599999999,75.12282,1.1391133257000001,36.23970868,105.3,122.70030626551389,9.43044759,0.3991194,0.0143400332,2.008,44.7511808,7.47600653,143.94210299999997,0.037112524800000005,30.96,8.67304396,27.0866322,14.8418851,,,,,,
ISic000972,0.4020444948,6.740440949999999,39.510465,72.896025,1.1771892824999999,31.071127080000004,93.62,103.3887654720373,10.663367299999999,0.45969659999999996,0.0127126757,3.881,41.5634818,9.19911879,116.9740884,0.044532056,28.36,9.22960953,21.24380694,16.489482900000002,,,,,,
ISic000972,13.18527441,12.6788157,10.548196700000002,57.840650000000004,2.00810778,30.92203338,107.0,1651.3792364109559,7.477724879999999,0.9318536999999999,0.026351137,9.149,99.5281891,16.1406969,120.3418395,0.189279824,66.03,10.80181471,56.560209,49.8465859,,,,,,
ISic000972,34.10217372,5.26587309,18.93312736,72.79799000000001,2.140005,30.47475228,108.5,276.0287351133122,7.093144419999999,0.3717063,0.015596112100000002,9.362,42.3141335,9.91688252,146.802741,0.06887971600000001,23.87,11.46697844,32.830866269999994,23.431001499999997,,,,,,
ISic000972,1.599771783,9.28443041,131.62509409999998,73.94640000000001,2.768535,27.2344492,128.3,622.0233452511568,6.39493551,0.6266673,0.03519914,12.639999999999999,55.805298300000004,14.1994995,156.424887,0.17136292,3.943,11.01037254,45.63215394,43.620827,,,,,,
ISic000974,6.13340982,4.11830145,52.8381277,75.68302,1.1999752632,34.50028218,100.69999999999999,52.56678994276639,13.1209804,0.38800080000000003,0.0121461142,3.1990000000000003,41.2241461,18.3095656,119.9387496,0.062188756000000005,36.739999999999995,11.816220249999999,34.95836037,6.72679069,,,,,,
ISic000974,1.867524699,13.5528622,50.0366277,63.946830000000006,0.4945767288,47.15336752,103.7,69.01474698021654,12.5040064,0.4297914,0.014781227899999999,0.3931,66.016218,8.93430112,113.4503025,0.043788616,34.77,19.3008548,50.60322552,13.9370568,,,,,,
ISic000974,7.03629756,17.9128118,124.4528241,76.80342,0.3593812425,32.055145499999995,104.6,40.476808794736016,18.5400687,0.5131808999999999,0.0163676001,4.523,35.3834589,5.20288834,114.6075606,0.0334585172,4.218999999999999,15.6850297,41.714451389999994,14.8418851,,,,,,
ISic000974,25.0110282,15.558027699999998,57.42498868,66.41171000000001,0.5514180692999999,52.19273458,100.0,261.7547979547186,17.7996999,0.5894775,0.015268229700000002,11.879999999999999,89.6463222,9.99596834,115.8298332,0.054345464,25.07,14.4879818,75.0849747,9.153621220000002,,,,,,
ISic000975,3.616221069,11.0849662,32.70228936,77.08352000000001,0.2729127093,27.00583886,87.3,11.359994179448273,11.8767495,0.2628207,0.0031896207,9.764,19.640339,9.463936460000001,140.95143599999997,0.044532056,19.5,10.05273422,14.596685130000001,18.0560513,,,,,,
ISic000975,2.0091846720000004,11.002703,24.712046179999998,72.06972999999999,0.6578116853,39.86765538,102.2,10.958642071714884,10.3343145,0.26857169999999997,0.003327042,5.489,23.1262421,8.422639830000001,146.022567,0.055311936000000006,35.83,9.37029351,15.48919485,15.2875468,,,,,,
ISic000975,2.177308596,6.775402809999999,2.4640770688,67.294025,1.0304798552999999,62.92748098,92.86999999999999,12.83989545941886,13.131263299999999,0.2775816,0.0040647774000000005,9.601,20.2470301,9.04574023,112.9821981,0.05107432800000001,28.34,4.29703174,16.62039903,15.0309537,,,,,,
ISic000975,1.3818333630000001,10.06901568,83.69721960000001,70.487165,0.34165152000000004,38.336960059999996,87.83,12.77965561510222,9.61348321,0.39202649999999994,0.0027508369,0.07725,28.576179099999997,9.19911879,140.041233,0.036807714400000004,11.67,7.44884652,11.3639319,18.137080700000002,,,,,,
ISic000975,0.4861583469,8.37233718,25.887815099999997,71.31346,0.6669163977,37.41257912,83.55,19.00670751658999,10.509123800000001,0.32224769999999997,0.0055498918,1.8619999999999999,22.2007811,11.33443593,136.790508,0.0107910316,32.43,8.212735850000001,14.14005225,12.56225798,,,,,,
ISic000975,31.564747829999998,13.2135265,27.20995376,81.85922500000001,0.3159378453,35.65327346,92.55999999999999,13.384495735844354,18.3344107,0.3007773,0.00215799659,6.67,35.8976039,13.5763991,137.18059499999998,0.042115876000000003,14.13,11.755750820000001,16.97844072,16.8541152,,,,,,
ISic000975,1.77983043,6.382596029999999,2.6764066368000003,63.69474,0.09844687302800001,24.143239819999998,86.72,17.40540969605385,9.69780299,0.24230879999999996,0.00065118409,8.661999999999999,27.3319482,9.02057656,117.546216,0.053936572,22.48,8.17077747,16.49586279,15.2875468,,,,,,
ISic000975,0.1642840566,10.17492955,40.0857153,75.949115,0.25803317119999997,43.157656360000004,102.30000000000001,24.649319312549146,18.4578055,0.27489779999999997,0.0013286469900000001,10.24,27.846093200000002,9.925270410000001,134.58001499999997,0.041112232000000005,6.5169999999999995,10.05150015,13.418779859999999,18.1640905,,,,,,
ISic000978,40.82194167,4.62627671,54.455179460000004,82.587485,0.010993233888,41.37847154,78.36999999999999,129.59987008012826,7.28543465,1.2696291,0.0049471668000000005,1.632,80.7413308,7.807927320000001,141.73161000000002,0.04534984,3.129,3.01606708,45.45053859,11.91942474,,,,,,
ISic000978,0.2779233756,7.89109746,68.1694689,91.28459000000001,0.2919531573,37.561672820000005,59.57,43.44532677850891,5.91575237,1.0522413,0.0050556573,7.099,39.2703951,5.12619906,116.0508825,0.0288120172,10.98,8.977859250000002,22.59294954,12.34753007,,,,,,
ISic000978,3.083309742,5.639142359999999,106.6448157,49.82979,0.041883379587,28.88441948,42.71,33.748090728374414,6.05457152,0.7827110999999999,0.0033849036,1.934,22.2213469,6.25736594,67.34201909999999,0.0215820632,8.183,5.3928859,20.787174059999998,4.10143813,,,,,,
ISic000981,756.5576580000001,0.0304785156,0.005072485310407501,62.68638000000001,0.87206448,29.60006924,167.89999999999998,441.8186769631287,0.028884666099999998,0.4911354,0.015463512600000002,2.609,677.848768,4.954846450000001,251.47608599999998,0.06969750000000001,29.59,5.65450874,186.5967996,14.261174400000002,,,,,,
ISic000981,426.1733913,8.49573198,23.145575259999998,78.90417000000001,0.063191188788,34.003303179999996,110.19999999999999,145.9076361555894,7.65767563,0.4355424,0.010632069000000001,4.598,449.05424300000004,5.973375949999999,287.88420599999995,0.07412096800000001,19.24,2.6137602600000003,107.7238476,10.98218468,,,,,,
ISic000981,459.6425058,6.63452708,20.60734606,55.01164,1.0441042247999999,37.144210460000004,118.8,325.53361975458006,1.41698362,0.45068669999999994,0.0168811218,7.339,470.134188,5.45692158,253.296492,0.07891615600000002,69.99,4.2945636,191.99337,13.225348570000001,,,,,,
ISic000981,413.92732770000003,8.68493734,212.04564340000002,72.20978,0.8606318448,34.003303179999996,104.8,171.5486426041813,6.262286100000001,0.4980366,0.0095110005,2.493,372.549467,10.242811960000001,236.392722,0.04821208400000001,0.6298,3.3566704,183.3796134,13.46303481,,,,,,
ISic000981,152.0898831,8.72709723,13.850703599999997,69.674875,0.6758687207999999,15.525623959999999,103.6,147.32746515539856,11.9795785,0.38857590000000003,0.0055908771,3.119,191.570427,8.34355401,208.956603,0.08196426,8.46,5.39411997,97.7090583,18.6772767,,,,,,
ISic000981,459.0717147,3.4684221699999997,55.1539986,72.04172,1.1262239177,19.29272478,96.00999999999999,135.9210003147006,4.16251792,0.5133726,0.0050411919,3.126,490.28867199999996,6.8780698,227.55075,0.0351758636,15.04,2.42124534,129.3101292,15.827742800000001,,,,,,
ISic000981,482.1109191,9.38417454,158.5357197,69.66087,1.0850380232999999,47.43167576,113.7,156.3913944156925,0.7102399030000001,0.5147145,0.0103065975,3.307,437.64022400000005,9.4184022,234.0522,0.06070187600000001,4.582000000000001,3.75404094,192.92739179999998,16.327424099999998,,,,,,
ISic000983,33.78564411,4.981036759999999,65.64578630000001,64.60506500000001,1.2077385431999998,31.001550019999996,137.1,350.0510429461499,7.0489279499999995,0.6268589999999999,0.0156443301,3.269,60.4840178,10.96177396,190.492485,0.114824308,56.64,4.24396673,103.8839802,14.8283802,,,,,,
ISic000983,35.809358010000004,13.902480800000001,68.43562370000001,65.109245,1.82521668,29.61000882,130.5,460.48487032419865,12.7919276,0.7658415000000001,0.015827558499999998,0.1484,76.0626113,9.326135410000001,162.666279,0.12556701600000003,4.575,8.18558631,110.1626823,19.176958000000003,,,,,,
ISic000983,31.870899420000004,4.76715244,39.17831968,68.40042000000001,0.36987361529999996,14.14402234,142.2,294.06221111498064,7.82425861,0.6429618,0.013838566,11.31,61.584288099999995,10.37222512,159.025467,0.10118218400000001,0.9994,6.41469586,78.7172817,13.8290176,,,,,,
ISic000983,14.529228,8.55640109,15.3268164,66.985915,0.9353924887999999,50.53282472,114.1,693.0228774791422,10.2931829,0.4405266,0.018670009600000002,5.42,102.5410788,11.1319283,230.281359,0.08672227600000001,45.0,9.21480069,84.06196200000001,9.588479000000001,,,,,,
ISic000983,0.1159224834,10.694215999999999,89.69676919999999,71.25744000000002,1.3765717833,33.03916392,114.4,242.70959105948762,6.985173969999999,0.5058963,0.013344331499999999,4.002,69.5226869,11.51297816,173.198628,0.0827077,17.689999999999998,9.772600330000001,57.8574615,16.6245319,,,,,,
ISic000983,18.95545353,10.4782751,120.5336506,70.72525,0.2496021717,37.78034358,121.6,511.8278533739085,9.8510182,0.6699915,0.0105211676,10.139999999999999,67.6923307,9.40042815,167.47735200000002,0.089881896,20.45,5.14360376,68.1317013,15.9762967,,,,,,
ISic000985,0.492437049,11.8150521,133.4275366,53.14897500000001,0.081067475643,41.62696104,150.0,47.570688627821376,10.4371435,0.39816089999999993,0.0029099563,7.95,47.8052021,7.854659849999999,146.282625,0.05449415200000001,10.540000000000001,5.8963864599999996,25.794568709999997,11.81543701,,,,,,
ISic000985,13.52774907,12.020710099999999,18.0172634,53.162980000000005,0.1936055625,31.975628859999997,138.1,46.17174373019884,8.82889794,0.3747735,0.004503561200000001,2.144,55.5585087,8.04518478,152.914104,0.057505084000000005,34.81,6.94658003,29.72264928,13.33203728,,,,,,
ISic000985,28.16594628,13.357487100000002,6.898513660000001,54.19935,0.3439630425,27.99979686,128.0,52.61140019190765,13.491164799999998,0.3703644,0.0041853224,1.772,52.1240201,10.010347580000001,142.121697,0.056873160000000006,6.335,7.27854486,25.88797089,15.4631105,,,,,,
ISic000985,182.8607124,11.8150521,102.391426,52.252655000000004,1.1098029173,44.479620499999996,161.10000000000002,143.04163196168145,7.55895979,0.4405266,0.0073484232,8.068,119.590127,6.91042309,169.557816,0.06449342,20.55,5.92847228,59.72550510000001,16.1518604,,,,,,
ISic000987,1.1332797840000002,9.31939227,83.08624830000001,66.677805,0.7885517913,23.23873804,99.75999999999999,59.2555010184081,10.23971182,0.323973,0.007693181899999999,7.085,37.738243,9.03855061,105.9476292,0.0308416084,17.08,12.3530407,28.77824946,10.17189068,,,,,,
ISic000987,0.7088187659999999,9.50551276,48.2937767,68.98863,1.3607457192,38.814059900000004,108.0,56.10261575571404,9.45204168,0.4090878,0.0071169768,2.159,50.4479074,8.42144156,105.67456829999999,0.055126076,1.734,16.1786577,25.18745454,14.7743606,,,,,,
ISic000987,124.17300929999999,10.3754461,92.16452240000001,55.627860000000005,1.2284563927999999,46.2687449,118.0,1247.2776473239035,9.53738975,0.5127974999999999,0.0135589016,6.8870000000000005,257.27815799999996,8.915128800000002,107.4429627,0.0659803,21.71,11.48795763,77.316249,15.6926938,,,,,,
ISic000987,88.3688403,9.81811292,1.0502459116999998,53.7792,0.8631718032,34.08281982,103.0,849.024484741499,9.18365799,0.3954771,0.0106417126,9.771,141.389875,7.5634802400000005,95.3892744,0.081518196,14.290000000000001,10.609299790000001,61.3340982,8.730917849999999,,,,,,
ISic000987,76.07088660000001,8.52041094,53.93314666,43.4155,0.138527200308,38.456235019999994,105.8,951.2945145958827,6.31678547,0.38493359999999993,0.0097328033,11.36,113.21472899999999,7.34299856,88.1076504,0.047617332000000005,21.81,8.812493869999999,51.80188683,11.649326740000001,,,,,,
ISic001008,27.942818850000002,11.6299599,189.397919,73.47023,2.17906038,24.98810412,104.7,39.705232962968296,12.4114603,0.39950279999999994,0.012647581400000002,0.6332,35.0749719,6.75344972,98.6660052,0.17303566,41.54,12.834328,19.61964681,15.0714684,,,,,,
ISic001008,13.96881492,10.3240316,65.4469172,85.444505,0.6848255925,51.10932036,112.8,51.11702828648552,13.2238094,0.33930899999999997,0.0098967445,0.27249999999999996,44.9054243,9.925270410000001,126.9603156,0.048286428000000006,27.54,15.3148087,20.237139,12.50013544,,,,,,
ISic001008,0.49793739960000005,11.3420387,45.11734106,80.374695,1.2886353753,35.8321859,121.10000000000001,86.34541041687768,14.8999221,0.4988034,0.0056318624,0.9314,53.1214614,9.279402880000001,132.23949299999998,0.058025492000000005,0.4815,12.427084899999999,20.81311911,14.3962234,,,,,,
ISic001008,41.82860961,6.425784210000001,27.14723286,57.308460000000004,7.158200000000001,24.36191058,83.73,132.51757281371468,15.4037842,0.5668569,0.042383621999999996,9.747,40.3192509,11.11395425,124.0736718,0.098357112,25.02,17.2152765,43.96648173,26.2940403,,,,,,
ISic001008,113.7949893,12.4217432,67.83691040000001,50.277950000000004,12.446612219999999,54.54841504,120.10000000000001,3815.6558824465333,7.75433489,1.0359467999999998,0.054197032,7.549,32.3191547,21.6767043,120.2638221,0.14671788400000002,3.38,19.473624599999997,52.720341600000005,33.3976177,,,,,,
ISic001008,18.56627778,9.4499851,269.082619,47.294885,22.04605788,39.72850126,63.16,334.0509342147933,13.151829099999999,0.8018811,0.022264661499999998,1.173,35.8564723,9.106852,74.66265179999999,0.22005824000000002,90.85,14.154782899999999,22.88872311,28.3332802,,,,,,
ISic001008,3.84505641,7.77592898,58.855415300000004,72.60192,1.4829626132999998,30.325658580000002,91.41,62.5831537488509,11.5682625,0.5413608,0.0201768221,10.139999999999999,36.9773084,14.0796725,130.549116,0.06192855200000001,9.269,14.4633004,19.09036779,20.4059039,,,,,,
ISic001008,19.98287751,10.3034658,32.8034924,63.960835,4.73943582,36.21982952,98.47,352.41430584381806,13.7688031,0.4353507,0.030184468000000002,3.37,38.900210699999995,15.541561900000001,129.1317999,0.085272568,28.73,22.1638972,36.19853376,20.0412716,,,,,,
ISic001008,41.91682278,12.915322399999999,113.59537800000001,66.033575,3.82944758,38.28726216,92.2,334.0509342147933,10.04433672,0.6782345999999999,0.029099563000000002,2.4099999999999997,40.1547245,16.536126,227.420721,0.080551724,6.256,22.460074000000002,29.39574165,29.6432555,,,,,,
ISic001008,5.59375278,9.16720535,31.23657136,70.47316000000001,3.6089734799999995,44.946780759999996,119.8,256.2031061634161,15.8151002,0.8620749,0.0194366758,6.202,53.214007499999994,19.2561989,158.115264,0.10727839200000001,25.34,14.7347958,35.43574929,24.8220062,,,,,,
ISic001008,0.3134680941,8.12451929,20.8060619,86.76097500000002,4.02058398,35.04695908,90.13000000000001,142.61834866905934,9.19394089,0.5064713999999999,0.0117145631,10.83,34.4785637,13.18097,114.12645330000001,0.062337444000000006,13.92,17.27698,16.734557249999998,11.479165,,,,,,
ISic001008,30.791585339999997,12.761078900000001,63.3950985,67.81221000000001,2.9510373199999997,30.613906400000005,114.5,108.34158009631295,10.591387,0.46774799999999994,0.072471654,5.407,49.3887687,9.03855061,142.901871,0.06899123200000001,0.05114,14.80884,40.08510225,22.3641144,,,,,,
ISic0001009,1.074643971,15.9487779,14.514526679999998,62.966480000000004,0.5057745,34.23191352,101.3,51.028740566325204,4.25095086,0.3517695,0.0014014561700000001,3.091,45.0288191,6.36401197,182.950803,0.036595834,15.46,7.14649937,25.701166530000002,10.636459239999999,,,,,,
ISic0001009,0.611784279,11.650525700000001,84.24071319999999,74.95476000000001,0.8957467337,43.8832457,104.7,49.47799246530789,10.2931829,0.4518369,0.009171063600000001,6.955,82.8698911,5.73372195,208.69654500000001,0.05728205200000001,9.19,7.2057347300000005,35.37867018,12.8701697,,,,,,
ISic0001009,9.79685088,6.63966853,45.27195218,71.03336,0.076896118068,38.54569124,107.80000000000001,31.605191421474128,9.521965400000001,0.4995701999999999,0.0040310248,5.8420000000000005,52.586750599999995,8.66588864,206.486052,0.05241252000000001,25.31,10.8721567,32.71670805,9.502047639999999,,,,,,
ISic0001009,2.071971693,10.457709300000001,66.6409418,79.01621000000002,0.2988683208,48.5051504,104.5,34.2230106795937,15.7431199,0.33720029999999995,0.0055595354,7.340999999999999,41.1213171,10.50044001,216.238227,0.05906630800000001,9.772,4.616655870000001,22.43727924,13.38200541,,,,,,
ISic0001009,1.690060557,7.61654403,45.091575899999995,69.422785,0.0170668533,42.56128156,102.7,38.2301335108974,12.1235391,0.3561786,0.0029943378,6.329,57.2654701,9.22907554,190.752543,0.040071416000000006,30.56,9.31599443,30.76045128,16.1788702,,,,,,
ISic0001009,1.3553694120000002,11.9795785,46.21324776,69.94097000000001,0.2996368473,36.79632516,110.19999999999999,45.0405385576464,9.02118817,0.5097303,0.0064178158,12.57,77.0703355,8.62035438,213.507618,0.060739048,12.94,6.1086465,39.09400134,18.6097522,,,,,,
ISic001015,16.64634408,10.5399725,92.16452240000001,95.30402500000001,0.20919232529999998,34.13251772,59.129999999999995,40.73509401819603,10.215032859999999,1.201959,0.0049519886,4.931,38.704835599999996,6.49582167,135.360189,0.055943860000000005,8.292,11.334932949999999,16.78125834,13.44817942,,,,,,
ISic001015,4.085307573000001,12.5759867,71.5033039,96.22835500000001,0.2049121557,32.97952644,55.81,37.27453232931694,6.08439193,1.2795975,0.0052027222,3.246,41.368106700000006,6.68754487,144.982335,0.042227392,0.6303,12.5381512,15.74345634,6.36485937,,,,,,
ISic001015,428.5603359,6.58002771,991.137678,81.69116500000001,0.33148456319999997,10.2874653,70.67999999999999,101.38115569850686,2.29411499,1.05435,0.0100968492,2.73,498.103676,5.13938003,124.2687153,0.026652324,1.3439999999999999,4.25137115,66.2636577,11.899167389999999,,,,,,
ISic001015,144.773379,8.083387689999999,65.5132009,88.03543000000002,0.06799570767499999,22.93061106,56.4,362.2861279493965,8.15742457,1.2631113,0.009356702900000001,6.0889999999999995,62.016169899999994,6.4946234,137.57068199999998,0.049438760000000005,33.410000000000004,7.85608962,34.77674502,11.65202772,,,,,,
ISic001035,27.25786953,6.4473783000000005,14.02888366,91.410635,0.1131539913,11.94737516,74.75999999999999,87.46389900012292,9.59086083,1.4870169,0.004944755899999999,2.516,41.3064093,10.433336890000001,118.5344364,0.058880448,0.9463999999999999,8.273205279999999,45.4038375,8.22043263,,,,,,
ISic001035,0.9807228899999999,9.64021875,34.691206179999995,98.79127000000001,0.2119444425,23.36795258,58.86,54.94994733323885,8.52555239,1.3459257,0.008365823000000001,6.058000000000001,45.8822998,9.7659005,119.8087206,0.040405964,12.41,9.970051530000001,35.01025047,12.274603610000002,,,,,,
ISic001035,1.1021457239999999,6.78568571,43.7081111,95.472085,0.41531219729999996,30.315718999999998,51.38,49.76928238361708,5.44685213,1.219212,0.0044336450999999995,5.236000000000001,80.2683174,6.819354570000001,120.25081920000001,0.044234680000000005,15.35,9.62327786,36.25042386,7.89631503,,,,,,
ISic001041,7.33207113,5.6967266,63.2629211,62.770410000000005,0.9447991833,46.30850322,63.050000000000004,227.62736921684626,12.3291971,1.0326879,0.0100655075,0.9648000000000001,72.17567509999999,11.02528227,887.577954,0.082298808,25.68,8.70142757,148.0943454,14.409728300000001,,,,,,
ISic001041,22.92504618,7.09622929,46.962038199999995,63.58270000000001,1.1841352488,23.08964434,57.1,201.66427496836408,14.910205,1.1187612,0.0115144584,1.564,50.9723353,10.45011267,907.732449,0.0724854,0.3975,8.13622351,154.3211574,12.33807664,,,,,,
ISic001041,34.766367,9.02632962,182.2921889,67.294025,1.18930602,39.002911919999995,71.73,191.12576889391931,11.0129859,1.1174193,0.0100703293,2.795,46.9722872,9.32134233,951.552222,0.0687682,25.02,2.85563798,120.3331419,12.88907656,,,,,,
ISic001399,108.450309,4.05968892,48.14496118,99.57555,0.2627870553,32.760855680000006,51.82,140.90859824246775,9.2751758,1.5376257,0.0103837463,2.2840000000000003,92.5666658,6.54854555,238.73324399999998,0.080217176,0.3604,5.50642034,174.7658568,11.89511592,,,,,,
ISic001399,75.3963153,1.92907204,137.8412343,90.01013500000002,0.08046066692300001,30.85245632,55.86,113.81572448217841,8.47619447,1.3535936999999998,0.0085249424,1.7570000000000001,110.541175,9.01698175,181.650513,0.065459892,0.4008,7.50808188,174.7658568,7.89766552,,,,,,
ISic001399,50.39047611,6.26434268,103.08717299999999,90.262225,0.26631499999999997,31.34943532,60.32,147.01142204593754,6.524500049999999,1.5282323999999998,0.0060103737,0.01347,79.9289817,7.81871175,480.457155,0.10649778000000001,1.9429999999999998,5.67055165,208.4944218,4.16761214,,,,,,
ISic001399,91.53413640000001,7.60009139,316.4989524,29.38249,2.07733218,72.94657762,72.29,812.488156255667,3.33063131,7.309520999999999,0.0093518811,5.421,124.114603,234.381612,390.347058,0.058508728,0.7523,1.38956282,502.0886076,17.4348259,,,,,,
ISic001399,11.37430992,7.219624089999999,113.4543806,10.0289805,1.4750858325,71.32642608,73.44,721.045684613727,3.7954183899999996,6.071138999999999,0.010135423599999999,8.056999999999999,68.58694299999999,186.450812,195.95370300000002,0.11229661200000002,29.8,2.62980317,82.14202829999999,30.386025,,,,,,
ISic001399,5.89990437,8.872086119999999,322.6241011,12.659119500000001,0.24791648000000002,70.38216598,64.6,317.1212277170383,5.23296781,8.014977,0.0050701227000000005,2.9050000000000002,81.7901866,201.30936,160.975902,0.08300507600000001,0.08797,4.92270523,127.59775590000001,16.489482900000002,,,,,,
ISic001399,24.611474429999998,10.13071308,188.4781346,34.438295000000004,0.9130910208,312.2022078,57.26,255.91245724929502,6.69108303,4.606551,0.011210685,4.784000000000001,80.68991630000001,95.3703093,205.575849,0.13051089200000002,15.24,3.49735438,125.8853826,13.46843677,,,,,,
ISic001399,1.4518849980000001,6.18310777,118.1199668,16.371845,0.2692299477,180.10518960000002,51.97,703.8815528417787,2.19334257,5.026374,0.0033198093,0.7669,70.3864505,102.4041542,142.251726,0.03791544,24.07,5.65080653,127.5458658,15.9627918,,,,,,
ISic001399,107.9832981,3.4756202000000003,187.71230760000003,67.05594,0.035724881472,89.52579706,62.68,1279.6698100280053,7.447904469999999,2.321487,0.0197717909,3.636,154.757645,30.016663500000003,359.660214,0.23102398000000002,22.66,4.868406149999999,244.5061512,18.366664,,,,,,
ISic001415,4.80502326,11.2906242,96.43276979999999,76.04715000000002,0.182154,35.85206506,91.56,246.12231209647035,6.90599564,1.0510910999999998,0.0075846914,6.765,43.4144038,7.604221420000001,322.341891,0.079250704,12.01,8.37686716,69.4808439,13.910046999999999,,,,,,
ISic001415,3.316296291,7.836598090000001,46.077777180000005,68.96062,0.66518928,28.73532578,85.0,263.81422365348396,7.07360691,1.1801051999999999,0.0070687588,9.274,30.067199600000002,8.82885336,303.357657,0.074455516,25.959999999999997,9.256759070000001,27.600344189999998,11.18880965,,,,,,
ISic001415,9.698259689999999,3.28744313,34.1712368,72.91003,0.7648526613,28.05943434,82.41000000000001,305.64641494848047,3.3275464400000003,1.2130776,0.0081633074,6.477,33.892438399999996,10.577129289999998,322.601949,0.072819948,24.830000000000002,9.40854968,42.93905775,13.35499561,,,,,,
ISic001420,0.3174636318,5.37487183,1.5781633408000002,85.220425,1.93911872,32.52230576,59.49,705.7785558812878,5.47872912,1.4827994999999998,0.010268023099999999,15.420000000000002,18.0670553,9.987580450000001,778.87371,0.22217704400000005,56.379999999999995,13.0194385,17.326104389999998,32.6278384,,,,,,
ISic001420,0.156189201,6.417557889999999,46.72311218,76.649365,1.0511608128,38.27732258,47.800000000000004,574.3625379020631,6.88131668,1.36107,0.013590243299999999,7.535,18.0464895,10.58551718,754.818345,0.17266394000000002,7.24,12.5134698,19.780506120000002,33.0329854,,,,,,
ISic001420,0.5344680300000001,9.39240086,0.7073771176999999,77.19556000000001,0.9492650825000001,36.12043372,46.400000000000006,111.16423338994895,4.80417088,1.1206782,0.0097062834,0.02154,34.056964799999996,8.26326992,571.867542,0.08032869200000001,27.95,6.8984513,10.73087268,13.10920643,,,,,,
ISic001435,6.1749219,9.56104042,102.25234859999999,94.63178500000001,0.027633086187,21.95653222,54.11,48.217938270872914,8.35691283,1.2636863999999999,0.0111046054,3.9090000000000003,15.455198699999999,5.04232016,93.2047872,0.0294736788,4.7459999999999996,12.12720589,12.225307560000001,14.423233199999999,,,,,,
ISic001435,2.2956180240000004,10.075185419999999,18.27703718,92.15290000000002,0.06622226718799999,31.081066659999998,63.07000000000001,91.01989993817143,8.375422050000001,1.1218284,0.010318652,9.071,12.2058023,9.41241085,108.9512991,0.067876072,12.870000000000001,9.47272132,11.23939566,7.77477093,,,,,,
ISic001435,1.3828711649999998,6.93581605,39.69577036,99.85565,0.14177010890699998,28.19858846,67.62,131.11955194366627,12.5142893,1.2406824,0.0126909776,7.582000000000001,13.0901317,7.7719792199999995,137.57068199999998,0.06679808400000001,0.6309,7.44020803,18.25493718,13.5724245,,,,,,
ISic001435,3.4221520950000004,10.8484595,112.32726540000002,82.055295,0.5526659957000001,29.2720631,58.36,85.91401900380556,5.6473686800000005,1.2980007,0.008245278,4.925000000000001,14.0361585,6.01052232,118.9895379,0.045126808000000004,2.786,13.5254072,11.27571873,13.458983340000001,,,,,,
ISic001435,10.04592336,6.98928713,21.844107179999998,98.609205,0.34257609120000004,31.041308339999997,52.410000000000004,55.025511438190506,4.01855732,1.2048344999999998,0.0115554437,4.6770000000000005,23.434729100000002,9.05412812,109.7964876,0.039290804,4.390000000000001,9.662768100000001,7.53444252,14.4772528,,,,,,
ISic001435,0.5024518383,7.938398800000001,45.0658117,81.67716000000001,0.9290178408,47.3124008,58.650000000000006,531.4546609028613,11.619677,1.2096269999999998,0.013127350500000001,16.97,26.5607307,8.32917477,118.4824248,0.1319606,0.21159999999999998,19.6463944,25.34831385,17.367301400000002,,,,,,
ISic001478,0.00746698539,6.01858137,8.88214868,46.49660000000001,0.5408143125,34.540040499999996,52.54,704.8297380967629,9.85513136,0.9458477999999999,0.0111070163,3.506,22.7971893,6.63961407,450.68051399999996,0.14099339600000002,15.24,9.8231972,55.2629565,12.317819290000001,,,,,,
ISic001478,2.5099241369999996,5.78721612,84.0368581,96.536465,0.00650897098047,45.4735785,64.63,1109.9648626747894,6.558433620000001,1.5681059999999998,0.0162542878,5.618,27.630152300000002,10.98573936,806.1798,0.33402759200000004,11.590000000000002,19.621713,75.6557658,14.5987969,,,,,,
ISic001478,3.873595965,9.24227052,14.557576399999999,68.19034500000001,1.0304798552999999,37.3728208,61.489999999999995,826.8011845600129,6.73118634,1.1950577999999998,0.0142098446,10.030000000000001,21.326734599999998,5.814006040000001,540.0104369999999,0.189279824,0.5868,14.932247,46.45201752,17.286272,,,,,,
ISic001478,0.29769350370000003,11.2906242,5.0714483152000005,87.853365,1.1920535753000001,23.69595872,58.79,197.26326404215433,9.44895681,1.2282219,0.005810269,8.379999999999999,19.1467598,7.837884069999999,738.174633,0.09148029200000002,13.76,11.73723977,18.400229460000002,15.6251693,,,,,,
ISic001478,95.3740038,6.2592012299999995,13.273501300000001,63.70874500000001,0.00900091489647,24.61040008,49.5,246.40770913057258,6.0144682099999995,1.0990161,0.006244231,0.3246,111.672294,6.30529674,568.356759,0.12839208800000002,19.0,9.36042095,43.29191043,12.99981674,,,,,,
ISic001478,0.0952702236,3.7522302099999996,58.087354760000004,90.59834500000001,0.092479648667,37.38276038,65.79,209.5392837974308,7.144558920000001,1.3622201999999999,0.0068879412999999995,3.289,12.1955194,8.12307233,784.5949860000001,0.12370841600000002,1.223,7.2020325199999995,19.526244629999997,26.712692200000003,,,,,,
ISic001520,0.2922450432,8.20781078,90.9982255,79.05822500000001,0.6727270368,46.2687449,68.12,50.207354482708126,9.960016940000001,1.0100673,0.0068999958,5.538,50.1908349,12.6058004,199.594515,0.0157572108,0.6615000000000001,7.70429901,25.93986099,12.3974982,,,,,,
ISic001520,14.62781919,12.8433421,30.353648760000002,82.99363000000001,0.38809633169999996,25.803149679999997,72.58999999999999,44.7452042184573,7.91886129,1.3004928,0.007587102300000001,3.217,45.0699507,6.82774246,169.947903,0.057021848,15.16,11.81251804,26.00731812,16.7595809,,,,,,
ISic001520,14.62781919,12.8433421,30.353648760000002,82.99363000000001,0.38809633169999996,25.803149679999997,72.58999999999999,44.7452042184573,7.91886129,1.3004928,0.007587102300000001,3.217,45.0699507,6.82774246,169.947903,0.057021848,15.16,11.81251804,26.00731812,16.7595809,,,,,,
ISic001528,0.12474380040000001,9.09419676,35.52272606,109.43507000000001,0.4490828825,31.240099940000004,44.22,9.112835333460925,11.784203399999999,1.1193362999999998,0.0033535619,2.322,57.2963188,11.3116688,140.041233,0.018377836800000002,1.071,7.97456034,38.66850252,14.2881842,,,,,,
ISic001528,21.18672783,8.00318107,66.2427176,105.26158000000001,0.07833701280300001,23.079704760000002,48.75,9.98074868290159,11.619677,1.2184452,0.00433962,4.032,59.527708100000005,6.19265936,132.759609,0.0090736852,17.04,8.99019995,53.8619238,8.566158069999998,,,,,,
ISic001528,1.117712754,11.2494926,73.041905,96.536465,0.9703333913,35.136415299999996,54.089999999999996,31.99503257464692,6.20470186,1.2830481,0.0056198079,6.0360000000000005,77.4713686,6.83253554,146.67271200000002,0.0265928488,10.07,9.49740272,221.9339577,10.38796908,,,,,,
ISic001528,265.3659714,6.158428809999999,155.2753769,82.16733500000001,0.4663036112,41.686598520000004,92.77,1718.255265378635,6.97694765,1.3428585,0.0206807002,3.529,105.708212,8.224925279999999,231.711678,0.07880464000000001,0.8029,3.39986285,142.80155520000002,17.7589435,,,,,,
ISic001531,1.161819339,8.60370243,124.4528241,93.903525,0.4202651957,52.56049904,47.87,7.599542299842184,9.52607856,0.9481481999999999,0.0111070163,8.062,13.4294674,9.68082333,128.8327332,0.0028049991200000002,3.606,6.7429584799999995,10.49217822,11.24823121,,,,,,
ISic001531,9.63080256,13.2855068,58.454871000000004,73.876375,0.008686757940629999,30.902154220000003,68.80000000000001,20.64105731055825,9.23507249,0.9475731000000001,0.0072085909999999994,3.248,21.3781491,10.14575209,136.660479,0.028347367200000004,39.94,7.698128659999999,28.741926390000003,6.031288340000001,,,,,,
ISic001531,2.62045005,8.28081937,28.918263359999997,88.497595,0.047559724212,38.1679872,67.85,35.127173583577004,9.55384239,1.1831724,0.0086045021,11.600000000000001,12.884473700000001,8.625147459999999,142.511784,0.04780319200000001,1.505,8.935900870000001,24.891680970000003,13.253708860000001,,,,,,
ISic001643,12.04888122,10.632518600000001,30.1898069,92.01285000000001,0.29241407999999997,38.13816846,103.6,31.442142144847658,6.64069682,0.5681988,0.0061911912000000005,2.733,51.517329000000004,15.5056138,188.281992,0.026001814000000005,7.963,8.212735850000001,46.70627901,8.65393992,,,,,,
ISic001643,0.2199621339,14.2109678,69.034823,92.65708000000001,0.101773058387,41.77605474,104.3,34.107298998825925,11.1569465,0.5129891999999999,0.0051400388,6.093999999999999,44.422128,5.83916971,187.891905,0.053862228000000005,0.1106,9.62944821,46.171810980000004,14.045096,,,,,,
ISic001643,26.00731812,8.421695099999999,136.8987382,91.06051000000001,0.1280567925,30.4648127,102.6,41.705103581970675,10.07312884,0.5670486,0.0064973755,1.066,52.998066599999994,10.40817322,174.758976,0.046948236000000004,0.7758,9.381400139999998,45.34675839,11.510226269999999,,,,,,
ISic001643,0.1640764962,13.1723949,26.46396418,95.43007000000001,0.4979974999999999,37.83004148,106.2,34.043067680202554,8.43711945,0.6266673,0.006789094400000001,0.008137,38.1701248,10.846740039999998,201.54495,0.062857852,26.93,14.7224551,53.446802999999996,15.9898016,,,,,,
ISic001643,0.820382481,7.933257350000001,74.5165804,95.360045,1.3669440512,67.61896274,91.32,24.020554499953377,7.89932378,0.5524794,0.0057114220999999995,15.270000000000001,83.2812071,7.1285082300000004,163.056366,0.03210173920000001,0.2007,11.04616057,38.616612419999996,8.35413114,,,,,,
ISic001643,40.50022305,8.75794593,100.44652640000001,89.49195,0.00719912576768,63.24554754,115.3,60.58150527129876,8.66437154,0.6301179,0.0068541887000000004,0.1907,69.3787263,7.160861519999999,160.845873,0.049698964000000005,1.393,9.91822059,62.579460600000004,9.380503540000001,,,,,,
ISic001643,1.181537577,8.878255860000001,45.072252660000004,94.82785500000001,0.9792788312999999,28.88441948,106.39999999999999,25.22367680446623,9.64947336,0.4411017,0.0065841679,4.497,86.2221165,10.16492441,150.05346600000001,0.0296483872,20.01,8.03626384,35.79897999,12.51228985,,,,,,
ISic001643,14.249021460000002,9.122988880000001,60.3676722,91.914815,1.2949726608,45.94073876,103.4,21.594650321907107,7.22373725,0.42576569999999997,0.0044890958000000005,8.887,57.450562299999994,10.094226480000001,201.024834,0.028269306000000004,8.661000000000001,8.655766980000001,34.91165928,14.3557087,,,,,,
ISic001643,4.41584751,13.707105699999998,88.80754710000001,94.54775500000001,1.0490756297000001,55.850500020000005,106.60000000000001,27.07639995205122,10.4988409,0.5570802,0.0048434980999999995,6.882000000000001,27.8975077,10.83355907,159.155496,0.034205674400000004,12.76,13.1058234,30.77601831,8.712010990000001,,,,,,
ISic001643,6.94289538,16.2675478,29.9315233,91.99884500000002,1.0165453871999999,37.203847939999996,107.6,25.329565297123395,13.6042767,0.44148509999999996,0.0061164533,13.64,34.0261161,8.286037050000001,193.22309399999997,0.032599844,19.65,10.42418929,27.78195954,10.24751812,,,,,,
ISic001644,18.91913046,7.46230053,10.1816489,73.26015500000001,0.034333109888,32.17442045999999,103.2,55.57069283125148,8.8638598,0.2833326,0.006629975000000001,0.8579,28.0517512,9.8018486,214.02773399999998,0.06672374,50.23,6.46159052,23.41281312,20.527448,,,,,,
ISic001644,11.270529719999999,10.7867621,11.441031960000002,74.63264500000001,1.8435981200000002,40.613123879999996,65.56,30.382348606653803,8.8741427,0.5532462,0.003640459,1.107,24.884618,11.47223698,162.146163,0.10486221200000002,14.7,9.27280198,17.00438577,25.929408000000002,,,,,,
ISic001644,1.275977559,5.2956935,15.517733000000002,72.85401,1.3462364853,32.92982854,75.39,56.23969641183199,11.959012699999999,0.5133726,0.0107477922,1.452,36.4220318,12.701662,196.34379,0.08720551200000001,37.44,6.772576160000001,33.090316769999994,27.982152799999998,,,,,,
ISic001644,11.86726587,9.60628518,53.98533266,72.43386000000001,0.7441811888,55.00563572,94.84,36.523579345261766,10.869025299999999,0.391068,0.0060344827,0.33490000000000003,23.959157,9.56578941,205.055733,0.05259838,24.48,7.1526697200000005,20.169681869999998,23.809138700000002,,,,,,
ISic001644,0.0891990819,8.08852914,21.7321416,65.949545,1.89046368,19.37224142,108.3,67.11535866417303,12.5040064,0.42825779999999997,0.0188508271,2.909,28.195711799999998,7.81152213,144.462219,0.10909982,24.96,11.42008378,26.7752916,20.5409529,,,,,,
ISic001644,7.96513035,9.66489771,34.5453204,62.26623000000001,3.09068088,55.979714560000005,106.8,166.98322926107562,9.14663955,0.300969,0.028520947,11.209999999999999,22.0259718,13.264848899999999,154.474452,0.08136950800000001,20.75,7.39084523,33.27712113,16.0303163,,,,,,
ISic001653,53.8100337,6.262286100000001,45.452375499999995,92.15290000000002,0.11642233207500001,25.37574774,58.51,56.71280404645845,3.62677883,1.2514176,0.0109864713,1.0470000000000002,121.543878,5.8355749,141.73161000000002,0.0341499164,3.098,6.57018868,46.758169110000004,7.915221890000001,,,,,,
ISic001653,4.00072671,8.49778856,78.0137208,98.301095,0.056645970611999996,29.8684379,58.52,54.36184916972374,4.42267529,1.1887317,0.0037344840999999998,0.5386,43.7331737,6.70551892,190.102398,0.038956256,2.674,5.55701721,56.8196595,9.79510397,,,,,,
ISic001653,9.65674761,6.6211593099999995,36.06281266,97.852935,0.146612816427,34.331309319999995,49.8,51.411714997743736,11.0129859,1.2107772,0.0066661385,4.12,23.578689699999998,7.266309280000001,212.337357,0.10809617600000002,14.98,7.43527175,26.759724570000003,14.3692136,,,,,,
ISic001653,66.4712181,8.159481150000001,17.74523296,95.079945,0.074166348228,42.10406088,63.0,258.2419753129564,7.28440636,1.2404907,0.006789094400000001,2.65,39.4657702,8.69584539,167.997468,0.06222592800000001,14.75,7.783279490000001,58.9471536,10.93491753,,,,,,
ISic001657,33.79602213,9.59908715,101.2794788,82.195345,1.1931850392,27.89046148,107.30000000000001,275.12617355083955,7.05818256,1.4877836999999998,0.071676057,18.06,86.3043797,11.677141149999999,469.274661,0.063787152,0.1368,17.5854975,23.79161085,17.1647279,,,,,,
ISic001657,129.6733599,6.13477814,57.857752659999996,78.04986500000001,0.6051598133,36.17013162,106.3,332.40483804103235,4.21907387,1.6679817,0.060658244,13.67,247.71506100000002,6.4047531499999995,420.513786,0.070032048,20.83,15.3888529,31.761930210000003,13.14837064,,,,,,
ISic001657,16.41283863,3.3193201200000004,33.2780864,78.273945,1.75518882,27.751307360000002,85.29,301.5521140632092,6.0874768,1.4697639,0.081078567,13.98,60.9261825,9.364480050000001,461.21286299999997,0.064567764,0.09189,14.2288271,27.96357489,16.7055613,,,,,,
ISic001659,62.579460600000004,8.85871835,70.9688823,59.74533,0.6515353173,28.75520494,143.8,148.3453521849484,6.1419761699999995,0.5212323,0.066082769,4.603,97.9549054,12.222354,608.925807,0.03631704400000001,26.869999999999997,14.6607516,42.50318091,14.2206597,,,,,,
ISic001659,41.37197673,8.40215759,11.398195600000001,71.59356000000001,1.6390245200000002,23.18904014,150.4,500.9465342311204,8.73532355,0.7779185999999999,0.063189689,5.001,99.0037612,16.6799184,777.313362,0.06761586800000001,14.9,11.70885616,62.9945814,15.2200223,,,,,,
ISic001659,13.491425999999999,12.2263681,0.7398510653,66.789845,0.62911562,38.13816846,141.4,512.2330597198376,7.5167999000000005,0.6594479999999999,0.073628886,8.83,58.7873393,14.379240000000001,750.137301,0.049550276,34.16,9.71583311,27.96357489,22.5126683,,,,,,
ISic001659,44.48019372,14.622283799999998,185.9531825,45.138115,36.712224500000005,109.7329632,387.8,105408.9734678138,1.0827893700000002,3.1400459999999994,0.142894043,111.0,58.6742274,70.6499992,469.924806,0.75793708,113.3,15.6233262,158.73181590000002,128.2155206,,,,,,
ISic001659,41.22668445,9.37389164,154.4621062,44.633935,19.706454179999998,132.693393,282.1,45754.77465400025,0.181493185,2.321487,0.102848994,93.85000000000001,100.12459729999999,67.78613390000001,559.5147870000001,0.7475289200000002,79.57,38.3919177,107.7238476,121.62512939999999,,,,,,
ISic001665,155.7740802,8.59753269,85.6692109,77.55969,1.76517768,66.9430713,110.0,403.4431324939807,9.08288557,1.5113628,0.0141495721,7.664,183.344107,11.946751899999999,480.457155,0.11199923600000002,24.36,8.945773430000001,363.5939307,22.971834899999998,,,,,,
ISic001665,96.7750365,8.59136295,66.1763679,65.5434,0.6523197408,46.2687449,80.92,295.6152480738846,9.37594822,1.3704633,0.0112998883,5.52,149.821853,10.244010229999999,396.718479,0.10932285200000001,26.35,4.140304850000001,270.8144319,17.286272,,,,,,
ISic001665,19.277172150000002,5.73682991,92.713968,63.946830000000006,0.9978226376999999,28.307923839999997,96.85,550.1831549503557,5.87564906,1.2565935,0.0210736769,8.969,98.9523467,13.6243299,406.86074099999996,0.104118772,14.48,9.45791248,73.9952826,16.8541152,,,,,,
ISic001669,3.407103966,10.7456305,24.0438055,83.02164,0.8836633113,29.72928378,62.830000000000005,102.55669500958908,8.399072720000001,1.4534694,0.0111214817,3.732,52.627882199999995,8.29921802,189.58228200000002,0.08006848800000001,4.338,7.51672037,150.2737296,13.6129392,,,,,,
ISic001669,19.11112383,7.4355649900000005,128.6054327,87.37719500000001,0.2289258552,51.15901826,67.79,138.9216972407183,6.45868949,1.4772402,0.0085972694,1.515,49.6252754,7.46162729,201.154863,0.068322136,10.27,7.52535886,193.550073,9.75864074,,,,,,
ISic001669,1.75907439,10.4062948,157.9420661,92.99320000000002,0.055540208003000004,30.10698782,73.35,115.0297457985398,7.61757232,1.3785147,0.008124733,0.3382,44.1959042,10.20326905,211.68721200000002,0.06070187600000001,3.6559999999999997,6.21601059,117.1159557,14.0315911,,,,,,
ISic001706,46.514285640000004,8.8947085,53.20946218,65.43136000000001,0.5562542831999999,40.086326140000004,73.22,676.1945303475478,8.47516618,1.7991044999999997,0.017686362400000002,7.259,77.7078753,7.69049686,145.892538,0.13437678,19.279999999999998,7.83264229,186.6486897,13.241554449999999,,,,,,
ISic001706,282.33403410000005,2.9594186199999997,97.8145438,70.50117,0.5620282997,53.94210066,105.5,723.4458078664918,5.20931714,1.932336,0.0235930674,5.181,311.674699,6.994301989999999,140.30129100000002,0.095271836,28.53,3.58127114,100.82246430000001,11.164500830000001,,,,,,
ISic001706,41.771530500000004,7.9486817,143.6635303,72.41985500000001,0.026650243871999997,30.79281884,81.10000000000001,956.2570103965231,9.46335287,2.0358539999999996,0.0157287116,16.560000000000002,71.43530630000001,11.52016778,144.072132,0.12393144800000001,1.286,10.81168727,65.4334161,13.00791968,,,,,,
ISic001822,249.53949089999998,38.910493599999995,235.84665339999998,71.355475,0.017127298692,29.20248604,55.300000000000004,150.55001852747944,4734.24716,1.5416514000000001,0.009354292,3.403,155.066132,1.6655953000000001,346.00716900000003,0.05906630800000001,28.15,3.18636874,1057.0013370000001,10.29343478,,,,,,
ISic001822,145.6036206,11.928164,126.16869689999999,80.58477,0.35244132,30.34553774,61.940000000000005,136.42275994432998,1692.5653399999999,1.5880427999999998,0.0073869975999999995,1.5770000000000002,132.855068,0.304001099,310.76931,0.05148322,0.02948,5.155944460000001,702.591954,6.58093777,,,,,,
ISic001822,113.639319,0.11372887400000001,130.9771328,80.458725,0.00233695114128,23.89475032,51.09,116.18816016471686,518.977963,1.5859341,0.0121461142,2.5450000000000004,115.271309,8.95467171,414.662481,0.04311952,11.280000000000001,8.996370299999999,985.392999,7.70049398,,,,,,
ISic001822,2.0465455439999998,10.180071,18.3203431,72.20978,1.3188784917,34.08281982,50.58,12.44930629933393,8.89984995,0.9285947999999999,0.0043516745,5.79,17.1930088,5.03992362,96.0524223,0.023329147200000004,8.039,8.260864580000002,10.25348376,9.499346659999999,,,,,,
ISic001822,6.47588448,10.6016699,57.411878699999995,89.37991000000001,0.59467968,22.20502172,53.8,11.507463122304967,8.267451600000001,1.046682,0.0055523027,2.6670000000000003,14.9719024,4.22270348,122.69536439999999,0.0071630444000000005,4.127,10.38716719,9.29351691,7.26968767,,,,,,
ISic001822,2.645357298,5.014970330000001,58.2579639,83.7499,0.46537232,39.132126459999995,54.07,13.57715965613125,6.50804741,0.9757529999999999,0.0072857398,1.495,12.072124599999999,6.77741512,110.30360069999999,0.019288550800000002,0.4718,10.793176220000001,9.98365524,10.174591659999999,,,,,,
ISic001822,80.1702045,5.5661337699999995,8.352149899999999,105.16354500000001,0.2195915925,33.48644502,51.02,32.77907494499165,5.75636742,1.2316725,0.0061622604,4.319,79.0857839,7.69528994,197.514051,0.047208440000000004,32.17,4.57963377,342.1633194,10.13137598,,,,,,
ISic001822,10.62709248,2.0822872500000003,98.99093870000002,104.071155,0.8534901333000001,8.990350110000001,68.71,39.220456554837455,7.151756949999999,1.3752558,0.008404397400000001,2.75,58.3657404,8.333967849999999,217.01840099999998,0.038584536,20.14,8.044902330000001,358.560591,10.26912596,,,,,,
ISic001822,8.551488480000002,9.37903309,55.0886593,102.36254500000001,0.54627132,35.02707992,70.25,44.366470495979335,7.69469407,1.38024,0.0094941242,4.115,58.8079051,10.36383723,181.000368,0.056612956,4.841,10.018180260000001,219.5989032,8.707959520000001,,,,,,
ISic001822,48.413463300000004,0.11064400399999999,34.431171060000004,82.503455,0.43637234129999997,44.25101016,52.49,71.15101877883787,403.912312,1.1820221999999998,0.0067336437,2.041,84.9059053,3.9207394399999997,266.429421,0.0362687204,0.1118,7.38590895,615.4165859999999,9.44127559,,,,,,
ISic001822,41.351220690000005,0.0361135448,34.126867860000004,81.41106500000001,0.5408143125,21.63846566,53.62,75.58474708205263,455.32681199999996,1.1839392,0.0071073332,0.08221,88.7311441,6.2345988100000005,286.193829,0.0348710532,18.4,6.00868683,649.1451509999999,8.48782965,,,,,,
ISic002713a,0.1548919485,9.46746603,29.711117100000003,79.50638500000001,0.2552734688,36.4782586,76.39,69.65792858427398,9.720425370000001,1.0618263,0.057210657,1.562,64.5354804,8.39627789,516.085101,0.0184484636,22.62,3.2394337500000003,32.29120923,9.641148110000001,,,,,,
ISic002713a,35.27488998,6.28799335,0.033420927822879996,82.81156500000002,0.4373020617,108.73900520000001,63.540000000000006,85.30438289208824,5.39646592,1.211544,0.038260983000000005,7.944999999999999,66.324705,10.10740745,509.19356400000004,0.0291502824,10.11,6.380141900000001,13.979192939999999,10.07060393,,,,,,
ISic002713a,0.3615183267,6.758950169999999,60.28869336,82.60149000000001,0.17055778319999998,59.140501,68.11,81.33195840205431,7.77078753,1.021761,0.09057751300000001,1.853,35.8256236,7.549101,484.358025,0.030031258800000005,14.07,10.79070808,19.03847769,11.53048362,,,,,,
ISic002713b,0.19510677599999998,15.434632899999999,87.50973880000001,75.38891500000001,0.2445456048,42.342610799999996,72.96000000000001,74.53005666823337,10.024799210000001,1.2933999,0.011996638399999999,0.2445,26.499033299999997,8.52688932,789.0159719999999,0.0222325732,0.9407000000000001,9.09015962,30.96282267,13.680463699999999,,,,,,
ISic002713b,4.142905584,11.701940200000001,43.540996359999994,68.72253500000001,0.4577686617,42.620919040000004,75.32000000000001,630.5226932772051,7.384150490000001,1.1590182,0.5012261100000001,0.4779,28.5041988,8.185382370000001,405.300393,0.067987588,14.33,17.3386835,26.629999320000003,12.21923352,,,,,,
ISic002713b,21.65892774,7.31936822,149.81826909999998,79.63243,5.6355915,43.56517914,66.8,7005.324045308856,5.4746159599999995,1.7082386999999999,0.088769338,41.96,53.8721131,17.650517100000002,536.109567,0.118504336,1.25,13.9696724,64.6031745,24.578918,,,,,,
ISic002713b,30.15333711,7.203171449999999,12.24322618,71.56555,3.5618664200000003,41.80587348,74.05,2378.649218206355,7.43864986,1.7114976,0.11155234300000001,14.73,76.83382879999999,17.003451300000002,474.215763,0.11385783600000002,3.95,7.98690104,50.67587166,21.621344899999997,,,,,,
ISic002713b,50.00648937,6.8689772,107.41419640000001,81.31303000000001,1.37771438,17.96082106,67.05,487.40661802352946,5.54968113,1.6187148,0.10453662400000001,9.928999999999998,93.3995807,15.685354300000002,531.688581,0.051631908,0.1963,8.47435869,45.86565939,17.6509043,,,,,,
ISic002748,323.69044379999997,8.651003769999999,5.521642937299999,74.08645000000001,0.1997162825,34.23191352,83.21,4475.139243997452,7.71320329,1.2161448,0.0197404492,12.07,64.6485923,9.56099633,536.369625,0.12188698800000002,39.239999999999995,7.87830288,33.03842667,15.260537,,,,,,
ISic002748,984.355197,1.7378101000000001,52.6102119,71.56555,1.0654426517,44.270889319999995,75.39,1508.4449259310773,0.185606345,1.2596606999999997,0.0105042913,0.02556,1411.84217,4.3545131800000005,571.477455,0.09898903600000002,43.39,0.0343441681,30.22598325,11.72495418,,,,,,
ISic002748,2146.174536,0.391470003,50.99087526,62.11217500000001,5.19533672,42.58116072,92.13,14247.294478230768,0.8427864840000001,1.0472571,0.0102752558,1.102,3156.8503,1.38040704,533.639016,0.10883961600000001,12.75,0.141794643,28.741926390000003,10.42713329,,,,,,
ISic002754,9.454376219999999,8.66539983,24.555853680000002,85.612565,1.3865310032000002,39.05260982,73.51,245.2670474625575,9.93019653,1.2667536,0.0067384655,12.25,15.064448500000001,8.19017545,915.664218,0.10564282400000001,10.57,8.34478134,16.734557249999998,13.42927256,,,,,,
ISic002754,0.16677478140000002,10.3343145,45.58772386,60.58563,1.0223100888,33.40692838,134.0,233.71766843300696,7.37592417,0.9638676,0.0056149861,0.0217,15.650573800000002,8.57482012,669.7793790000001,0.08802329600000001,9.870000000000001,6.6269559,30.96282267,15.003943900000001,,,,,,
ISic002754,15.6708102,4.25917718,86.82755180000001,97.152685,0.2669286312,45.105814040000006,82.61,113.75516777247107,9.44381536,1.2740382,0.0114300769,7.469,18.632614800000002,14.738721000000002,1223.57289,0.055423452,27.74,8.78287619,13.21121946,14.0586009,,,,,,
ISic002754,0.1972342701,9.470550900000001,20.868173199999998,88.77769500000001,1.3669440512,35.09665698,72.92,408.147785130384,9.550757520000001,1.4020938,0.0059235813,12.35,19.1981743,11.490211030000001,936.2088,0.12173830000000001,34.0,10.67840771,12.863555790000001,22.6747271,,,,,,
ISic002754,0.4330747746,5.09826182,44.37054118,88.45558000000001,0.31686101369999997,52.90838434,72.34,736.9596218414622,10.8484595,1.4227973999999999,0.0112709575,9.72,10.8278937,11.58607263,943.880511,0.198349792,13.64,10.5883206,19.69229295,18.4071787,,,,,,
ISic002754,0.4330747746,5.09826182,44.37054118,88.45558000000001,0.31686101369999997,52.90838434,72.34,736.9596218414622,10.8484595,1.4227973999999999,0.0112709575,9.72,10.8278937,11.58607263,943.880511,0.198349792,13.64,10.5883206,19.69229295,18.4071787,,,,,,
ISic002764,4.182860960999999,6.985173969999999,1.2650893328,70.09502499999999,0.5331773832,39.499890920000006,133.7,1183.1360342378432,9.249468550000001,1.5725151,0.023192858,11.16,46.5506883,12.1864059,484.748112,0.21347879600000003,14.81,9.81455871,54.6921654,19.7036491,,,,,,
ISic002764,13.237164510000001,6.036062299999999,145.1251043,69.77291,0.6653462836999999,57.39113492,136.1,1092.7772199290384,7.13324773,1.6210152,0.0187712674,10.49,38.910493599999995,11.81014912,519.075768,0.145788584,11.64,13.0688013,47.4275514,22.6747271,,,,,,
ISic002764,9.947332170000001,11.9795785,122.4553405,68.28838,0.7397659752000001,39.97699076,91.13000000000001,551.4430267950743,12.2572168,1.4339159999999997,0.0140965323,11.559999999999999,50.2114007,11.40153905,445.99947,0.11077256,7.846000000000001,11.392934239999999,46.758169110000004,18.7312963,,,,,,
ISic002955,114.21011010000001,7.81706058,88.73918739999999,54.89960000000001,1.1521729799999998,35.007200759999996,359.6,528.1584272951247,12.1441049,1.0462986,0.055450700000000006,6.389,90.181033,10.58551718,509.71368,0.12846643200000002,44.910000000000004,7.805492750000001,217.26384869999998,20.4194088,,,,,,
ISic002955,43.67589717,14.817658900000001,3.1580427288,83.51181500000001,0.00044728581055829996,42.43206702,144.7,209.80417072857261,6.09981628,1.3190876999999999,0.0215751441,2.98,60.854202199999996,8.23570971,450.030369,0.107650112,32.73,9.2925471,75.8633262,16.2734045,,,,,,
ISic002955,9.11709057,11.1158149,87.37325340000001,93.931535,0.2084279288,52.4809824,93.91,281.47335060696355,6.90291077,1.6948196999999998,0.0198103653,5.050999999999999,33.3885763,10.48606077,453.281094,0.117798068,5.095000000000001,9.15803347,56.248868400000006,14.301689099999999,,,,,,
ISic002961,3.104584683,12.1646707,58.23171369999999,50.656085000000004,1.1889828048,25.87272674,105.5,93.72027519917168,15.9282121,0.8043732,0.0114324878,6.225,54.8181399,12.845454400000001,98.8090371,0.0364211256,58.27,8.93219866,73.11315090000001,12.12604971,,,,,,
ISic002961,2.172119586,12.1029733,71.6369693,43.051370000000006,0.015389583027000001,19.879160000000002,71.33,40.80315467302919,7.31525506,0.5039792999999999,0.0083151941,0.8052,31.157187,13.2768316,84.7008906,0.04404882,15.950000000000001,7.48833676,19.94136543,14.193649899999999,,,,,,
ISic002961,8.91471918,7.021164120000001,138.3491522,43.19142000000001,0.094999891875,26.916382640000002,89.8,67.50665764123337,9.80577344,0.7405371,0.007825781399999999,3.355,34.3654518,10.50283655,99.19912409999999,0.0183295132,5.351999999999999,11.43736076,24.73082166,14.450243,,,,,,
ISic002961,137.1974244,9.53841804,59.394203680000004,58.092740000000006,0.9636271925,50.20481858,191.29999999999998,244.12885626255178,3.73474928,1.171287,0.014311102400000001,13.34,269.41197999999997,5.96019498,148.493118,0.060516016000000006,29.32,7.7228100600000005,208.4425317,10.30288821,,,,,,
ISic003002,4.143943386,10.04947817,9.52850806,77.937825,0.1566834773,22.7119403,60.85,354.4460226303755,6.557405329999999,1.7097722999999998,0.0207891907,7.561,67.1576199,12.3301983,126.6872547,0.1003644,17.62,13.192208299999999,105.44068320000001,13.06328977,,,,,,
ISic003002,28.072544100000002,8.756917640000001,1.4595373676999999,93.31531500000001,0.7199110968,27.80100526,60.449999999999996,176.65911647461098,6.8453265299999995,1.6323254999999999,0.0212737816,3.717,84.0010101,13.5763991,152.524017,0.08166688400000001,21.64,15.9688658,61.4897685,18.0020317,,,,,,
ISic003002,28.212647370000003,8.00420936,14.87746636,82.82557000000001,1.56800658,19.95867664,56.97,165.55303246466104,4.60262604,1.3152537,0.0158492566,8.401,63.959638000000005,8.155425619999999,114.7765983,0.07189064800000002,22.02,11.16586536,66.0042072,15.827742800000001,,,,,,
ISic003018,4.7059131690000005,8.77234199,81.18855669999999,82.32139000000001,0.9072016457000001,32.760855680000006,83.04,612.6955104028386,10.4371435,1.606446,0.0112444376,7.6,36.709953,10.952187799999999,736.0941690000001,0.169355632,12.09,11.01407475,34.11255174,22.5396781,,,,,,
ISic003018,3.262330587,11.3831703,35.1544452,86.536895,1.8586500799999999,41.91520886,74.47,836.5845394810979,8.6582018,1.6942446,0.0092867868,9.23,21.2136227,10.39379398,895.769781,0.193331572,16.71,11.23127107,43.540982910000004,17.286272,,,,,,
ISic003018,0.2595023901,7.968219210000001,123.45349429999999,83.11967500000002,1.8603232200000002,53.296027959999996,87.11,636.8217833622167,7.2185958,1.5774993,0.0099184426,14.9,25.337065600000003,9.51306553,791.226465,0.158204032,0.1006,9.314760360000001,21.44617833,18.5152179,,,,,,
ISic003018,1.005111237,4.01855732,200.50272379999998,82.895595,1.0842345248,23.77547536,74.78,698.2057230486278,7.815004,1.4992857,0.009142132800000001,10.12,33.6559317,10.58551718,757.4189250000001,0.18552545200000004,19.68,11.51510717,51.6825396,16.989164199999998,,,,,,
ISic003077,1.8841295310000001,9.07877241,52.226177359999994,87.293165,0.25251422,30.812698,60.269999999999996,39.08614466594578,7.5476486,1.3765976999999998,0.0059959083,8.284,29.8101271,5.91585899,114.295491,0.046688032,6.842,11.580512879999999,34.449837390000006,8.38249143,,,,,,
ISic003077,16.19490021,11.4757164,83.4935085,91.59270000000001,0.7675369799999999,18.10991476,60.13,32.5761848617684,6.934787760000001,1.4249061,0.0049013597,0.4385,33.1520696,7.29386949,117.4681986,0.055014560000000004,14.120000000000001,13.9573317,39.71149353,12.24219185,,,,,,
ISic003077,0.1184132082,7.7471368599999995,877.1106811,91.59270000000001,0.054828318131999995,15.88344884,49.53,30.80495508970417,8.0720765,1.2554433,0.00223297558,7.807,21.7791822,3.4510175999999997,118.7814915,0.095755072,13.23,9.73064195,24.6996876,11.71279977,,,,,,
ISic003124,0.1917858096,9.84279188,63.13076769999999,76.04715000000002,0.4577686617,47.501252820000005,81.44000000000001,821.1633561519626,8.026831739999999,1.8474129,0.048314436,4.21,112.08361000000001,8.940292470000001,106.5717684,0.189316996,13.91,8.505210439999999,56.663989199999996,11.804633090000001,,,,,,
ISic003124,27.99470895,6.46897239,0.319749304452,87.825355,0.01268213774828,25.4950227,94.36,1086.293058978884,5.28129744,1.976427,0.031679226,8.998,78.2220203,8.23570971,154.214394,0.228013048,38.61,10.020648399999999,56.248868400000006,14.180145000000001,,,,,,
ISic003124,72.3347994,8.13274561,92.16452240000001,96.872585,0.017263301643,28.327803000000003,75.67999999999999,516.2937466758813,6.89159958,1.7055548999999999,0.02820753,6.215,98.5718794,7.53352349,134.840073,0.148353452,5.994,6.620785550000001,61.3859883,10.80662098,,,,,,
ISic003124,0.1638689358,6.302389410000001,171.01591360000003,55.417785,2.61876342,28.61605082,64.89,1433.6786741936148,8.50190172,1.5232481999999998,0.029919269000000002,3.165,60.535432300000004,13.348727799999999,172.418454,0.20054294000000003,54.660000000000004,9.98239223,19.90504236,14.0721058,,,,,,
ISic003125,1.6542563879999999,5.72860359,66.5745561,92.55904500000001,1.0578991751999998,23.417650480000002,68.55999999999999,559.8783035210245,5.4077771100000005,2.093364,0.019742860100000002,6.195,58.7770564,17.3988804,137.700711,0.16173537200000002,21.759999999999998,13.7475398,57.7536813,28.1172018,,,,,,
ISic003125,6.04519665,9.28134554,78.6206421,90.30424000000001,0.23214049529999997,18.55719586,71.92,596.8665278897055,8.473109599999999,1.8403199999999997,0.012416135,11.610000000000001,51.918362099999996,14.9184615,127.5974577,0.18281189600000003,2.629,9.90341175,49.42013124,19.5280854,,,,,,
ISic003125,2.107256961,5.37487183,47.427210759999994,83.45579500000001,0.22984426080000003,41.04052582,86.53999999999999,1047.7954112472626,6.51627373,2.296566,0.028641492,9.019,58.6536616,12.6657139,137.700711,0.26302907200000003,27.25,11.27569759,64.2399438,14.450243,,,,,,
ISic003300,3.510365265,9.351269259999999,50.04960196,84.884305,0.34180561169999996,41.18961952,94.23,511.8278533739085,10.930722699999999,1.7201240999999998,0.0091397219,11.549999999999999,54.35540939999999,7.26271447,132.759609,0.16073172800000002,0.506,8.408952979999999,94.1805315,10.801219020000001,,,,,,
ISic003300,3.5368292159999997,6.94301408,83.4256168,83.60985000000001,0.037268071092,25.17695614,62.03999999999999,150.39043611490564,5.44479555,1.3045185,0.0042142531999999995,4.2010000000000005,38.6225724,6.40954623,117.3901812,0.0789905,0.4485,7.689490170000001,47.94126339,10.35150585,,,,,,
ISic003300,11.441767050000001,4.54607009,32.2091445,71.62157,0.085285415075,32.56206408,69.89,268.84722662284713,7.9075501,1.3328901,0.0056873131,7.092,32.4631153,5.50125757,101.91673019999999,0.105048072,8.912,7.841280780000001,57.3385605,11.97614532,,,,,,
ISic003300,0.650182953,8.73635184,2.6595140632,98.665225,0.020134739723000002,33.03916392,66.58,102.55669500958908,8.74149329,1.4532777,0.005817501700000001,4.435,53.1214614,11.1798591,140.041233,0.158018172,20.03,7.48586862,52.6684515,13.422520109999999,,,,,,
ISic003300,8.39062917,8.76720054,60.268950000000004,91.87280000000001,0.117638624075,57.7489598,94.3,421.3136207427487,7.317311640000001,1.6771832999999998,0.006957857400000001,17.05,58.3657404,8.588001089999999,137.440653,0.13995258,5.796,9.27897233,65.381526,12.6270815,,,,,,
ISic003300,2.3345355989999996,14.9719024,39.81720468,96.91460000000001,0.00672643454175,34.86804664,86.67,255.04143760037837,9.357439000000001,1.5230565,0.0105452766,1.896,58.5611155,7.885814869999999,147.452886,0.150137708,30.759999999999998,10.65866259,56.9753298,10.16783921,,,,,,
ISic003321,33.401657369999995,6.54403756,42.34025066000001,62.126180000000005,1.4929773432,29.63982756,68.11,929.3953742278553,4.21701729,1.0489824,0.008920329999999999,0.014879999999999999,27.9386393,7.171645949999999,969.626253,0.07954808000000001,0.14609999999999998,8.45954985,52.149550500000004,8.7376703,,,,,,
ISic003321,51.49054623,8.078246239999999,54.54004606,47.36491,1.4341130825,33.50632418,46.46,1202.8806355026697,7.30188729,1.0668104999999999,0.0118519844,0.64,24.3807559,9.25184267,685.25283,0.171511608,0.8017,9.381400139999998,56.8196595,15.638674199999999,,,,,,
ISic003321,21.43580031,7.386207069999999,73.9799988,28.654230000000002,0.6258256277,35.335206899999996,60.38,1420.1692749805773,4.108018550000001,1.0227195,0.054558667,3.3569999999999998,30.8075684,10.821576369999999,506.592984,0.18061874800000002,34.71,7.04036935,83.6468412,21.742889,,,,,,
ISic003331,36.80564793,5.3265422,154.1665514,46.55262,0.06601007347200001,46.98439466,105.1,228.17794806625992,4.21187584,0.8891045999999999,0.0146196976,1.434,141.081388,4.18675538,130.80917399999998,0.038956256,12.969999999999999,8.76559921,77.5756995,6.57958728,,,,,,
ISic003331,189.5026452,5.97025174,1974.836891,83.49781,0.44055648,11.430517,74.71,70.0217690065131,5.18669476,1.0608677999999998,0.0029557634,0.3039,256.147039,5.05430286,197.38402200000002,0.063638464,11.03,7.65740435,30.24673929,12.82020157,,,,,,
ISic003331,35.368292159999996,7.9301724799999995,83.28985139999999,81.98527000000001,0.027754055483,49.876812439999995,93.24,200.3652432331331,4.60982407,1.4220306,0.013802402500000002,0.09495,100.76213709999999,7.41010168,206.095965,0.108244864,4.5249999999999995,9.378932,68.9619429,11.73845908,,,,,,
ISic003355,28.98580986,4.70031359,91.341074,83.343755,2.42354462,44.59889546,60.29,327.4898392555496,10.9718543,1.3286726999999998,0.0090698058,6.066,43.1778971,10.26318255,390.477087,0.08430609600000001,14.5,12.9947571,37.57881042,14.7068361,,,,,,
ISic003355,77.21246880000001,8.2983003,38.4252071,75.65501,0.024881276763000004,39.1122473,53.8,381.7192278194575,7.63505325,1.1651525999999999,0.0117097413,7.948,43.476101199999995,10.75567152,385.92607200000003,0.10318947200000002,7.627,11.05356499,61.9567794,19.717154,,,,,,
ISic003355,97.9166187,8.7301821,87.3050197,61.88809500000001,1.75851788,34.6394363,76.47,951.8452644956518,14.9719024,0.9947313,0.024253654000000003,6.251,106.530844,10.27157044,339.63574800000004,0.166790764,20.77,7.14403123,50.494256310000004,21.1216636,,,,,,
ISic003356,11.457334079999999,9.14252639,92.37051949999999,73.05008,0.4500132917,53.85264444,80.89,2464.4633496185966,6.87103378,1.3470758999999999,0.0114855276,17.61,29.861541600000002,8.07873634,430.786077,0.36956402400000005,31.66,17.3757056,37.59956646,26.8477412,,,,,,
ISic003356,0.09371352059999999,9.39754231,15.99835886,72.40585,2.0874823200000003,31.876233060000004,59.88,2456.4354535463067,7.75947634,1.3008762,0.0157986277,18.56,26.4681846,10.682577049999999,441.448455,0.37729580000000007,19.150000000000002,11.25101619,36.54100842,26.7802167,,,,,,
ISic003356,0.1421269839,6.62835734,71.5033039,64.661085,0.026861927988,39.37067638,50.66,2441.3083657689676,9.477748929999999,1.2740382,0.0114710622,7.958000000000001,29.851258700000002,10.7484819,417.913206,0.44123164,25.56,12.5134698,38.33640588,21.067644,,,,,,
ISic003357,17.83462737,6.59648035,41.4618916,67.153975,0.5425291872,65.83977792,63.17000000000001,4927.811768954818,7.973360660000001,1.2420243,0.019077451699999998,21.07,24.3807559,5.95420363,254.20669500000002,0.51966456,56.72,14.352234099999999,31.383132479999997,24.8625209,,,,,,
ISic003357,7.11413271,10.982137199999999,110.70972830000001,63.59670500000001,2.27104668,67.3903524,61.25,9708.743856686351,8.31166807,1.2588939,0.025386777,18.87,34.056964799999996,12.270284799999999,255.376956,0.65757268,30.349999999999998,11.562001830000002,29.65000314,25.8888933,,,,,,
ISic003357,6.74052399,10.029940660000001,41.9490174,64.56305,6.6614683800000005,36.33910448,83.27,6863.078985981544,11.4037361,1.1172275999999999,0.020145480400000002,25.2,19.8665628,10.71373207,239.383389,0.4163264,81.58,12.8836908,31.30529733,32.7088678,,,,,,
ISic003357,63.46159229999999,3.96200137,83.90098469999998,75.641005,0.701337,43.67451452,68.42,2616.7905311806667,7.33787744,1.1118599999999998,0.0123148772,9.331999999999999,62.190979199999994,8.42743291,284.373423,0.28094597600000004,1.9889999999999999,11.0202451,28.674469260000002,20.1628157,,,,,,
ISic003365,12.017747159999999,9.865414260000001,33.2211173,66.985915,1.4498362697,43.04832098,77.65,1588.7051742000363,6.14403275,1.6618472999999998,0.025651976,15.509999999999998,34.3551689,12.7615755,533.378958,0.16032283600000002,12.3,21.9541053,104.5066614,19.7711736,,,,,,
ISic003365,0.1181018676,7.36152811,551.8060842,72.60192,1.5406596072,43.54529998,80.52,595.5566559564265,6.51318886,1.3560858,0.026688662999999998,17.91,24.4938678,9.17395512,447.949905,0.058694588,0.2817,15.771414599999998,38.40386301,18.4206836,,,,,,
ISic003365,0.589471536,6.570773099999999,24.443418299999998,55.57184,1.4084269248,32.850311899999994,59.56,1289.918512570676,6.1872209300000005,1.4720643,0.0219560663,14.209999999999999,28.010619600000002,10.429742079999999,372.012969,0.18638040800000003,0.5616000000000001,16.8697369,52.5127812,13.28206915,,,,,,
ISic003367,2.871079233,8.17079234,52.083031500000004,74.660655,0.6750832473,44.49949966,73.94,673.8734524455087,11.0746833,1.5105959999999998,0.010287310300000001,15.88,18.5606345,13.540451,1094.584122,0.18273755200000003,2.9229999999999996,10.71666388,13.532938080000001,19.0689188,,,,,,
ISic003367,0.1540617069,4.863811699999999,31.49536418,75.809065,1.3130212052999999,34.28161142,61.45,372.6360189510408,8.09367059,1.3863743999999998,0.009713516100000001,5.808,16.2778307,9.12482605,942.450192,0.11218509600000001,38.220000000000006,10.95237125,12.31870974,18.6772767,,,,,,
ISic003367,4.831487211,6.09467483,164.418668,67.49009500000001,3.1528275800000003,41.656779779999994,77.74,4060.1669228430633,11.9384469,1.5765408,0.025362667999999998,10.56,32.5248127,11.88084705,909.552855,0.38101300000000005,4.573,10.70185504,36.70705674,26.8072265,,,,,,
ISic003367,0.2300807034,10.4268606,65.9773548,72.34983,0.5342681672999999,40.57336556,76.07,227.35231111059863,14.7662444,1.2717378,0.0086768291,6.434,13.593993799999998,9.81263303,859.101603,0.099955508,15.319999999999999,9.429528869999999,8.15712372,20.7300215,,,,,,
ISic003367,9.19492572,8.322979259999999,38.67402476,67.88223500000001,1.1578188825000002,55.78092296,39.42,201.40416080488038,13.3369213,1.1074509,0.0064684447,1.484,16.6994296,6.86249229,727.642284,0.089361488,48.54,7.28471521,12.99847005,15.8952673,,,,,,
ISic003367,6.81317013,6.0401754599999995,87.57799050000001,87.58727,1.51203612,35.4346027,66.03999999999999,310.40316300081383,12.4114603,1.3779396,0.006099576999999999,6.243,9.04072568,9.65925447,975.347529,0.12549267200000003,0.33599999999999997,10.22056774,8.30760501,22.161540900000002,,,,,,
ISic003374,106.5822654,6.35174733,116.13743520000001,58.470875,4.10375658,40.086326140000004,71.92999999999999,2123.9365435592786,12.3806116,1.4693805,0.0231277637,1.704,104.78275099999999,12.3301983,792.396726,0.19124994,0.04613,7.38590895,254.5728306,34.5320293,,,,,,
ISic003374,120.903933,7.2823497800000005,67.9699158,53.204995000000004,2.6900370000000002,25.51490186,77.26,2860.8514787805634,10.2829,1.5422265,0.0210375134,1.963,91.77488249999999,17.7104306,858.1914,0.24589278,50.46,9.51961598,347.76745020000004,33.370607899999996,,,,,,
ISic003374,9.905820089999999,8.17799037,6.18208256,59.82936000000001,1.5294683712,25.13719782,61.760000000000005,288.8108507612122,8.06590676,0.9076994999999999,0.008049995099999999,6.725,14.416625799999998,6.68514833,772.632318,0.071333068,7.213,4.91776895,19.4587875,15.2065174,,,,,,
ISic003375,25.95542802,7.18877539,20.11082526,96.872585,1.7269144200000002,37.83998106,59.410000000000004,816.0547381997109,4.52858916,1.5328331999999998,0.0075557606,8.482,48.7100973,8.06315883,913.193667,0.10895113200000002,22.68,39.761735400000006,130.9187223,18.6097522,,,,,,
ISic003375,21.98064636,8.91218943,126.52660540000001,55.473805000000006,9.46608012,42.55134198,110.3,14722.953930144156,12.8022105,1.6478532,0.07813726900000001,18.709999999999997,20.6274974,18.693012,737.654517,0.41855672000000005,20.400000000000002,45.4507981,121.31905379999999,58.6787905,,,,,,
ISic003375,47.40160635,11.9795785,24.45591016,47.687025000000006,3.4229122199999997,40.77215716,92.38000000000001,4289.960543848977,7.65253418,1.1496248999999998,0.046699133,23.93,16.2881136,13.7441569,560.815077,0.18366685200000002,50.65,37.6884978,68.1317013,27.2258784,,,,,,
ISic003378,10.48698921,12.5862696,39.1974775,101.77433500000001,0.22020351570000002,31.29973742,55.63,26.765059334589193,5.87564906,1.2734630999999998,0.002724317,5.592,69.1627854,8.41425194,146.54268299999998,0.0306222936,33.11,8.496571950000002,67.40523990000001,10.90115528,,,,,,
ISic003378,3.759956646,3.57947749,53.554913,104.39327,0.4743769128,42.0444234,61.3,14.158416488906031,10.4474264,1.2807477,0.00094796588,3.125,72.4533134,6.73307913,136.010334,0.0219946724,0.4897,9.19628964,48.26298201,8.57020954,,,,,,
ISic003378,3.759956646,3.57947749,53.554913,104.39327,0.4743769128,42.0444234,61.3,14.158416488906031,10.4474264,1.2807477,0.00094796588,3.125,72.4533134,6.73307913,136.010334,0.0219946724,0.4897,9.19628964,48.26298201,8.57020954,,,,,,
ISic003379,3.4688531850000004,9.85821623,47.49830618000001,88.17548000000001,0.48556158,41.86551096,59.07,50.646791320831326,7.01190951,1.0591425,0.0072399327,6.401,25.193105,10.10860572,119.7827148,0.0309196696,1.248,6.16171151,35.285268,12.08148354,,,,,,
ISic003379,57.9612417,11.2803413,84.9886439,94.05758,0.49333298000000003,33.32741174,66.36,34.210147774868624,7.09828587,1.2042594,0.0031558681,2.802,130.798488,6.657588120000001,135.620247,0.022782718800000004,8.495000000000001,4.2945636,34.63145274,11.73980957,,,,,,
ISic003379,12.54702618,19.0336479,72.1718709,84.74425500000001,0.21714412370000002,14.96900748,60.54,87.24696036585405,9.677237190000001,1.108026,0.0064491575,4.157,62.85936769999999,8.535277209999999,118.1833581,0.06821062,4.922,6.610912989999999,45.21184413,10.70398374,,,,,,
ISic003380,58.635813,7.46332882,151.9529504,52.140615000000004,0.9749653032,41.31883405999999,102.6,1071.0439837487156,6.73324292,1.163619,0.0172837421,5.675,67.39412659999999,9.81143476,320.52148500000004,0.162144264,22.3,9.970051530000001,40.116236310000005,15.395586000000002,,,,,,
ISic003380,71.7121182,8.8124453,189.7047058,57.490525,3.01279692,43.32662922,99.56,1222.790054153646,10.4782751,1.1760795,0.0190605754,4.16,67.06507380000001,9.13561048,336.645081,0.168277644,9.205,9.16050161,39.13032441,21.4187714,,,,,,
ISic003380,62.9945814,7.71937303,128.7489861,56.818285,0.4334285592,42.541402399999996,75.56,987.4254101058543,9.3265903,1.2625362,0.0226841581,7.27,79.5176657,9.14160183,335.994936,0.125715704,32.6,11.3411033,71.7121182,20.4329137,,,,,,
ISic003381,0.2359442847,8.04431267,188.8612731,73.77834000000001,0.35614225920000003,33.51626376,53.949999999999996,476.00091627868096,5.7070095,1.1689866,0.009192761700000001,8.885,45.9337143,11.45306466,433.516686,0.10772445600000001,3.116,11.823624670000001,24.55439532,24.984065,,,,,,
ISic003381,12.6611844,4.96047096,107.8341646,81.17298000000001,0.3027113033,25.28629152,62.669999999999995,483.4587451044396,9.184686280000001,1.3873329,0.0099473734,14.89,41.5326331,8.79050872,453.41112300000003,0.143929984,17.43,9.33697362,17.206757160000002,22.5396781,,,,,,
ISic003381,0.0826609293,10.3034658,13.93671526,69.77291,0.5350473407999999,36.9255397,70.74000000000001,1120.103119949486,7.881842850000001,1.2111606,0.0121340597,12.19,37.943901000000004,10.32429432,487.218663,0.21548608400000002,33.9,7.899282070000001,78.5097213,20.0817863,,,,,,
ISic003382,0.04920738183,14.8587905,39.344372060000005,76.41128,1.4161127924999999,28.43713838,74.44999999999999,919.6240300344826,10.3343145,1.8826857,0.0081946491,13.370000000000001,29.2959821,16.6080222,823.473657,0.16344528400000002,0.1508,10.59819316,43.87826856,40.6902637,,,,,,
ISic003382,0.12074826270000001,10.4782751,35.35125986,74.744685,1.7269144200000002,37.24360626,62.37,718.170758510772,3.8211256400000004,1.4273982,0.0087250471,5.497,27.136573100000003,10.77963692,746.106402,0.137201852,12.06,11.65949336,68.1835914,34.6670783,,,,,,
ISic003382,0.3413849679,15.4757645,9.31501296,54.409425000000006,1.3052143125000002,26.66789314,47.73,844.3487731156893,8.6067873,1.3900166999999999,0.0099353189,4.378,20.8434383,15.002340400000001,576.158499,0.15352036000000002,8.940000000000001,8.47312462,15.84723654,29.4947016,,,,,,
ISic003387,2.811924519,7.30908532,94.57118189999998,82.67151500000001,0.5726450037,31.76689768,60.64,131.742485592012,12.925605299999999,1.1960163,0.0088552357,6.245,71.0342732,9.96241678,333.78444299999995,0.06003278,2.001,10.208227039999999,37.46984121,13.9775715,,,,,,
ISic003387,17.320915380000002,4.67152147,169.51245960000003,81.87323,0.43900668000000004,35.802367159999996,54.330000000000005,123.59825094964225,10.797045,1.247967,0.0134913964,5.106,96.27879270000001,10.11579534,360.83047500000004,0.07255974400000001,2.144,10.14528947,42.3942117,12.04502031,,,,,,
ISic003387,1.301922609,4.73938861,8.0721042,79.31031500000002,0.3002516937,42.45194618,58.050000000000004,161.53080956017328,7.545592020000001,1.2090519,0.0089613153,4.761,69.1525025,8.32198515,356.539518,0.09739064000000001,10.77,8.9840296,36.36977109,19.582105,,,,,,
ISic003387,36.624032580000005,1.439606,126.09713319999999,77.27959,0.00938002582608,30.713302199999998,65.21,351.40054619305806,9.47980551,1.347651,0.012850097000000001,6.327,259.54039600000004,7.8127204,386.576217,0.15348318800000002,0.2898,8.139925719999999,59.9330655,12.107142849999999,,,,,,
ISic003387,5.29797921,6.831958759999999,73.9799988,80.01056500000001,0.8819150647999999,19.78970378,60.24,234.83301709803777,11.8150521,1.2414492,0.0099256753,6.314,287.304226,8.470570630000001,362.65088099999997,0.10300361200000001,20.44,12.612195400000001,53.3430228,14.8418851,,,,,,
ISic003387,101.2894752,4.31676142,270.0752674,82.65751,0.49426578320000003,22.24478004,68.51,270.9326295593354,7.447904469999999,1.1841309,0.016273575000000002,8.269,709.005955,6.83852689,422.33419200000003,0.112519644,0.1751,8.12264874,67.92414090000001,10.0341407,,,,,,
ISic003387,141.1929621,7.52605451,160.9141741,77.769765,1.0908242457000001,32.601822399999996,77.85,455.49603728035135,9.45101339,1.3509099,0.0162133025,4.606,457.28056300000003,6.28971923,402.439755,0.111553172,0.4227,7.69689459,77.0049084,14.9634292,,,,,,
ISic003390,45.585452849999996,9.52093711,41.2056488,79.81449500000001,0.089246407712,20.29662236,75.35000000000001,255.62196285279126,6.78260084,1.5514280999999999,0.0189110996,12.0,80.4842583,8.14464119,189.84233999999998,0.148911032,4.371,14.117760800000001,74.6179638,8.655290410000001,,,,,,
ISic003390,0.4697610753,11.3934532,67.10580970000001,88.62364000000001,0.5267898825,22.364055,58.71,96.9432280874475,9.58880425,1.5253569,0.016348312900000002,17.71,52.977500799999994,5.99853962,167.73740999999998,0.032005092000000006,2.887,11.78907071,22.71748578,12.16656441,,,,,,
ISic003390,27.4498629,10.9512885,29.9315233,86.66294,0.1530262517,22.03604886,53.38,123.82841182464531,5.50752124,1.3190876999999999,0.020208163799999998,6.867,84.95731980000001,8.07753807,165.917004,0.057467912,4.277,8.48423125,51.77594178,11.92617719,,,,,,
ISic003390,12.10077132,9.2648929,58.90139368,88.23150000000001,0.0548889033,39.678803359999996,59.64,84.50021859612313,14.4783232,1.5466356,0.0135854215,10.64,56.8850028,11.18824699,162.926337,0.07728058800000001,7.156,8.32009994,32.37423339,7.53033224,,,,,,
ISic003418,21.83535408,6.02063795,8.9613829,74.70267,0.044865107168000004,27.69166988,66.76,691.6126934737226,9.62068124,1.4170464,0.0134745201,5.119,91.414981,11.44108196,388.00653600000004,0.14411584400000002,46.82,8.26703493,37.75004775,12.112544810000001,,,,,,
ISic003418,21.83535408,6.02063795,8.9613829,74.70267,0.044865107168000004,27.69166988,66.76,691.6126934737226,9.62068124,1.4170464,0.0134745201,5.119,91.414981,11.44108196,388.00653600000004,0.14411584400000002,46.82,8.26703493,37.75004775,12.112544810000001,,,,,,
ISic003418,47.34452724,10.3343145,28.62276026,71.467515,0.06425200252800001,49.46928966,87.32,1868.4414667899334,7.31319848,1.5393510000000001,0.0212014546,7.354,76.6487366,9.4902984,364.471287,0.238421208,13.790000000000001,11.4398289,51.25185177,24.2548004,,,,,,
ISic003699,81.20800650000001,8.38262008,66.9729603,85.17841,3.78190008,39.82789706,77.55,5486.840844205845,6.770261360000001,2.020518,0.14151982999999999,22.12,68.3504363,11.48182314,331.443921,0.124935092,31.2,9.67140659,47.240747039999995,18.8258306,,,,,,
ISic003699,81.20800650000001,8.38262008,66.9729603,85.17841,3.78190008,39.82789706,77.55,5486.840844205845,6.770261360000001,2.020518,0.14151982999999999,22.12,68.3504363,11.48182314,331.443921,0.124935092,31.2,9.67140659,47.240747039999995,18.8258306,,,,,,
ISic003699,3.1824198330000004,4.33835551,44.364106760000006,50.039865000000006,0.5542260297,23.28843594,52.84,161.0605221138963,5.4334843600000005,1.0162016999999999,0.060055518999999995,0.7962,98.80838609999999,10.05588184,202.19509499999998,0.04505246400000001,6.853000000000001,8.25716237,39.13551342,12.86746872,,,,,,
ISic003699,22.21934082,8.107038359999999,33.0312554,93.56740500000001,0.49955262000000006,43.5353604,48.099999999999994,711.961291094658,9.59291741,1.9003221,0.100486312,9.791,52.411941299999995,8.27405435,360.96050399999996,0.071630444,4.64,9.74174858,33.11107281,18.2451199,,,,,,
ISic003699,29.60330205,10.560538300000001,104.48046700000002,94.81385000000002,2.3754481800000002,38.23756426,50.519999999999996,512.2330597198376,8.38159179,1.7057466,0.12705443,6.473,70.59210850000001,7.788754999999999,352.11853199999996,0.048137740000000005,2.9610000000000003,9.38633642,32.20299606,11.3306111,,,,,,
ISic003699,77.4200292,7.8561356,0.7163974832,74.36655,4.595524500000001,37.223727100000005,96.85,6245.586447736246,12.0001443,2.085696,0.16155440899999998,26.59,114.65433500000002,21.209379,273.581016,0.16894674,4.129,13.611792099999999,72.3866895,27.036809799999997,,,,,,
ISic003699,28.04659905,9.19085602,62.39115218,88.34354,0.7760663231999999,30.365416899999996,61.62,1446.5726470025586,6.30958744,1.8523971,0.12440243999999999,13.5,48.1342549,14.1755341,334.434588,0.09519749200000001,19.21,8.818664219999999,32.56622676,15.6791889,,,,,,
ISic003699,121.7341746,13.3060726,178.03850169999998,9.974361000000002,48.609466499999996,84.90389236,201.10000000000002,223047.99727575295,1.51878433,5.800841999999999,0.09496535099999999,133.29999999999998,129.667369,79.82874740000001,92.17755810000001,0.7252257200000001,95.11999999999999,11.170801639999999,247.51577699999999,60.5559716,,,,,,
ISic003699,121.7341746,13.3060726,178.03850169999998,9.974361000000002,48.609466499999996,84.90389236,201.10000000000002,223047.99727575295,1.51878433,5.800841999999999,0.09496535099999999,133.29999999999998,129.667369,79.82874740000001,92.17755810000001,0.7252257200000001,95.11999999999999,11.170801639999999,247.51577699999999,60.5559716,,,,,,
ISic004340,1.524531138,5.26895796,82.27237590000001,96.480445,0.26662181279999997,26.80704726,61.82,56.30066060553577,8.88648218,1.2853485,0.011280601099999999,5.4750000000000005,28.483633,7.6138075800000005,129.36585209999998,0.018756991200000003,24.22,7.791917979999999,13.60039521,14.0721058,,,,,,
ISic004340,6.455128439999999,9.710142470000001,105.24780170000001,95.61213500000001,0.120071476875,26.96608054,54.94,48.62222067513849,12.5040064,1.4233725,0.0070976896,5.208,28.339672399999998,9.34770427,144.072132,0.043156692,1.5370000000000001,10.23907879,10.25348376,6.50260935,,,,,,
ISic004340,0.582206922,9.179544830000001,110.6394726,85.724605,0.132819397683,27.66185114,65.12,29.112766355763068,8.592391240000001,1.115694,0.0073170815,1.9089999999999998,19.3010033,7.27589544,119.3926278,0.024176668800000002,0.22840000000000002,9.39374084,11.50922418,11.32926061,,,,,,
ISic004340,1.3299432629999999,5.3265422,110.99081109999999,94.43571500000002,0.2621735753,23.89475032,76.22999999999999,50.96991241720346,9.61759637,1.2462417,0.0100606857,7.25,25.0697102,6.73907048,123.9696486,0.044346196000000004,18.9,8.9840296,16.88503854,8.74712373,,,,,,
ISic004341,0.7332071130000001,6.35380391,49.10959016,98.00699,0.2976387512,16.88734642,53.050000000000004,79.0441982081447,6.66948894,1.2656034,0.0064732665,3.575,113.21472899999999,7.858254660000001,150.573582,0.076276944,1.505,4.73512659,12.8168547,11.75601545,,,,,,
ISic004341,0.28041410040000003,7.59289336,54.141913699999996,97.20870500000001,0.3581472713,31.0114896,64.01,68.06249637409726,10.714781799999999,1.3010678999999998,0.0059428685,0.6148,130.901317,5.62827419,149.143263,0.083599828,1.209,5.37807706,15.62929812,8.17991793,,,,,,
ISic004341,6.24237903,15.013034,58.80287218,90.37426500000001,0.4094323737,24.67003756,51.81,36.169580975994776,6.62321589,1.071603,0.0026447573,2.914,73.7181101,7.29147295,107.18290470000001,0.052152316000000004,3.3770000000000002,3.53931276,14.72122137,11.00379252,,,,,,
ISic004341,3.3546949649999998,8.46179841,51.31574476,82.68552000000001,0.8666648312,22.29447794,56.99,54.723482619085445,6.883373260000001,1.0635516,0.0031823880000000004,1.778,59.4968594,5.14537138,133.669812,0.056352752000000006,5.133,8.1078399,14.731599390000001,8.13670225,,,,,,
ISic004341,2161.2226650000002,0.441239239,56.80252968,54.39542000000001,1.1284789173,47.958473500000004,106.5,147.0565526742244,0.0548798373,0.7712090999999999,0.011941187700000001,0.08232,16884.521800000002,1.1203824500000001,70.91781660000001,0.10512241600000001,40.75,0.25051621,44.007993809999995,0.0421893076,,,,,,
ISic004341,3317.8529940000003,1.51055801,167.411656,33.331900000000005,0.5060856528,52.958082239999996,222.3,302.18030155214336,0.175426274,0.8003474999999999,0.03953876,7.981000000000001,35938.735499999995,1.2785540899999999,49.163964899999996,0.120846172,88.57000000000001,0.20794079499999998,90.807675,0.1239479722,,,,,,
ISic004341,4138.754376,1.43240797,144.75948580000002,50.922180000000004,1.2730449753000002,81.4051602,153.20000000000002,283.90927589997204,0.282574092,0.9197765999999999,0.06969911899999999,14.440000000000001,39136.7174,1.72431053,62.6089635,0.156345432,165.6,1.194949981,99.5771019,0.149229145,,,,,,
ISic004341,13.418779859999999,7.30497216,2.7759617133000005,65.025215,0.32070809120000004,363.788628,66.41,66.83871817654348,9.10962111,0.7867367999999999,0.0050026175,0.6507999999999999,117.944863,7.61260931,152.263959,0.05490304400000001,3.5370000000000004,5.95808996,15.74345634,11.82353995,,,,,,
ISic004357,0.25125186419999995,9.94253601,15.53621186,78.93218,0.34673728530000003,28.48683628,50.53,21.684961815126684,11.7533547,1.0089171,0.0049013597,0.6487,24.8537693,6.0728323600000005,50.2302027,0.03947666400000001,10.39,7.921495329999999,24.93838206,9.183332,,,,,,
ISic004357,0.7918429260000001,12.9770198,57.6085536,83.79191500000002,0.1823066357,27.90040106,56.33,69.0806079167787,7.78312701,1.2286053,0.0059959083,8.124,40.9567907,6.82175111,61.0616184,0.08820915600000001,31.080000000000002,4.66848681,53.3430228,12.48798103,,,,,,
ISic004357,2.6463951000000003,5.43039949,72.2387606,95.17798,0.2502151925,25.62423724,51.11,40.02950738020348,8.25305554,1.2602358,0.0033101657,4.016,43.712607899999995,5.90147975,65.6256363,0.040034244000000004,2.806,6.02349567,25.89834891,7.58435184,,,,,,
ISic004359,4.76351118,8.97799999,341.00551379999996,96.28437500000001,0.103899738747,5.826581796,61.56999999999999,64.01647599851358,6.0699958700000005,1.2834315,0.0039273561,2.5469999999999997,31.095489599999997,7.079379159999999,261.228261,0.070887004,14.02,8.458315780000001,23.091094499999997,12.63383395,,,,,,
ISic004359,7.98069738,5.99698728,70.8353369,92.20892,0.1633904853,21.55894902,60.33,36.0649044340274,8.48133592,1.2606192,0.003640459,0.24509999999999998,36.6996701,5.33110323,230.541417,0.046167624000000004,5.978,8.112776180000001,21.83016507,9.249506010000001,,,,,,
ISic004359,0.1616376615,7.8078059699999995,125.59635530000001,100.289805,0.3208619925,38.0685914,86.92999999999999,18.472888636458443,9.488031829999999,1.3125699,0.0048796616,1.9149999999999998,37.326927,8.4118554,267.599682,0.0241618,5.154,7.1205839,17.284592309999997,7.76936897,,,,,,
ISic004359,5.025037284000001,7.50960187,88.6708337,77.405635,0.3888689112,29.30188184,78.47999999999999,155.4649305349052,7.785183590000001,1.4097618,0.0059790320000000004,2.0,44.5866544,5.12260425,222.219561,0.067021116,2.187,7.42293105,43.86270153,12.48528005,,,,,,
ISic004361,1.576421238,4.72807742,61.55998436,98.51117,0.005103078707999999,35.44454228,46.64,23.13159953243637,10.5296896,1.2838148999999999,0.0053304999,1.6989999999999998,22.9411499,6.47425281,139.781175,0.0299085912,23.810000000000002,7.641361440000001,14.72122137,10.96732929,,,,,,
ISic004361,1.990504236,4.79902943,31.615326760000002,81.943255,0.00836052443583,31.419012379999998,51.68,53.79105015437265,8.33531874,1.0238696999999999,0.0055860553,4.918,32.2780231,7.2399473400000005,120.0427728,0.041669812,0.1519,9.49370051,22.14150567,10.390670060000001,,,,,,
ISic004361,0.818825778,6.9008541899999996,62.05461236,88.301525,0.11596624567500001,32.7509161,50.92,33.020509823736056,8.9872546,1.1939076,0.005959744800000001,0.5573,40.2884022,4.74395093,118.1053407,0.037692408000000004,19.54,6.28511851,31.24302921,9.35079276,,,,,,
ISic004361,0.054432714900000005,12.1132562,90.1760011,96.28437500000001,0.7385046871999998,26.9859597,56.26,23.88142708167087,6.821675860000001,1.2021506999999998,0.0035006268,2.006,30.0157851,6.6384158,121.8111672,0.042784972000000004,3.461,5.75570248,20.735283959999997,8.7916899,,,,,,
ISic004364,8.26090392,7.44173473,48.1579004,99.4355,0.0735294672,28.35762174,56.5,86.52541576858121,15.0233169,1.3890581999999998,0.005858487000000001,8.698,35.4554392,6.6935362199999995,137.960769,0.06107359600000001,19.73,7.013219810000001,73.63205190000001,11.93428013,,,,,,
ISic004364,0.839581818,9.75127407,99.6837457,103.74904000000001,0.054025585803,27.31396584,61.17999999999999,97.75601447619212,10.24896643,1.4806907999999999,0.0063937068,9.488,27.393645600000003,7.974486850000001,149.793408,0.05055392,12.44,5.99511206,76.0189965,10.73099354,,,,,,
ISic004364,3.929637273,4.87100973,95.6048574,103.84707500000002,0.115783814643,13.875653680000001,55.38,59.75341508169526,7.77284411,1.4174298,0.0028400402000000003,9.717,31.085206699999997,11.91799342,154.73451,0.035610776000000004,6.553,3.75650908,77.26435889999999,8.886224200000001,,,,,,
ISic004364,1.1415822,5.96511029,51.0103632,49.857800000000005,0.8788957653,28.63592998,39.25,192.14253205434687,9.52916343,0.9475731000000001,0.0065552371,7.954999999999999,25.4193288,7.19441308,120.5628888,0.07731776,2.601,6.238223850000001,25.20821058,7.68563859,,,,,,
ISic004365,7.46179638,11.105532,40.20721916,96.04629,0.5395672373,37.63124988,54.35,218.3618860939264,8.77954002,1.7615312999999997,0.0125005165,4.2620000000000005,48.9363211,7.31304181,133.92987000000002,0.099137724,19.02,5.607614079999999,109.5918912,10.32719703,,,,,,
ISic004365,20.84944218,6.91525025,114.4418664,93.00720500000001,0.18032248080000002,36.94541886,59.53,221.88352863979878,6.16459855,1.8318851999999999,0.011548211,2.705,69.0702393,7.79714289,149.403321,0.08612752400000001,0.20279999999999998,7.05024191,141.1929621,11.51562823,,,,,,
ISic004365,4.699167456,3.25145298,24.962032179999998,101.28416,0.072286103988,27.05553676,53.15,71.96910121070884,6.64172511,1.5541118999999999,0.0096146692,1.5570000000000002,44.3295819,7.922961239999999,138.090798,0.064381904,1.559,11.53978857,79.54752330000001,9.89774121,,,,,,
ISic004438,8.21939184,7.6854394600000004,43.5795577,89.07180000000001,0.10467452620800001,27.50281786,52.94,32.058046285013575,5.76253716,0.9962649,0.0035464339,3.507,35.578834,9.17036031,144.202161,0.0307152236,16.91,9.59242611,21.15040476,11.391383150000001,,,,,,
ISic004438,3.406585065,11.1466636,63.1968414,97.040645,1.06207178,33.297593,54.11,26.454740158878575,11.856183699999999,1.0666188,0.0055209610000000004,1.502,46.0468262,10.2571912,144.202161,0.0352502076,5.619,6.47516529,30.00285582,10.77555971,,,,,,
ISic004438,0.2843058579,8.169764050000001,148.6426739,96.18634,1.2103270200000003,27.05553676,64.23,15.973582729893943,7.01910754,1.1707119,0.0040551338,0.8881,36.7408017,7.231559450000001,134.18992799999998,0.00212586668,2.8600000000000003,7.4685916400000005,11.08891437,7.25078081,,,,,,
ISic004439,150.74074050000002,10.09677951,85.6011272,78.32996500000002,0.58217432,25.6441164,86.24,642.698610855799,10.10911899,1.0645101,0.009595382,8.518,70.50984530000001,7.12730996,209.476719,0.061259456000000004,19.830000000000002,4.96836582,53.9138139,15.179507599999999,,,,,,
ISic004439,8.660457690000001,9.59497399,37.596474,86.29881,0.18139084249999998,26.76728894,62.74999999999999,82.88344257871935,9.08185728,1.1484747,0.0062490528,8.154,34.0055503,7.501170200000001,169.297758,0.040554652000000004,12.17,4.40686397,17.35723845,11.01864791,,,,,,
ISic004439,61.749219000000004,10.25102301,45.0271672,81.46708500000001,0.6876550233000001,22.79145694,73.11,113.19063474382224,9.921970210000001,1.1525003999999999,0.0059211704,10.57,40.0621784,7.59583353,163.576482,0.037989784000000006,12.03,7.56238096,26.71302348,6.10286431,,,,,,
ISic004439,639.804933,9.243298809999999,59.308759099999996,67.224,3.50943558,36.269527419999996,59.660000000000004,14269.754096780529,5.804697050000001,0.854982,0.01422431,2.989,40.5454747,7.73123804,134.18992799999998,0.059475200000000006,4.456,7.885707299999999,24.782711759999998,11.783025250000001,,,,,,
ISic004442,174.6101865,5.5013515,45.10445836,94.58977,0.6884410568000001,64.29914302,61.879999999999995,49.318041528064825,4.92653739,1.3434336,0.0061839585,4.185,249.051838,8.456191389999999,191.662746,0.041186576,11.879999999999999,6.53563472,36.72781278,11.649326740000001,,,,,,
ISic004442,7.25423598,6.7939120299999995,50.237755699999994,93.72146000000001,0.2604866208,44.091976880000004,65.64999999999999,50.881715689511275,7.71423158,1.2155697,0.0036067064,5.373,24.1853808,11.40034078,189.45225299999998,0.031655675200000004,1.1159999999999999,9.45421027,23.57886144,14.2341646,,,,,,
ISic004442,6.42399438,9.16103561,59.5125283,93.97355000000002,0.7325147928,29.70940462,66.72,61.398116518951205,8.71372946,1.4304653999999999,0.0027749459,2.128,27.969488,8.85042222,454.971471,0.034900790800000005,1.4729999999999999,6.88240839,27.2941926,13.169978480000001,,,,,,
ISic004442,11.664894480000001,6.66948894,21.37149586,95.00992000000001,0.5102867636999999,31.419012379999998,59.6,90.24909648465393,6.478227,1.201959,0.0058078581,2.626,37.9953155,6.22261611,168.257526,0.03958818,36.52,9.99720107,32.87756736,11.450804710000002,,,,,,
ISic004471,3.869444757,8.80010582,39.45935516,71.50953000000001,0.2638606992,23.93450864,100.60000000000001,49.57987494725653,17.2444233,0.3383505,0.0017370534499999998,0.7377999999999999,40.2575535,6.07882371,174.889005,0.0196379676,15.400000000000002,8.92109203,27.25268052,18.5152179,,,,,,
ISic004471,5.105466939,8.33737532,92.9201091,67.434075,0.08376804607499999,46.79554264,118.9,42.186086733217536,6.83504363,0.3304908,0.0038068111,9.944,32.4117008,8.52928586,166.047033,0.0257378928,13.28,7.769704719999999,32.14591695,13.47383873,,,,,,
ISic004471,23.91614709,11.5065651,93.5388564,70.50117,0.9261499799999999,44.24107058,106.60000000000001,27.67800302135017,11.8356179,0.25400249999999996,0.00133395097,0.4211,39.5583163,7.62938509,165.656946,0.0256970036,3.593,9.78864324,24.248243730000002,12.85126284,,,,,,
ISic004471,1.6303869420000001,8.878255860000001,50.951901,73.23214500000002,0.1644577592,26.51879944,92.57000000000001,43.75164141325184,9.25049684,0.43017479999999997,0.0031534572,8.545,38.5197434,9.25783402,181.000368,0.0112705504,3.3850000000000002,11.84090165,28.63295718,15.719703599999999,,,,,,
ISic004471,1.977531711,6.9203917,105.4572008,80.906885,0.139806017988,38.28726216,102.80000000000001,30.419567108334316,8.19649959,0.45260369999999994,0.0027821786,3.289,40.2472706,7.95171972,185.161296,0.039365148,0.186,11.7360057,19.74937206,21.0406342,,,,,,
ISic004471,0.7186778850000001,9.17748825,142.4959991,79.618425,0.5280360393,34.17227604,107.1,22.51351775331659,8.958462480000001,0.3090204,0.0034162453,1.85,30.149462800000002,11.48182314,188.802108,0.027470108,0.2036,10.176141220000002,19.70785998,13.04438291,,,,,,
ISic004471,11.60781537,11.599111200000001,0.7885652672000001,62.812425000000005,0.7676948937,50.92046834,99.84,267.6589702237373,10.560538300000001,0.3128544,0.003351151,7.335999999999999,37.0492887,6.058453119999999,164.87677200000002,0.025343869600000003,33.89,9.775068469999999,36.867916050000005,13.680463699999999,,,,,,
ISic004471,4.549205067,9.23712907,53.5875114,67.770195,1.85530422,35.32526732,97.67,42.50317164329861,11.959012699999999,0.35253629999999997,0.0035223249,3.415,42.828278499999996,8.99661116,157.205061,0.05077695200000001,6.172000000000001,8.50891265,35.45131632,18.501713,,,,,,
ISic004471,2.3905769070000003,11.794486299999999,24.45591016,72.76998,0.8571399872000001,43.24711258,84.89,32.855258550065614,8.11115152,0.47062350000000003,0.0060875225,11.02,34.344885999999995,11.93357093,147.842973,0.09445405200000001,29.580000000000002,7.54140177,21.93913428,16.489482900000002,,,,,,
ISic004474,10.876164959999999,10.20372167,101.1405934,64.661085,0.0035025327679999996,39.94717202,103.1,62.67832579074615,7.97233237,0.4041036,0.0127247302,2.849,38.231822199999996,7.74681555,226.38048899999998,0.0159616568,2.031,10.393337540000001,50.7485178,16.4624731,,,,,,
ISic004474,13.90135779,8.1132081,5.712606048800001,58.176770000000005,0.69504512,30.33559816,108.6,59.27103730020329,12.442309,0.2770065,0.0103572264,3.9230000000000005,48.638117,9.69999565,140.56134899999998,0.046948236000000004,17.84,8.95441192,37.39200606,16.5164927,,,,,,
ISic004474,21.01030149,12.874190800000001,22.30461436,55.76791000000001,2.85433302,42.799831479999995,126.6,88.60642579257697,12.5759867,0.415989,0.0120882526,3.045,67.2810147,12.114509700000001,347.69754600000005,0.06977184400000001,25.57,9.79974987,54.277044599999996,33.2355589,,,,,,
ISic004474,27.958385879999998,9.47260748,35.99925055999999,52.672805000000004,1.3858777800000002,50.86083086,116.2,1417.475171917627,6.15637223,0.5085801,0.033728491000000006,8.119,82.674516,8.25847684,189.712311,0.08534691200000001,4.886,10.35137916,66.9901191,13.27936817,,,,,,
ISic004474,1790.2084499999999,11.6710915,73.041905,64.00285000000001,3.36720398,49.37983344,123.7,2377.7726688646817,4.18925346,0.5438529,0.0228987282,4.404,77.7695727,11.82093355,367.33192499999996,0.045312668,68.23,7.03666714,139.8957096,13.31853238,,,,,,
ISic004474,0.3926004966,13.676257000000001,102.5305274,55.15169,4.8612515,29.40127764,97.89,714.34638384822,10.488558,0.3916431,0.016068648499999998,2.0949999999999998,57.368299099999994,7.823504830000001,126.0631155,0.09787387600000001,9.388,15.1543796,53.3430228,19.5010756,,,,,,
ISic004475,1.70199528,15.0027511,20.94892686,75.136825,1.17476688,31.39913322,98.49,36.905028678368026,7.757419759999999,0.4069790999999999,0.007681127400000001,0.18309999999999998,38.684269799999996,8.51730316,162.53625,0.037692408000000004,4.116,9.16420382,42.42534576,14.9634292,,,,,,
ISic004475,1.200218013,11.773920500000001,87.3050197,79.19827500000001,0.7517526800000001,19.36230184,129.1,14.558940640870322,11.0849662,0.3187971,0.0061767257999999995,0.08419,26.8486519,8.63233708,146.93276999999998,0.025875429200000005,1.704,11.06713976,23.52178233,15.665684,,,,,,
ISic004475,0.816750174,9.52093711,13.07099218,76.77541000000001,0.8873192832,39.40049512,142.7,19.192756486238405,6.4730855499999995,0.34467659999999994,0.0071145659000000005,5.4559999999999995,30.2522918,8.178192750000001,137.960769,0.070849832,5.072,7.7943861199999995,29.291961450000002,16.5975221,,,,,,
ISic004475,6.21124497,6.59339548,19.67668456,78.56805000000001,0.22953811999999998,37.63124988,108.1,20.920393712051816,8.346629929999999,0.37879919999999995,0.0076039786,0.05103,31.2497331,10.1493469,140.17126199999998,0.057467912,4.88,12.5134698,24.63223047,18.029041499999998,,,,,,
ISic004475,2.3267520839999998,12.020710099999999,39.593526680000004,76.76140500000001,0.041716903199999995,23.88481074,101.89999999999999,18.18029158882605,12.8124934,0.32282279999999997,0.0074617355,5.5520000000000005,30.7561539,8.73059522,144.072132,0.0343171904,2.045,10.69074841,18.72713709,18.6772767,,,,,,
ISic004475,7.72643589,10.6016699,34.500926680000006,75.05279500000002,1.95928628,43.76397074,104.1,24.941905687497915,8.60267414,0.3042279,0.0077582762,0.4987,28.329389499999998,8.53407894,131.849406,0.066463536,23.52,8.91862389,22.73824182,15.0174488,,,,,,
ISic004476,20.63150376,12.3189142,6.2488332,83.79191500000002,0.5378526552,19.44181848,98.05,30.668038198669414,10.5811041,0.391068,0.0039104798,10.43,47.363037399999996,6.92959541,133.92987000000002,0.069102748,22.87,9.56527657,27.065876160000002,14.2341646,,,,,,
ISic004476,35.1814878,8.72812552,42.60975416,84.24007500000002,0.32609546970000003,29.679585879999998,102.30000000000001,39.948357012050344,12.072124599999999,0.5612976,0.005641506,5.090000000000001,58.29376009999999,6.76543242,135.880305,0.091740496,0.454,6.26290525,51.73961871,18.0020317,,,,,,
ISic004476,72.9574806,13.789368900000001,12.27999256,74.67466,2.83504298,37.43245828,97.46000000000001,82.14149085043245,7.73685396,0.6084558,0.0129585875,4.585999999999999,90.2221646,9.972002940000001,124.3467327,0.105977372,30.44,11.79030478,96.8788167,28.049677300000003,,,,,,
ISic004476,67.6128003,10.25924933,90.1760011,84.29609500000001,1.3498220057,38.18786636,110.4,38.29678609129782,9.27826067,0.4324752,0.0063213798,3.409,137.688031,11.3236515,157.46511900000002,0.0326258644,0.7153999999999999,11.80017734,30.62553702,20.8515656,,,,,,
ISic004476,2.119191684,9.299854759999999,37.39263368,77.489665,1.7103013200000001,18.52737712,103.8,34.18442650391655,9.83765043,0.4203981,0.0097328033,1.944,33.573668500000004,16.1526796,122.31828030000001,0.08668510400000001,48.56,10.57721397,47.749270020000004,20.3653892,,,,,,
ISic004476,0.2274343083,8.87105783,30.284326099999998,83.60985000000001,0.7500172617,47.809379799999995,113.9,19.522142050683637,11.928164,0.3552201,0.003254715,0.6184,23.9797228,12.4739907,138.35085600000002,0.04650217200000001,25.55,12.23456998,22.7278638,13.05383634,,,,,,
ISic004341,7.35801618,2.24064391,7.707018,65.249295,0.12244385342700001,371.740292,68.16,83.96582224992885,8.27876279,0.8337032999999998,0.006912050300000001,2.6029999999999998,149.821853,9.634090800000001,148.363089,0.064939484,9.91,8.25099202,26.20968951,12.23003744,,,,,,
ISic001661,,,,,,,,,,,,,,,,,,,,,0.3914515920763568,0.00125704974086924,0.023712996970845664,0.00030297326321049106,0.5820163720012818,0.0012590159474361255
ISic001661,,,,,,,,,,,,,,,,,,,,,0.5170673563977135,0.002326220774218217,0.03722847529190068,0.0006408816860225201,0.4397969835691887,0.0029400822809563165
ISic001661,,,,,,,,,,,,,,,,,,,,,0.6691568553855233,0.0014452044164086184,0.024838661855395672,0.00039051400736780207,0.30105670216875613,0.003112062166548548
ISic003662,,,,,,,,,,,,,,,,,,,,,0.44932317299769764,0.0015072679329261377,0.019174527866907477,0.0003787494940350138,0.5275274281424279,0.0020888535660059
ISic003662,,,,,,,,,,,,,,,,,,,,,0.4317500439845089,0.0012116229662227965,0.017680853551378668,0.00038187566702299304,0.5475602776692509,0.001415326161615864
ISic003662,,,,,,,,,,,,,,,,,,,,,0.5493163255173575,0.0013398632051151696,0.02083855753674885,0.0003770050227994491,0.42618668814466926,0.0019415605733096996
ISic003662,,,,,,,,,,,,,,,,,,,,,0.31928446461502674,0.0010926290503942518,0.007555354214314155,0.000316412739165223,0.6710880032971293,0.0006631360839703628
ISic003662,,,,,,,,,,,,,,,,,,,,,0.0468188956553157,0.0011272586286046563,0.008301128849771418,0.00043842271327444813,0.9428125087115911,0.0005017854414427371
ISic003662,,,,,,,,,,,,,,,,,,,,,0.2184408102935038,0.0010427224327034285,0.009645057259640506,0.00029749506419108235,0.7697836400204227,0.0007902749295386665
ISic003662,,,,,,,,,,,,,,,,,,,,,0.31167523054131724,0.0009265717174519189,0.009154163781987813,0.0005566273660386735,0.6774117368548783,0.0002756697383260312
ISic003662,,,,,,,,,,,,,,,,,,,,,0.3709846120675796,0.0009952248907503232,0.009868524346337205,0.0003094604139152747,0.6171648882460515,0.0006772900353659081
ISic003662,,,,,,,,,,,,,,,,,,,,,0.33960255310072135,0.0010825167677284255,0.0107050343217986,0.000331019125594026,0.6475384217773469,0.0007404549068107992
ISic003662,,,,,,,,,,,,,,,,,,,,,0.312962263173327,0.0011215753137183415,0.22779338026979898,0.0003688609180402777,0.4571432708568563,0.0006106494682590577
MK-ISic000007-a,,,,,,,,,,,,,,,,,,,,,0.2897809081281443,0.0010885510807188401,0.010610234215502772,0.0010035450932676063,0.696391521270785,0.001125240211581672
MK-ISic000007-b,,,,,,,,,,,,,,,,,,,,,0.11182519857150397,0.0010427009928321046,0.008570555959354591,0.001038638959885437,0.8759823680196641,0.0015405374967597603
MK-ISic000007-c,,,,,,,,,,,,,,,,,,,,,0.25715093721656457,0.0011147463660313433,0.007724978802866083,0.0010199309291251647,0.7316474638053818,0.001341942880031049
MK-ISic000509-a,,,,,,,,,,,,,,,,,,,,,0.24713747940477807,0.0012378267574731136,0.02128095697874814,0.0003163592393279494,0.7253681589093606,0.004659218710312166
MK-ISic000509-b,,,,,,,,,,,,,,,,,,,,,0.496778963035469,0.002596705822074253,0.028564923975836147,0.0003887771145571953,0.4666572784760011,0.005013351576062094
MK-ISic000509-c,,,,,,,,,,,,,,,,,,,,,0.052874469626191474,0.0009083456535086582,0.012642697947912937,0.0007081657170175414,0.9288124992653142,0.004053821790055316
MK-ISic000510-a,,,,,,,,,,,,,,,,,,,,,0.2668083040718184,0.0005039126738993314,0.00208365416321763,0.00041058933294077504,0.7284781165682276,0.001715423189896379
MK-ISic000510-b,,,,,,,,,,,,,,,,,,,,,0.16315097697415382,0.00098787242554222,0.006076122585143419,0.0006800518733764821,0.8261961686542021,0.0029088074875820214
MK-ISic000510-c,,,,,,,,,,,,,,,,,,,,,0.0036853308611808546,0.0006930235205875104,0.0028014426450849537,0.0005794009034704811,0.9899850000167586,0.00225580205291774
MK-ISic000510-d,,,,,,,,,,,,,,,,,,,,,0.30385143332558306,0.0005140834433378689,0.0014825849683521362,0.00048326684709913426,0.6926044924795355,0.0010641389360922535
MK-ISic000510-e,,,,,,,,,,,,,,,,,,,,,0.22545538270063128,0.0004884362495953716,0.0019119070225307733,0.0005085095024203744,0.7706026823554514,0.0010330821693707182
MK-ISic000510-f,,,,,,,,,,,,,,,,,,,,,0.0017493625077396103,0.0006102027378209938,0.0020584392061787898,0.00048364033547554656,0.9936832467019521,0.001415108510833153
MK-ISic000514-a,,,,,,,,,,,,,,,,,,,,,0.16344988757262674,0.0008790586007942739,0.0057274997627244275,0.0001937726220989651,0.8276625196225549,0.002087261819200761
MK-ISic000514-b,,,,,,,,,,,,,,,,,,,,,0.4037801182225605,0.0005737653270028402,0.0030790125969070406,0.00016775492196681105,0.5912934609015296,0.0011058880300332699
MK-ISic000514-c,,,,,,,,,,,,,,,,,,,,,0.017949367938357583,0.0004960861566063808,0.003429184148789687,0.00016565877289068798,0.9758626471101944,0.002097055873161186
MK-ISic000519-a,,,,,,,,,,,,,,,,,,,,,0.1745020776358379,0.0004652313363899968,0.0027931216109536865,0.00010850297826971335,0.8207748663328138,0.001356200105734925
MK-ISic000519-b,,,,,,,,,,,,,,,,,,,,,0.2695149154846203,0.0008736829359216298,0.00955676620193015,0.00014152283581735347,0.7172068665385063,0.0027062460032041594
MK-ISic000519-c,,,,,,,,,,,,,,,,,,,,,0.0005162862706708242,0.0005444960698418589,0.002804175819945886,8.618838222851538e-05,0.9946806904834598,0.001368162973853308
MK-ISic000625-a,,,,,,,,,,,,,,,,,,,,,0.36956168493603647,0.0012969928956601125,0.008145981351086901,0.0008680181505252825,0.618676147972086,0.001451174694605135
MK-ISic000625-b,,,,,,,,,,,,,,,,,,,,,0.3198897306840289,0.0014801028260594017,0.009493430536388119,0.001020436290734806,0.6662097535896914,0.0019065460730973507
MK-ISic000625-c,,,,,,,,,,,,,,,,,,,,,0.27996661500937026,0.0015398163742389225,0.008773324990275163,0.0010805216532894192,0.7069362689055557,0.0017034530672704563
MK-ISic000810-a,,,,,,,,,,,,,,,,,,,,,0.623502847183814,0.0007996384677355568,0.0077686267802496885,0.0004035911324740484,0.36584191684224754,0.0016833795934791647
MK-ISic000810-b,,,,,,,,,,,,,,,,,,,,,0.5619201355788452,0.0008234517464939231,0.006859621478058351,0.0005932901910800642,0.428196763652206,0.0016067373533164156
MK-ISic000810-c,,,,,,,,,,,,,,,,,,,,,0.5338705417220873,0.0009959322314504453,0.0088918660772098,0.00034949159182172667,0.45380832926976983,0.0020838391076608326
MK-ISic000812-a,,,,,,,,,,,,,,,,,,,,,0.015268078827861855,0.0010271636751798062,0.0052892012662373155,0.0016344419469379384,0.9754714307139193,0.0013096835698638495
MK-ISic000812-b,,,,,,,,,,,,,,,,,,,,,0.17798340796734458,0.0006158027560146102,0.0027017682880232,0.0013045511070293358,0.8161508907027377,0.001243579178850589
MK-ISic000812-c,,,,,,,,,,,,,,,,,,,,,0.002208895210178334,0.0011744713053850038,0.008526084860324716,0.0014753646893986378,0.9843498600517756,0.0022653238829377295
MK-ISic000816-a,,,,,,,,,,,,,,,,,,,,,0.2668766418759796,0.0014442522044102281,0.008130106595400345,0.0011319299619092502,0.7206119797582617,0.0018050896040389126
MK-ISic000816-b,,,,,,,,,,,,,,,,,,,,,0.24397513095285245,0.0013983609372966823,0.009099583313245369,0.0012621709905388957,0.7424201986484009,0.001844555157665787
MK-ISic000816-c,,,,,,,,,,,,,,,,,,,,,0.2241552869355533,0.0014187564313827964,0.008055289457065181,0.0010345346549202813,0.7632471505855507,0.0020889819355278533
MK-ISic000817-a,,,,,,,,,,,,,,,,,,,,,0.27170161798007236,0.0014396452369118352,0.01047812288990257,0.001288453830767625,0.7134453930703317,0.0016467669920138905
MK-ISic000817-b,,,,,,,,,,,,,,,,,,,,,0.4520677535136791,0.003096363953623099,0.009331021713716497,0.001019431921605524,0.5326899078972446,0.0017955210001312093
MK-ISic000817-c,,,,,,,,,,,,,,,,,,,,,0.40229655968436084,0.0019188350824602982,0.018673695358711526,0.0011681479601744207,0.5730331199531588,0.002909641961134002
MK-ISic000817-d,,,,,,,,,,,,,,,,,,,,,0.3257272101829954,0.0016068756188040067,0.01122852505975827,0.0010701165958054257,0.6581462149878274,0.0022210575548092357
MK-ISic000817-e,,,,,,,,,,,,,,,,,,,,,0.16913049616174913,0.0011601910635551944,0.00685717179284476,0.001236246147580132,0.8201717026187187,0.0014441922155519701
MK-ISic000817-f,,,,,,,,,,,,,,,,,,,,,0.48779751626362494,0.0013090391462872947,0.00910694942793903,0.0008619894212342392,0.49904571163510913,0.0018787941058052734
MK-ISic001668-a,,,,,,,,,,,,,,,,,,,,,0.4380382628967312,0.0007177680798609948,0.010888207038178525,0.0004761196767887619,0.5472830359068364,0.002596606401604309
MK-ISic003349-a,,,,,,,,,,,,,,,,,,,,,0.14730104255387744,0.0010298412502836318,0.0023762686585038625,0.0005329130116791751,0.848141056614168,0.0006188779114878509
MK-ISic003349-b,,,,,,,,,,,,,,,,,,,,,0.4376549493413165,0.0007508154871420406,0.0034684556894191304,0.00016921156806331227,0.5571610241188636,0.0007955437951955032
MK-ISic003349-c,,,,,,,,,,,,,,,,,,,,,0.02738091669054518,0.0009707006434743584,0.006241306091704821,0.0007086240747755778,0.9633243800943407,0.0013740724051594644
MK-ISIc003457-a,,,,,,,,,,,,,,,,,,,,,0.32849086424431273,0.0010743008016273292,0.010681572953106648,0.0011002685593518838,0.6565342014762849,0.002118791965316498
MK-ISIc003457-b,,,,,,,,,,,,,,,,,,,,,0.4326308346157144,0.0009663094368911172,0.008648144383967148,0.0007439624412580577,0.5556071108411985,0.0014036382809708584
MK-ISIc003457-c,,,,,,,,,,,,,,,,,,,,,0.3932035407749874,0.0011046711528860825,0.007474029251823096,0.000851115224687347,0.5955388107516213,0.0018278328439948351
MK-ISic003460-a,,,,,,,,,,,,,,,,,,,,,0.42686268160352897,0.001571602185893082,0.019171263686279045,0.0009499715630833936,0.5473138803286721,0.0041306006325434
MK-ISic003460-b,,,,,,,,,,,,,,,,,,,,,0.30199079918624827,0.0009907030953598779,0.008921870308847963,0.0007898105926527488,0.685325018921858,0.001981797895032927
MK-ISic003460-c,,,,,,,,,,,,,,,,,,,,,0.40716482291092315,0.0013185778658542046,0.017532829121126633,0.0006705955099863311,0.5699378454752618,0.003375329116847999
MK-ISic003460-d,,,,,,,,,,,,,,,,,,,,,0.38788807086747235,0.0008397297205913697,0.006899710643015319,0.0006765752091629352,0.6019610702290146,0.0017348433307435077
MK-ISic003460-e,,,,,,,,,,,,,,,,,,,,,0.3133230710790446,0.0006368860387900524,0.004157628118028244,0.0008896515752315827,0.679536014100772,0.0014567490881334689
MK-ISic003460-f,,,,,,,,,,,,,,,,,,,,,0.28079378655739834,0.0011564855950146136,0.008502533374110954,0.0008899347483799177,0.7069520478385095,0.0017052118865866256
t0-0CC-1,,,,,,,,,,,,,,,,,,,,,0.9908375964494872,4.0873010211277265e-05,0.0049612447584804495,2.8008102756541923e-05,0.00041349848531308024,0.0037187791937513793
t0-0CC-2,,,,,,,,,,,,,,,,,,,,,0.9908933596026405,3.66322962578723e-05,0.004877643993784773,2.558262502437063e-05,0.0003733647914931719,0.003793416690799183
t0-0CC-3,,,,,,,,,,,,,,,,,,,,,0.9898850318607283,4.1477586251860625e-05,0.005492990080725592,3.694145884142873e-05,0.0004555554369378464,0.004088003576514976
t0-10CC-1,,,,,,,,,,,,,,,,,,,,,0.9862427270878844,4.1943802755720134e-05,0.005339268062097614,3.0136281737110825e-05,0.004407904111922131,0.003938020653603044
t0-10CC-2,,,,,,,,,,,,,,,,,,,,,0.9857524263702175,4.301614601853265e-05,0.00549346498769492,3.047054338285118e-05,0.004527936546749925,0.004152685405936343
t0-10CC-3,,,,,,,,,,,,,,,,,,,,,0.9838448670636422,4.051710814868982e-05,0.0063568890512049345,3.52082904790325e-05,0.005155003469812996,0.004567515016712018
t0-20CC-1,,,,,,,,,,,,,,,,,,,,,0.9805702830869517,4.5010817512209435e-05,0.0056629884653407155,3.162033442406935e-05,0.009344447374762822,0.004345649921008317
t0-20CC-2,,,,,,,,,,,,,,,,,,,,,0.9798470602385682,5.1081373678456275e-05,0.005875141130323776,4.001447870598315e-05,0.009788215994581856,0.004398486784141838
t0-20CC-3,,,,,,,,,,,,,,,,,,,,,0.9816689245991775,3.687550937424321e-05,0.005439588607162027,3.410395336435089e-05,0.008851967160223979,0.003968540170697905
t0-30CC-1,,,,,,,,,,,,,,,,,,,,,0.9748300235192724,3.9916416244120215e-05,0.005815202653323575,4.014064453073719e-05,0.014890104614106312,0.004384612152522985
t0-30CC-2,,,,,,,,,,,,,,,,,,,,,0.9755722691145451,4.1506246694913966e-05,0.005630589530089641,2.7307092407381238e-05,0.01445185411654747,0.004276473899715506
t0-30CC-3,,,,,,,,,,,,,,,,,,,,,0.9782943921981161,4.1874806298359615e-05,0.004849227111352824,2.3816613698001902e-05,0.012936686059100913,0.003854003211433826
t0-40CC-1,,,,,,,,,,,,,,,,,,,,,0.966303193007343,4.787581198046794e-05,0.005218627466362909,4.1016884292701186e-05,0.024392392409234378,0.0039968944207864196
t0-40CC-2,,,,,,,,,,,,,,,,,,,,,0.9651980042686625,5.5139912541125775e-05,0.005480155152573836,3.465687611441258e-05,0.02502514460209346,0.004206899188014733
t0-40CC-3,,,,,,,,,,,,,,,,,,,,,0.9586293257327468,5.1520681603383084e-05,0.006838905690554056,4.3934399802929e-05,0.029679581868557427,0.0047567316267354415
t0-50CC-1,,,,,,,,,,,,,,,,,,,,,0.9482466579733082,5.043445437252289e-05,0.005880100645518611,3.3801746771728775e-05,0.04122561938517856,0.004563385794850526
t0-50CC-2,,,,,,,,,,,,,,,,,,,,,0.9508799837411311,4.452937481289813e-05,0.005699761832565657,3.254383686569417e-05,0.03914680070166794,0.004196380512956494
t0-50CC-3,,,,,,,,,,,,,,,,,,,,,0.9456338807281562,4.562996310946794e-05,0.006495859925771038,3.705006685405694e-05,0.04324330863996938,0.004544270676139948
t0-60CC-1,,,,,,,,,,,,,,,,,,,,,0.7908914084818132,0.00012303281571544796,0.010132637481909436,8.102480680094981e-05,0.19208289920291216,0.006688997210848747
t0-60CC-2,,,,,,,,,,,,,,,,,,,,,0.8664519972532398,5.034479170546047e-05,0.006191020311406436,4.204579858395167e-05,0.12275968485392659,0.004504906991137679
t0-60CC-3,,,,,,,,,,,,,,,,,,,,,0.8377469833421488,9.237324833329683e-05,0.007663782471819559,5.350200669599699e-05,0.14914513461398957,0.005298224317012764
t0-70CC-1,,,,,,,,,,,,,,,,,,,,,0.7601162837514188,0.00010065274084523772,0.008811796613529316,8.417382346990448e-05,0.2247693817972318,0.006117711273504964
t0-70CC-2,,,,,,,,,,,,,,,,,,,,,0.8427132232683902,7.310542941715723e-05,0.005333250116320943,6.857922925596725e-05,0.14769832976070776,0.004113512195908041
t0-70CC-3,,,,,,,,,,,,,,,,,,,,,0.8095064297389705,0.00010105458414279427,0.006975427566857285,5.087339861220289e-05,0.17850926016396482,0.004856954547452485
t0-80CC-1,,,,,,,,,,,,,,,,,,,,,0.759876223787423,0.00011166308251713208,0.006463407919735524,6.533145380088344e-05,0.2287119163035998,0.004771457452923745
t0-80CC-2,,,,,,,,,,,,,,,,,,,,,0.81466019063857,7.519407441619205e-05,0.00497281177276752,4.577327828633868e-05,0.17629553838957535,0.003950491846384752
t0-80CC-3,,,,,,,,,,,,,,,,,,,,,0.7233323027593603,7.780038100038553e-05,0.0077540891449688065,2.0437565471472833e-05,0.26378802322321615,0.00502734692598279
t0-90CC-1,,,,,,,,,,,,,,,,,,,,,0.3922597478020435,0.0001743876105659594,0.008252278826616596,5.0895331940788875e-05,0.593136096067026,0.006126594361807177
t0-90CC-2,,,,,,,,,,,,,,,,,,,,,0.7905083633577589,3.5042404930749916e-05,0.0023915016435093915,4.023032558312463e-05,0.2043982067957752,0.002626655472442526
t0-90CC-3,,,,,,,,,,,,,,,,,,,,,0.6466111225884669,0.00010184354026753189,0.00445657304107178,5.493522700714107e-06,0.34510627203928596,0.003718695268207241
t0-100CC-1,,,,,,,,,,,,,,,,,,,,,0.6976302735903384,3.6702014476591694e-05,0.00016900356127770645,3.770471627533622e-05,0.3007456325325269,0.0013806835851051767
t0-100CC-2,,,,,,,,,,,,,,,,,,,,,0.4469115736732021,6.765098118303614e-05,0.00037749178823637096,9.403893146865729e-05,0.5510191710845285,0.0015300735413813942
t0-100CC-3,,,,,,,,,,,,,,,,,,,,,0.3165695180640793,9.331884666620911e-05,0.00043110991025334443,3.56302886354202e-05,0.6809154410159476,0.0019549818744179935
ISic000655,,,,,,,,,,,,,,,,,,,,,0.19805128390615265,0.00020494703541877834,0.0035507622275916723,6.902960629620059e-05,0.7951276105381134,0.0029963666864272855
ISic000655,,,,,,,,,,,,,,,,,,,,,0.3567403545847313,0.000133475152152837,0.0013433259424828039,6.525524620839212e-05,0.6395343356342281,0.0021832534401964136
ISic000655,,,,,,,,,,,,,,,,,,,,,0.588077354079085,0.00029541735566647893,0.0025570550223572557,7.735634879738528e-05,0.4070773810963349,0.0019154360977588936
ISic000655,,,,,,,,,,,,,,,,,,,,,0.4621073806965793,0.0001855513156571347,0.00223936592688167,7.479457060639432e-05,0.5332901778979506,0.002102729592324882
ISic000655,,,,,,,,,,,,,,,,,,,,,0.5491130950517523,0.00020360155127542722,0.0030205163277683515,0.00011436255219091508,0.4457662600155218,0.0017821645014913464
ISic000655,,,,,,,,,,,,,,,,,,,,,0.21815799747662784,0.00018694021676480592,0.002703011149287602,3.3393679825214464e-05,0.7760898916091047,0.002828765868389886
ISic000656,,,,,,,,,,,,,,,,,,,,,0.6927082753836943,0.0003559274001761583,0.004174157633638479,7.816171004285771e-05,0.30077356408728606,0.0019099137851622983
ISic000656,,,,,,,,,,,,,,,,,,,,,0.6267429566400712,0.00026730064637344884,0.004633121701536258,5.899050345871413e-05,0.3663311865730176,0.001966443935542834
ISic000656,,,,,,,,,,,,,,,,,,,,,0.4912306979600235,0.00015481189651249302,0.0022253019185775663,7.446802331828602e-05,0.5046079349690448,0.0017067852325233339
ISic000656,,,,,,,,,,,,,,,,,,,,,0.3961764381653933,0.00023160459562422697,0.004336509361740992,0.00013978315987245242,0.5964033746501296,0.0027122900672393938
ISic000656,,,,,,,,,,,,,,,,,,,,,0.5330946862504821,0.00024407527814753672,0.0036763583916640877,9.501738875799447e-05,0.46057493359190094,0.002314929099047302
ISic000656,,,,,,,,,,,,,,,,,,,,,0.6819849601735171,0.00018989932447292573,0.0029804596735967127,5.8741054297670485e-05,0.313267579392668,0.0015183603814477235
ISic000699,,,,,,,,,,,,,,,,,,,,,0.39195080647052705,7.28713124176243e-05,0.000863116041430548,8.730118265520831e-05,0.6052019025752994,0.0018240024176701813
ISic000699,,,,,,,,,,,,,,,,,,,,,0.44523242543500025,8.045921731513718e-05,0.0016806883116359782,0.00015465268835988786,0.5503331993989786,0.002518574948710135
ISic000699,,,,,,,,,,,,,,,,,,,,,0.2615199293896892,0.0001590125154172123,0.0019624668495039138,0.00013361426094269204,0.7333108156339618,0.0029141613504851155
ISic000701,,,,,,,,,,,,,,,,,,,,,0.6227404896693935,0.0005775591569851865,0.013961557697382599,0.0002583233769863675,0.35937783568094855,0.00308423441830383
ISic000701,,,,,,,,,,,,,,,,,,,,,0.7527992451802132,0.0002499980002568716,0.0066381634069198475,0.00022471491898433033,0.23799770479780033,0.0020901736958253286
ISic000701,,,,,,,,,,,,,,,,,,,,,0.7190645032515007,0.0002800793807295074,0.008752437416524123,0.00019766404533239093,0.26875889871678443,0.0029464171891288695
ISic001831,,,,,,,,,,,,,,,,,,,,,0.4963981702435146,0.0001667093227944724,0.002435698312666863,0.0001367394031587475,0.49892826283233427,0.0019344198855309152
ISic001831,,,,,,,,,,,,,,,,,,,,,0.3290278115627746,0.00019524575044688755,0.0030882049556137706,8.404961392964822e-05,0.6654732110020649,0.0021314771151701353
ISic001831,,,,,,,,,,,,,,,,,,,,,0.21617067005333587,0.00021798357927786766,0.002847731802435554,0.0001956267257762707,0.7776975091847881,0.0028704786543862727
ISic001831,,,,,,,,,,,,,,,,,,,,,0.1621983572376802,0.0003231699493069603,0.005986654504280942,0.0002010191485215329,0.8286692271009454,0.0026215720592650577
ISic001831,,,,,,,,,,,,,,,,,,,,,0.5674925548106455,0.00011078804658195369,0.0026214698309255063,5.6381018051009114e-05,0.42756880098787836,0.0021500053059175643
ISic001831,,,,,,,,,,,,,,,,,,,,,0.23115849805955793,0.00028476276399334036,0.004889559207776883,0.00020733031417712522,0.7598693616426031,0.0035904880118915973
ISic001837,,,,,,,,,,,,,,,,,,,,,0.19896950093937754,0.0002998019875398439,0.0020811086462262187,9.528925695998632e-05,0.79653512258831,0.0020191765815863218
ISic001837,,,,,,,,,,,,,,,,,,,,,0.26931759357343243,0.0006839282014795204,0.0022168496131063,0.00014065798721120523,0.7254411360305664,0.0021998345942041662
ISic001837,,,,,,,,,,,,,,,,,,,,,0.46707231910277974,0.00026725924245464354,0.0015278067315034765,0.00010129113638758321,0.5290659472253346,0.0019653765615398728
ISic001838,,,,,,,,,,,,,,,,,,,,,0.5789513181701975,0.00015493544470212816,0.005271407289751986,0.00016859516518789652,0.41293248511213754,0.002521258818022886
ISic001838,,,,,,,,,,,,,,,,,,,,,0.21952753592480778,0.0004145902419945844,0.008776286728862166,0.00031439429053291154,0.7671856921203309,0.003781500693471612
ISic001838,,,,,,,,,,,,,,,,,,,,,0.7202869265059908,0.000322061002737283,0.009940680962752838,0.00013162015204236908,0.2670530615783052,0.0022656497981714836
ISic001838,,,,,,,,,,,,,,,,,,,,,0.7145938442369375,0.0001541233045477167,0.005289260564909516,4.971100497568147e-05,0.27838534083851457,0.0015277200501150976
ISic001838,,,,,,,,,,,,,,,,,,,,,0.719602699884722,0.00016379420378131667,0.005162617575893194,9.876350148015493e-05,0.27330524184669225,0.0016668829874309417
ISic001838,,,,,,,,,,,,,,,,,,,,,0.7619618739355559,0.00018125106419669703,0.005581468569543625,9.941243056256531e-05,0.23074679975713958,0.001429194243001521
ISic001839,,,,,,,,,,,,,,,,,,,,,0.12818764511749778,0.0006051341797227203,0.0051759416859701425,0.00028374239903194195,0.8619186019927896,0.0038289346249879837
ISic001839,,,,,,,,,,,,,,,,,,,,,0.549847520935949,6.201977900814917e-05,0.005018762040161233,0.00016652966148922383,0.4428976152802161,0.002007552303176167
ISic001839,,,,,,,,,,,,,,,,,,,,,0.42845325836753106,0.0003059491700927812,0.006586783353829657,0.00017931372835930783,0.5616265702138116,0.0028481251663755374
ISic001839,,,,,,,,,,,,,,,,,,,,,0.6019685771725316,0.00044525313964732474,0.011315875947679879,0.0001535626779457656,0.38320309098381716,0.0029136400783783866
ISic001841,,,,,,,,,,,,,,,,,,,,,0.5261568909329556,0.00019574766253887548,0.0011648661065055464,0.0001142412492647818,0.47044545989099856,0.0019227941577366118
ISic001841,,,,,,,,,,,,,,,,,,,,,0.5868516490248861,8.957098358329117e-05,0.0018464823768103546,9.630576695147789e-05,0.4090849101681151,0.002031081679653628
ISic001841,,,,,,,,,,,,,,,,,,,,,0.5278109605778117,0.00014768132678690476,0.001779419431554702,0.00013683497211935562,0.46838247141460376,0.0017426322771236192
ISic001842,,,,,,,,,,,,,,,,,,,,,0.656407845985641,0.00020244258660844273,0.0033943602850911065,0.00012586005275668942,0.33829587517773235,0.0015736159121703213
ISic001845,,,,,,,,,,,,,,,,,,,,,0.3506880723774191,0.0001465972487163422,0.00363995040060847,0.00017548518092530717,0.6431735196686464,0.0021763751236842438
ISic001845,,,,,,,,,,,,,,,,,,,,,0.5647115987586853,0.00010661997976866631,0.0012746598704488534,0.00011788672327628785,0.43239928117493576,0.0013899534928851116
ISic001845,,,,,,,,,,,,,,,,,,,,,0.5287498501235883,0.00018300671817007844,0.0025301063831334046,0.00015689878634214747,0.4666627217230886,0.0017174162656772916
ISic001846,,,,,,,,,,,,,,,,,,,,,0.45326047791588747,6.570065067803299e-05,0.0015342679114481415,0.00014307195195211147,0.5429259906959585,0.0020704908740757505
ISic001846,,,,,,,,,,,,,,,,,,,,,0.08649294524478936,0.00024181514480264688,0.0032389301971381427,0.00029040412414973354,0.906504750452458,0.0032311548366621475
ISic001846,,,,,,,,,,,,,,,,,,,,,0.28817895786913084,0.00017103328528398254,0.00240392070469904,0.00018088332238268517,0.7066680932956515,0.0023971115228519023
ISic001847,,,,,,,,,,,,,,,,,,,,,0.36621191991034957,0.00021559934638336548,0.0042712696995146245,0.00013360824301051743,0.6263422770926336,0.0028253257081083203
ISic001847,,,,,,,,,,,,,,,,,,,,,0.5681935736753001,0.00011980041812669716,0.0025825254860747703,0.00011136249622049954,0.42731242873953273,0.0016803091847451363
ISic001847,,,,,,,,,,,,,,,,,,,,,0.3954207008903199,0.00023301517452142784,0.00302843482896008,0.00022207562175112285,0.5989583343680702,0.002137439116377202
ISic001847,,,,,,,,,,,,,,,,,,,,,0.7112639847861258,7.69606128327908e-05,0.002225849271268895,0.00014504544220567104,0.2850539335597471,0.0012342263278196314
ISic002750,,,,,,,,,,,,,,,,,,,,,0.721292441065186,0.0002701575569416697,0.005787046082243317,7.64975941971684e-05,0.27002333703620685,0.0025505206652250024
ISic002750,,,,,,,,,,,,,,,,,,,,,0.22111373056608183,0.0005235336856407787,0.012512685252096431,0.0002539409916405075,0.7618477093395013,0.00374840016503913
ISic002750,,,,,,,,,,,,,,,,,,,,,0.5962796208915938,0.0002864785392503441,0.007641917811022378,0.00023728416036277608,0.3923682541262866,0.0031864444714841023
ISic002990,,,,,,,,,,,,,,,,,,,,,0.7806534716236931,0.0001808412914552222,0.006428676230315666,0.00016656508254710715,0.21090341915680283,0.0016670266151859365
ISic002990,,,,,,,,,,,,,,,,,,,,,0.5870948657328452,0.00025995825143181907,0.005865131284259145,0.00011453039815343428,0.4044583020824425,0.002207212250867886
ISic002990,,,,,,,,,,,,,,,,,,,,,0.4606481761325212,0.00032651545928022983,0.008224583585786677,0.0002466845426045355,0.5276626242808375,0.0028914159989697655
ISic002991,,,,,,,,,,,,,,,,,,,,,0.7722525659811399,0.0002962502126834125,0.006239199077779949,0.00015514601342390836,0.21934315569347645,0.0017136830214963335
ISic002991,,,,,,,,,,,,,,,,,,,,,0.7031331007731074,9.368511501874028e-05,0.0027549852352282294,5.946728621034184e-05,0.2923465622979799,0.0016121992924553893
ISic002991,,,,,,,,,,,,,,,,,,,,,0.6503560841823706,0.000191959449274979,0.005962020111257961,0.0001438789754518849,0.3413274677805969,0.0020185895010477817
ISic003202,,,,,,,,,,,,,,,,,,,,,0.6142414607056195,0.00022796081683683302,0.0030029870839307906,8.702208745379702e-05,0.3808771681730745,0.0015634011330845593
ISic003202,,,,,,,,,,,,,,,,,,,,,0.32463539242170353,0.0003763816137838638,0.006098223155398928,0.00016867309989014188,0.6657985237564524,0.0029228059527710614
ISic003202,,,,,,,,,,,,,,,,,,,,,0.6417133477771434,0.0001851106599271728,0.00231808830731074,7.765979693855552e-05,0.35413452585192284,0.0015712676067572572
ISic003202,,,,,,,,,,,,,,,,,,,,,0.4529549047516217,0.0003557680952229871,0.013767168628429366,0.00021460807172965946,0.5300405713231048,0.0026669791298915995
ISic003203,,,,,,,,,,,,,,,,,,,,,0.2949900464155273,0.00032014562341795493,0.0016598324351967944,0.0003076257964906293,0.7003197997064596,0.002402550022907669
ISic003203,,,,,,,,,,,,,,,,,,,,,0.3062256671813964,0.000143248157816051,0.0016687617371136398,0.00020576228400671963,0.6897882043428769,0.0019683562967904218
ISic003203,,,,,,,,,,,,,,,,,,,,,0.45359367403319684,0.0001820725902093867,0.0017748812619865905,0.0001311446844627771,0.5423344011227481,0.001983826307396344
ISic003398,,,,,,,,,,,,,,,,,,,,,0.5255205602323579,0.00038484081201849645,0.017216721303057025,0.00028216313891515454,0.4524707760547518,0.004124938458899416
ISic003398,,,,,,,,,,,,,,,,,,,,,0.6570018425913825,0.00039087232895329506,0.018974372087041277,0.00025077835316987855,0.31885021427690846,0.004531920362544633
ISic003398,,,,,,,,,,,,,,,,,,,,,0.9114019158573987,0.00015206735482906815,0.005370726265756692,8.841468484449219e-05,0.08089171649228265,0.002095159344888293
ISic003398,,,,,,,,,,,,,,,,,,,,,0.7021115594882225,0.0002001634030071959,0.013887110495315862,0.0001911206490224195,0.28041878573010365,0.003191260234328409
ISic003398,,,,,,,,,,,,,,,,,,,,,0.9415530720702313,0.00011634237944709982,0.004224875815470334,5.927385337608088e-05,0.052867185783052544,0.0011792500984225847
ISic003398,,,,,,,,,,,,,,,,,,,,,0.9588302156779516,0.00014678148232816137,0.00331117949750159,4.588103905916443e-05,0.03674439985403954,0.000921542449120009
ISic003398,,,,,,,,,,,,,,,,,,,,,0.5654864007057657,0.0003981498595265909,0.011981910735860147,0.00020160769889108435,0.4181667126137498,0.0037652183862064747
ISic003398,,,,,,,,,,,,,,,,,,,,,0.6455877410275376,0.00031203947563074937,0.006508918402109004,0.0001657390959060825,0.3444520833734467,0.002973478625369941
ISic003398,,,,,,,,,,,,,,,,,,,,,0.6935966607460223,0.00032457671892723483,0.01683561819037545,0.00022592129551994596,0.28549930783010385,0.003517915219051207
ISic003398,,,,,,,,,,,,,,,,,,,,,0.6821704981300583,0.0004397117753501483,0.02020497039620119,0.00016705661017080042,0.29313366802748814,0.003884095060731336
ISic003398,,,,,,,,,,,,,,,,,,,,,0.7834433876146637,0.00017440392381999845,0.14509752087228125,0.00017860180075648978,0.06914902165508828,0.0019570641333903956
ISic003398,,,,,,,,,,,,,,,,,,,,,0.6400473207272835,0.0003972161000301262,0.02129517403138293,0.0001864412556283986,0.33422550099701026,0.003848346888664743
ISic004502,,,,,,,,,,,,,,,,,,,,,0.4646515256255495,0.00029958224714648845,0.0012193851427727148,5.967835918186844e-05,0.5321109137374345,0.0016589148879149454
ISic004502,,,,,,,,,,,,,,,,,,,,,0.5232506806441246,0.00016907258510898818,0.001632778977768292,4.230481537360607e-05,0.4733470841738635,0.001558078803760777
ISic004502,,,,,,,,,,,,,,,,,,,,,0.2235340387045672,0.0002073394966144585,0.0028324438627104266,8.80130198439324e-05,0.7708118817403993,0.0025262831758648243
ISic004503,,,,,,,,,,,,,,,,,,,,,0.39895885633270844,7.746804530017766e-05,0.000993437067086649,0.0001449681890069465,0.5980321518165997,0.0017931185492981248
ISic004503,,,,,,,,,,,,,,,,,,,,,0.2806609323987006,0.00021422582967103534,0.001685612418077669,0.0001393073134364274,0.7148601176603394,0.0024398043797747987
ISic004503,,,,,,,,,,,,,,,,,,,,,0.5995287224519197,9.651198510811376e-05,0.0011822442743990177,5.088506864056671e-05,0.397810650440343,0.0013309857795895759
ISicX04503,,,,,,,,,,,,,,,,,,,,,0.3589780114540669,0.00028884255750217,0.0020620652778630985,0.00019184879617854635,0.6362427209620531,0.002236510952336163
ISicX04503,,,,,,,,,,,,,,,,,,,,,0.4275569886786287,0.00019361098324443141,0.002131184225335712,0.0001323305638712912,0.5682277096019869,0.001758175946932896
ISicX04503,,,,,,,,,,,,,,,,,,,,,0.45420620588284893,6.657381524761272e-05,0.0026375937147461574,0.00012017184812199201,0.5408972958527924,0.00207215888624301
t0-0CC-1,,,,,,,,,,,,,,,,,,,,,0.9908375964494872,4.0873010211277265e-05,0.0049612447584804495,2.8008102756541923e-05,0.00041349848531308024,0.0037187791937513793
t0-0CC-2,,,,,,,,,,,,,,,,,,,,,0.9908933596026405,3.66322962578723e-05,0.004877643993784773,2.558262502437063e-05,0.0003733647914931719,0.003793416690799183
t0-0CC-3,,,,,,,,,,,,,,,,,,,,,0.9898850318607283,4.1477586251860625e-05,0.005492990080725592,3.694145884142873e-05,0.0004555554369378464,0.004088003576514976
t0-10CC-1,,,,,,,,,,,,,,,,,,,,,0.9862427270878844,4.1943802755720134e-05,0.005339268062097614,3.0136281737110825e-05,0.004407904111922131,0.003938020653603044
t0-10CC-2,,,,,,,,,,,,,,,,,,,,,0.9857524263702175,4.301614601853265e-05,0.00549346498769492,3.047054338285118e-05,0.004527936546749925,0.004152685405936343
t0-10CC-3,,,,,,,,,,,,,,,,,,,,,0.9838448670636422,4.051710814868982e-05,0.0063568890512049345,3.52082904790325e-05,0.005155003469812996,0.004567515016712018
t0-20CC-1,,,,,,,,,,,,,,,,,,,,,0.9805702830869517,4.5010817512209435e-05,0.0056629884653407155,3.162033442406935e-05,0.009344447374762822,0.004345649921008317
t0-20CC-2,,,,,,,,,,,,,,,,,,,,,0.9798470602385682,5.1081373678456275e-05,0.005875141130323776,4.001447870598315e-05,0.009788215994581856,0.004398486784141838
t0-20CC-3,,,,,,,,,,,,,,,,,,,,,0.9816689245991775,3.687550937424321e-05,0.005439588607162027,3.410395336435089e-05,0.008851967160223979,0.003968540170697905
t0-30CC-1,,,,,,,,,,,,,,,,,,,,,0.9748300235192724,3.9916416244120215e-05,0.005815202653323575,4.014064453073719e-05,0.014890104614106312,0.004384612152522985
t0-30CC-2,,,,,,,,,,,,,,,,,,,,,0.9755722691145451,4.1506246694913966e-05,0.005630589530089641,2.7307092407381238e-05,0.01445185411654747,0.004276473899715506
t0-30CC-3,,,,,,,,,,,,,,,,,,,,,0.9782943921981161,4.1874806298359615e-05,0.004849227111352824,2.3816613698001902e-05,0.012936686059100913,0.003854003211433826
t0-40CC-1,,,,,,,,,,,,,,,,,,,,,0.966303193007343,4.787581198046794e-05,0.005218627466362909,4.1016884292701186e-05,0.024392392409234378,0.0039968944207864196
t0-40CC-2,,,,,,,,,,,,,,,,,,,,,0.9651980042686625,5.5139912541125775e-05,0.005480155152573836,3.465687611441258e-05,0.02502514460209346,0.004206899188014733
t0-40CC-3,,,,,,,,,,,,,,,,,,,,,0.9586293257327468,5.1520681603383084e-05,0.006838905690554056,4.3934399802929e-05,0.029679581868557427,0.0047567316267354415
t0-50CC-1,,,,,,,,,,,,,,,,,,,,,0.9482466579733082,5.043445437252289e-05,0.005880100645518611,3.3801746771728775e-05,0.04122561938517856,0.004563385794850526
t0-50CC-2,,,,,,,,,,,,,,,,,,,,,0.9508799837411311,4.452937481289813e-05,0.005699761832565657,3.254383686569417e-05,0.03914680070166794,0.004196380512956494
t0-50CC-3,,,,,,,,,,,,,,,,,,,,,0.9456338807281562,4.562996310946794e-05,0.006495859925771038,3.705006685405694e-05,0.04324330863996938,0.004544270676139948
t0-60CC-1,,,,,,,,,,,,,,,,,,,,,0.7908914084818132,0.00012303281571544796,0.010132637481909436,8.102480680094981e-05,0.19208289920291216,0.006688997210848747
t0-60CC-2,,,,,,,,,,,,,,,,,,,,,0.8664519972532398,5.034479170546047e-05,0.006191020311406436,4.204579858395167e-05,0.12275968485392659,0.004504906991137679
t0-60CC-3,,,,,,,,,,,,,,,,,,,,,0.8377469833421488,9.237324833329683e-05,0.007663782471819559,5.350200669599699e-05,0.14914513461398957,0.005298224317012764
t0-70CC-1,,,,,,,,,,,,,,,,,,,,,0.7601162837514188,0.00010065274084523772,0.008811796613529316,8.417382346990448e-05,0.2247693817972318,0.006117711273504964
t0-70CC-2,,,,,,,,,,,,,,,,,,,,,0.8427132232683902,7.310542941715723e-05,0.005333250116320943,6.857922925596725e-05,0.14769832976070776,0.004113512195908041
t0-70CC-3,,,,,,,,,,,,,,,,,,,,,0.8095064297389705,0.00010105458414279427,0.006975427566857285,5.087339861220289e-05,0.17850926016396482,0.004856954547452485
t0-80CC-1,,,,,,,,,,,,,,,,,,,,,0.759876223787423,0.00011166308251713208,0.006463407919735524,6.533145380088344e-05,0.2287119163035998,0.004771457452923745
t0-80CC-2,,,,,,,,,,,,,,,,,,,,,0.81466019063857,7.519407441619205e-05,0.00497281177276752,4.577327828633868e-05,0.17629553838957535,0.003950491846384752
t0-80CC-3,,,,,,,,,,,,,,,,,,,,,0.7233323027593603,7.780038100038553e-05,0.0077540891449688065,2.0437565471472833e-05,0.26378802322321615,0.00502734692598279
t0-90CC-1,,,,,,,,,,,,,,,,,,,,,0.3922597478020435,0.0001743876105659594,0.008252278826616596,5.0895331940788875e-05,0.593136096067026,0.006126594361807177
t0-90CC-2,,,,,,,,,,,,,,,,,,,,,0.7905083633577589,3.5042404930749916e-05,0.0023915016435093915,4.023032558312463e-05,0.2043982067957752,0.002626655472442526
t0-90CC-3,,,,,,,,,,,,,,,,,,,,,0.6466111225884669,0.00010184354026753189,0.00445657304107178,5.493522700714107e-06,0.34510627203928596,0.003718695268207241
t0-100CC-1,,,,,,,,,,,,,,,,,,,,,0.6976302735903384,3.6702014476591694e-05,0.00016900356127770645,3.770471627533622e-05,0.3007456325325269,0.0013806835851051767
t0-100CC-2,,,,,,,,,,,,,,,,,,,,,0.4469115736732021,6.765098118303614e-05,0.00037749178823637096,9.403893146865729e-05,0.5510191710845285,0.0015300735413813942
t0-100CC-3,,,,,,,,,,,,,,,,,,,,,0.3165695180640793,9.331884666620911e-05,0.00043110991025334443,3.56302886354202e-05,0.6809154410159476,0.0019549818744179935
0-1,,,,,,,,,,,,,,,,,,,,,0.9754783093136776,0.0001416110289814438,0.007602792708148556,7.030245494250457e-05,0.0019058749984445747,0.01480110949580546
0-2,,,,,,,,,,,,,,,,,,,,,0.9761140960523031,0.00015594324339637998,0.007478466907892849,7.243119351282765e-05,0.0018108229756576427,0.014368239627237147
0-3,,,,,,,,,,,,,,,,,,,,,0.9742691011281528,0.00015961927610558594,0.008103390026613871,7.767172072327964e-05,0.001973058852875266,0.01541715899552905
10-1,,,,,,,,,,,,,,,,,,,,,0.9484936542214901,0.00021605801653478977,0.01131277165347375,0.00010808277679402658,0.023404408172205012,0.0164650251595023
10-2,,,,,,,,,,,,,,,,,,,,,0.9510596299486682,0.000228263455828283,0.010585316372447655,9.752515608277944e-05,0.022125517608886824,0.015903747458086093
10-3,,,,,,,,,,,,,,,,,,,,,0.951256557620431,0.0002083007903975979,0.010597509622344526,8.501889497163252e-05,0.022125176731382663,0.015727436340472623
20-1,,,,,,,,,,,,,,,,,,,,,0.9281738518945315,0.0002437196431489985,0.011536543891327205,0.00010311339968979927,0.044156450095491975,0.01578632107581042
20-2,,,,,,,,,,,,,,,,,,,,,0.9315156570037588,0.00024775087245038324,0.010909209301934076,0.0001132910912443672,0.04218829674019666,0.015025794990415864
20-3,,,,,,,,,,,,,,,,,,,,,0.9334820401620941,0.00022849584703106348,0.010564060967966698,9.400597433591499e-05,0.04094152648509409,0.014689870563478032
30-1,,,,,,,,,,,,,,,,,,,,,0.8955257767239051,0.0002854325850650653,0.013340865773226318,0.00012171701710599384,0.07410844469149497,0.016617763209202333
30-2,,,,,,,,,,,,,,,,,,,,,0.912816936452933,0.0002426469438381454,0.010963161611069451,9.8377787425718e-05,0.06151258879637306,0.014366288408360432
30-3,,,,,,,,,,,,,,,,,,,,,0.9159392112135263,0.0002475948329837962,0.010381511615145427,9.658320721190347e-05,0.05968255244511689,0.01365254668601565
40-1,,,,,,,,,,,,,,,,,,,,,0.8633407089621205,0.00030886811419723485,0.011575989465131666,0.00010261377578996187,0.11047939370278222,0.014192425979978333
40-2,,,,,,,,,,,,,,,,,,,,,0.8569068746924329,0.0003098370490369401,0.0123417023597689,0.00011573824466415177,0.11570514103305421,0.014620706621042904
40-3,,,,,,,,,,,,,,,,,,,,,0.8467321433284499,0.000369681010376255,0.013519747441149005,0.00014591218430993444,0.12390203148233424,0.015330484553380415
50-1,,,,,,,,,,,,,,,,,,,,,0.8192016436307763,0.0002918875069986855,0.010833790167776493,0.00010448779002009393,0.15662229559227883,0.012945895312149732
50-2,,,,,,,,,,,,,,,,,,,,,0.7890043298908743,0.00034475283456097136,0.013321466130948008,0.00011608267655566425,0.18223349093956673,0.014979877527494391
50-3,,,,,,,,,,,,,,,,,,,,,0.8043203643537189,0.00033260645775062445,0.012364854708156493,0.00012639464841420213,0.16872825728372903,0.0141275225482309
60-1,,,,,,,,,,,,,,,,,,,,,0.6241563935866877,0.00034613926420776366,0.008681640961214638,0.00011640440991136923,0.3562570368120399,0.010442384965938743
60-2,,,,,,,,,,,,,,,,,,,,,0.6314052480941672,0.00026871795040577326,0.008495261364384527,9.587762093913404e-05,0.3497550208835909,0.009979874086512328
60-3,,,,,,,,,,,,,,,,,,,,,0.5910754597025402,0.0003771274528897559,0.009684465054267503,0.00013786724350989447,0.3876969944073044,0.011028086139488351
70-1,,,,,,,,,,,,,,,,,,,,,0.6001761307470596,0.0002797794886535264,0.007215914038596281,0.0001345205212702684,0.3835760784281154,0.008617576776304939
70-2,,,,,,,,,,,,,,,,,,,,,0.5476611742292402,0.00039534271294635644,0.008958246269629148,0.00017215051532268793,0.43326457568926635,0.009548510583595312
70-3,,,,,,,,,,,,,,,,,,,,,0.5516507344718216,0.0003210209563318701,0.008064080894942975,8.286310308510692e-05,0.43064172095985004,0.00923957961396858
80-1,,,,,,,,,,,,,,,,,,,,,0.3730057741279243,0.00042569116214593173,0.0082604218002768,0.0001358915159403614,0.6079736028449584,0.010198618548754399
80-2,,,,,,,,,,,,,,,,,,,,,0.49336314941277165,0.0003083403342670607,0.0066260546831887115,0.0001055644809248707,0.49124558141536034,0.008351309673487241
80-3,,,,,,,,,,,,,,,,,,,,,0.44048397740328427,0.000293395962504182,0.007680871387672799,0.00012121064719816587,0.5424795467220944,0.008940997877246283
90-1,,,,,,,,,,,,,,,,,,,,,0.1991360120897981,0.0004943388762885185,0.004857786237800548,0.00014286132470143654,0.7885920923936172,0.006776909077794114
90-2,,,,,,,,,,,,,,,,,,,,,0.3641084567971604,0.00036711345145891926,0.003938297824985786,0.00010644251533936959,0.6262983930742221,0.005181296336833412
90-3,,,,,,,,,,,,,,,,,,,,,0.25456892424136385,0.00032211859958875417,0.00460753408059456,7.040751495667064e-06,0.734400184210356,0.006094198116601221
100-1,,,,,,,,,,,,,,,,,,,,,0.10347688246760214,0.00034580047358535686,0.0005691654384362011,0.00011060311131987436,0.8946345820316061,0.0008629664774504303
100-2,,,,,,,,,,,,,,,,,,,,,0.06896839888843465,0.0003796865740200258,0.0005517228675393615,8.96786754037507e-05,0.9291030631201234,0.0009074498744788959
100-3,,,,,,,,,,,,,,,,,,,,,0.11931836123738587,0.0003624079882471902,0.000380734965168593,7.999502685397385e-05,0.8789195747557287,0.0009389260266157803
ISi3001822_MK-6,,,,,,,,,,,,,,,,,,,,,0.8139517983761692,0.00020839516696902178,0.001274322175500513,6.682196684378914e-05,0.1835315735748556,0.0009670887396617187
ISi3001822_MK-d,,,,,,,,,,,,,,,,,,,,,0.1574444332530649,0.0006982519224713611,0.0052012403937974055,0.00031827733915569425,0.8340126548430219,0.0023251422484886044
ISic000401_MK,,,,,,,,,,,,,,,,,,,,,0.7982814777839166,0.0001901471755047027,0.0008051799347768532,6.232188494231485e-05,0.20022540751601198,0.00043546570484770907
ISic000401_MK,,,,,,,,,,,,,,,,,,,,,0.8488443752635363,0.00015826324342247625,0.0006777836759710615,4.827866104712873e-05,0.14991019240302264,0.0003611067530002718
ISic000401_MK,,,,,,,,,,,,,,,,,,,,,0.8170445369020879,0.00019422992891948989,0.0005357699464367147,4.4642373607511373e-05,0.18185328814011834,0.00032753270883006204
ISic000404_MK,,,,,,,,,,,,,,,,,,,,,0.8235501979245181,0.00024152358920740894,0.0017582168564213285,3.563714347837889e-05,0.1736087040299124,0.0008057204564623592
ISic000404_MK,,,,,,,,,,,,,,,,,,,,,0.885882844448914,0.0001584965138323441,0.0007174682060942416,2.2024617438217766e-05,0.1131114367691907,0.00010772944453052151
ISic000404_MK,,,,,,,,,,,,,,,,,,,,,0.8534430686092179,0.00012050465110040212,0.0010529077324955526,4.76655907317846e-05,0.14510361597202603,0.00023223744442827407
ISic000404_MK,,,,,,,,,,,,,,,,,,,,,0.8497156170232418,0.0002469994596265704,0.003544859893011855,8.232631491771717e-05,0.14574297722206717,0.0006672200871349015
ISic000404_MK,,,,,,,,,,,,,,,,,,,,,0.8717386956964313,0.00022161919808097734,0.005655351904923682,8.821453206391771e-05,0.12198998205987506,0.00030613660862506065
ISic000404_MK,,,,,,,,,,,,,,,,,,,,,0.8493413303584304,0.00015849257380530455,0.002735311173952875,4.965894813295035e-05,0.14721714081435802,0.0004980661313204475
ISic000404_MK,,,,,,,,,,,,,,,,,,,,,0.8958871644507759,0.00022616264088841685,0.005439543073982647,5.2832875560961574e-05,0.09791392464421665,0.00048037231457537905
ISic000404_MK,,,,,,,,,,,,,,,,,,,,,0.8521256276590332,0.00021627838224386894,0.003430212750798539,6.862431728642527e-05,0.1436265241387066,0.0005327327519312496
ISic000404_MK,,,,,,,,,,,,,,,,,,,,,0.8637326030282347,0.0003390268183625486,0.009739460108104045,0.00013755713388657702,0.1250857806564174,0.0009655722549946281
ISic000404_MK,,,,,,,,,,,,,,,,,,,,,0.8564020054977063,0.00031654631412234957,0.0031266454882904063,7.199411720564184e-05,0.13890147604099987,0.001181332541675484
ISic000408_MK,,,,,,,,,,,,,,,,,,,,,0.8502384526856152,0.00014289965082844223,0.000993742474497979,0.00012549725938844957,0.1479175173159047,0.0005818906137651892
ISic000408_MK,,,,,,,,,,,,,,,,,,,,,0.8286941209128644,0.00018176366055093945,0.000498667885291157,8.69837966007688e-05,0.17023979497698158,0.00029866876771124194
ISic000408_MK,,,,,,,,,,,,,,,,,,,,,0.8789942441550013,0.00014842710143377137,0.0008956206458872142,9.458433887039331e-05,0.11951879722809265,0.00034832653071471733
ISic000413_MK,,,,,,,,,,,,,,,,,,,,,0.805847402436558,0.00029544373706878377,0.0015500171134637459,8.651669173290691e-05,0.1918064507324562,0.0004141692887203949
ISic000413_MK,,,,,,,,,,,,,,,,,,,,,0.8674602971212546,0.0002722873718595426,0.0018182189848016217,0.00010440884776550829,0.1298092175056485,0.0005355701686704644
ISic000413_MK,,,,,,,,,,,,,,,,,,,,,0.8708910556586736,0.00010255894245989245,0.00048480752274935847,5.96631752714122e-05,0.1283817409704825,8.017373036310704e-05
ISic000417_MK,,,,,,,,,,,,,,,,,,,,,0.8807788496329241,0.00013365516465184822,0.000633107730212172,5.7559881071173684e-05,0.11806877045778728,0.00032805713335343754
ISic000417_MK,,,,,,,,,,,,,,,,,,,,,0.8498728514058548,0.0001185103293332662,0.0006726803465470406,4.0894822592749855e-05,0.14890412084575252,0.00039094224991968334
ISic000417_MK,,,,,,,,,,,,,,,,,,,,,0.855820641784523,0.00014152020167070839,0.0008971748992808641,9.250954018476952e-05,0.142499040689226,0.0005491128851147331
ISic000417_MK,,,,,,,,,,,,,,,,,,,,,0.9183785150116884,0.0001568689527568106,0.0011723572909356523,0.00010028008752080395,0.07987309763068048,0.0003188810264179171
ISic000439_MK,,,,,,,,,,,,,,,,,,,,,0.921663842463934,0.00020281765307978022,0.004276064063765947,4.7306005598293893e-05,0.07315765343855338,0.0006523163750688555
ISic000446_MK,,,,,,,,,,,,,,,,,,,,,0.8532893558576422,0.0001413790724286948,0.0008311034025433103,6.330026085094812e-05,0.1453946203483352,0.0002802410581995791
ISic000446_MK,,,,,,,,,,,,,,,,,,,,,0.8610899128164623,0.00015486834146399877,0.0008891654317388883,5.194931472523591e-05,0.13744203962986568,0.0003720644657439394
ISic000446_MK,,,,,,,,,,,,,,,,,,,,,0.8651101340584155,9.503727275492198e-05,0.0003995407503611082,5.892187731193242e-05,0.13407776028298685,0.00025860575816966525
ISic000446,,,,,,,,,,,,,,,,,,,,,0.8532893558576422,0.0001413790724286948,0.0008311034025433103,6.330026085094812e-05,0.1453946203483352,0.0002802410581995791
ISic000446,,,,,,,,,,,,,,,,,,,,,0.8610899128164623,0.00015486834146399877,0.0008891654317388883,5.194931472523591e-05,0.13744203962986568,0.0003720644657439394
ISic000446,,,,,,,,,,,,,,,,,,,,,0.8651101340584155,9.503727275492198e-05,0.0003995407503611082,5.892187731193242e-05,0.13407776028298685,0.00025860575816966525
ISic000451,,,,,,,,,,,,,,,,,,,,,0.8007029719510993,0.00015890688394211286,0.0006344664059860664,2.6705668563960194e-05,0.1984767309833125,2.1810709605959e-07
ISic000451,,,,,,,,,,,,,,,,,,,,,0.7433256323683,0.00011932531384997455,0.000441363957447851,6.977810836225689e-05,0.256037928882687,5.971369352926711e-06
ISic000451,,,,,,,,,,,,,,,,,,,,,0.7336744745386288,0.00016047575886197392,0.0004209025155902367,4.629629921963105e-06,0.265394938751014,0.0003445788059830794
ISic000618_MK,,,,,,,,,,,,,,,,,,,,,0.18230433735641985,0.004169197666630937,0.06368653332401454,0.0008288521376970087,0.7466314563457178,0.0023796231695197793
ISic000618_MK,,,,,,,,,,,,,,,,,,,,,0.06902684702844217,0.0049604526117086375,0.0730058162111386,0.0013790219796142244,0.8480193973272825,0.003608464841813732
ISic000618_MK,,,,,,,,,,,,,,,,,,,,,0.15427716232478467,0.004864650859482243,0.06870357057748652,0.0011524739302206535,0.7680992392661907,0.002902903041835252
ISic000632_MK,,,,,,,,,,,,,,,,,,,,,0.8419565243075016,0.00017526047087223232,0.001654354176335479,7.291981846914658e-05,0.15580198825136957,0.0003389529754521074
ISic000632_MK,,,,,,,,,,,,,,,,,,,,,0.8255315444281969,0.00016756862901229282,0.0006620158548730539,5.1344497979641974e-05,0.173269704718573,0.000317821871364974
ISic000632_MK,,,,,,,,,,,,,,,,,,,,,0.7950661793521652,0.00023499939769630843,0.0015985640090335229,9.804487807612553e-05,0.20250798408092185,0.0004942282821071407
ISic000632_MK,,,,,,,,,,,,,,,,,,,,,0.8521451529356294,0.0001381951106199779,0.001335975953670222,0.0002755902585372553,0.14589665240049976,0.00020843334104328755
ISic000634_MK,,,,,,,,,,,,,,,,,,,,,0.09868465375327308,0.0019522630553994872,0.01604059273514816,0.0007871601358903667,0.8814988037678221,0.001036526552466778
ISic000634_MK,,,,,,,,,,,,,,,,,,,,,0.17888388975865227,0.0014895571166158256,0.012766971183030093,0.00040165629703838935,0.8061807334693242,0.0002771921753392265
ISic000634_MK,,,,,,,,,,,,,,,,,,,,,0.11352900568186457,0.0014460007760356093,0.013281158643030571,0.0005995000478938547,0.8700585507864476,0.0010857840647279366
ISic000635_MK,,,,,,,,,,,,,,,,,,,,,0.050463005519577366,0.00256861854082058,0.03215587146354783,0.0009784052307666776,0.9076528405438136,0.0061812587014740605
ISic000635_MK,,,,,,,,,,,,,,,,,,,,,0.21416365131912904,0.002028139820157174,0.024360725937531063,0.0007020073856069127,0.7531897576252691,0.005555717912306802
ISic000635_MK,,,,,,,,,,,,,,,,,,,,,0.36333094307539765,0.0014410804780355915,0.01670463992872622,0.0006517435431348496,0.6141504010794041,0.003721191895301661
ISic000636_1,,,,,,,,,,,,,,,,,,,,,0.8361731474746801,0.000850911138399404,0.008360687144952927,0.0002439150856691858,0.15324771789453404,0.0011236212617643409
ISic000636_1,,,,,,,,,,,,,,,,,,,,,0.8325881541270005,0.0006487324972738439,0.00672583104794508,0.00022081936839153047,0.1588455852705677,0.0009708776888215441
ISic000636_1,,,,,,,,,,,,,,,,,,,,,0.853664527041266,0.0008120310129059506,0.008154125387027592,0.0002966640332828055,0.13597406709457094,0.0010985854309466117
ISic000636_1,,,,,,,,,,,,,,,,,,,,,0.8217110062359941,0.0005232214512455347,0.004725613850773589,0.00011193279548945558,0.17215455675711058,0.0007736689093867559
ISic000636_1,,,,,,,,,,,,,,,,,,,,,0.8218198639183315,0.0012944160181009487,0.0048860655986518705,0.00011929142548995198,0.17102781357340338,0.0008525494660224141
ISic000636_1,,,,,,,,,,,,,,,,,,,,,0.7934314339495445,0.0006460663558869415,0.004233357900842109,0.0001193721279114943,0.20085943763244782,0.0007103320333670517
ISic000636_3,,,,,,,,,,,,,,,,,,,,,0.8047938465721415,0.0003416586779407596,0.002867119491415552,0.00012891353086047266,0.1911380313952363,0.0007304303324054146
ISic000636_3,,,,,,,,,,,,,,,,,,,,,0.8333644997055221,0.0004582192480040095,0.004358793807697901,0.00014425027085750324,0.16101796426765555,0.0006562727002630264
ISic000636_3,,,,,,,,,,,,,,,,,,,,,0.8198914714632604,0.00039461585717881536,0.0031956849214738025,0.00014636936940804192,0.17579955919969542,0.0005722991889835042
ISic000636_3,,,,,,,,,,,,,,,,,,,,,0.803034155707845,0.0002941568845294921,0.0025253889507092803,0.00012443047273729275,0.19357966261433052,0.00044220536984838503
ISic000636_3,,,,,,,,,,,,,,,,,,,,,0.8061029595192288,0.0011015711829771623,0.004823576741442375,9.002219817768559e-05,0.18709568121594533,0.0007861891422284108
ISic000636_3,,,,,,,,,,,,,,,,,,,,,0.8583391448022831,0.00027672303772987764,0.002248020937469381,7.879608852475599e-05,0.13860944987766433,0.00044786525632859294
ISic000652,,,,,,,,,,,,,,,,,,,,,0.810870223980002,0.000308364020782268,0.0032963276005069553,0.00038574308499254216,0.18458145577267973,0.0005578855410364591
ISic000652,,,,,,,,,,,,,,,,,,,,,0.7730077079241093,0.000219983981478628,0.0014509668697536347,6.90195510074042e-05,0.22479329492352912,0.0004590267501216787
ISic000652,,,,,,,,,,,,,,,,,,,,,0.812199970772003,0.00017326453858537152,0.0012345896147095896,3.41119935644769e-05,0.1859699628903755,0.00038810019076195625
ISic000652,,,,,,,,,,,,,,,,,,,,,0.8224704313445929,0.0002544848592803745,0.0030016820099712464,7.489719060442119e-05,0.17362036532583403,0.0005781392697170577
ISic000725,,,,,,,,,,,,,,,,,,,,,0.8773721333882786,9.598232836673385e-05,0.000379666415436706,8.312802794122223e-05,0.12203711513725786,3.197470271882753e-05
ISic000725,,,,,,,,,,,,,,,,,,,,,0.8790515102694338,0.00024791541011036025,0.001201099830656582,5.5139255718185446e-05,0.1191743722477443,0.00026996298633691346
ISic000725,,,,,,,,,,,,,,,,,,,,,0.9103755407541063,7.30100895609062e-05,0.000338232051689874,1.094677269903299e-05,0.08919630352460826,5.966807335805992e-06
ISic000728,,,,,,,,,,,,,,,,,,,,,0.7927202738740936,0.00027151134121915915,0.001754978175318958,5.003710423412051e-05,0.20434879382154428,0.0008544056835898027
ISic000728,,,,,,,,,,,,,,,,,,,,,0.7843664460325662,0.0002623523259955767,0.0016265322290901216,7.075400430574382e-05,0.21300651771503293,0.0006673976930094876
ISic000728,,,,,,,,,,,,,,,,,,,,,0.7672822479462935,0.00023978369558322292,0.0012610226966913581,7.729533177389653e-05,0.230498451730114,0.0006411985995438768
ISic000728,,,,,,,,,,,,,,,,,,,,,0.8119330445008875,0.00017316144735476124,0.0013058853939312111,5.1142893893697594e-05,0.18600775699412592,0.0005290087698069771
ISic000728,,,,,,,,,,,,,,,,,,,,,0.7798141692954708,0.00022976930424616158,0.0012027314329431473,6.0712405147297e-05,0.2180563811978766,0.0006362363643160505
ISic000728,,,,,,,,,,,,,,,,,,,,,0.784578871946443,0.00022100659024214768,0.001291824939485803,3.2176116138357806e-05,0.21332845490774205,0.0005476654999485265
ISic000728,,,,,,,,,,,,,,,,,,,,,0.7927202738740936,0.00027151134121915915,0.001754978175318958,5.003710423412051e-05,0.20434879382154428,0.0008544056835898027
ISic000728,,,,,,,,,,,,,,,,,,,,,0.7843664460325662,0.0002623523259955767,0.0016265322290901216,7.075400430574382e-05,0.21300651771503293,0.0006673976930094876
ISic000728,,,,,,,,,,,,,,,,,,,,,0.7672822479462935,0.00023978369558322292,0.0012610226966913581,7.729533177389653e-05,0.230498451730114,0.0006411985995438768
ISic000728,,,,,,,,,,,,,,,,,,,,,0.8119330445008875,0.00017316144735476124,0.0013058853939312111,5.1142893893697594e-05,0.18600775699412592,0.0005290087698069771
ISic000728,,,,,,,,,,,,,,,,,,,,,0.7798141692954708,0.00022976930424616158,0.0012027314329431473,6.0712405147297e-05,0.2180563811978766,0.0006362363643160505
ISic000728,,,,,,,,,,,,,,,,,,,,,0.784578871946443,0.00022100659024214768,0.001291824939485803,3.2176116138357806e-05,0.21332845490774205,0.0005476654999485265
ISic000729,,,,,,,,,,,,,,,,,,,,,0.798695309517416,0.0002381136063344918,0.0009646276810695223,2.1938800807100034e-05,0.19970993106929777,0.0003700793250750822
ISic000729,,,,,,,,,,,,,,,,,,,,,0.798695309517416,0.0002381136063344918,0.0009646276810695223,2.1938800807100034e-05,0.19970993106929777,0.0003700793250750822
ISic000729,,,,,,,,,,,,,,,,,,,,,0.7844185373400331,0.0002851970043368496,0.0011616330245363773,2.7837182267781862e-05,0.2134704965807661,0.0006362988680598311
ISic000823,,,,,,,,,,,,,,,,,,,,,0.7976984778851328,0.00026312595849923345,0.001535383077701231,0.00010847434251589384,0.19995283447479062,0.0004417042613602094
ISic000823,,,,,,,,,,,,,,,,,,,,,0.7699026305727147,0.00027061259212808906,0.0016856302267312915,0.00010185644851321373,0.22735414534760678,0.0006851248123060858
ISic000823,,,,,,,,,,,,,,,,,,,,,0.7858607107032498,0.00030437878209319837,0.001754806394200508,8.421002066013035e-05,0.2114385130322068,0.0005573810675897281
ISic000827,,,,,,,,,,,,,,,,,,,,,0.0005372881190388095,0.001768516400133928,0.04221689795611435,0.0016355582931487712,0.9510918480698574,0.002749891161706761
ISic000827,,,,,,,,,,,,,,,,,,,,,0.20249466013254977,0.0010699635246415203,0.02847979101715806,0.0012871998889104426,0.7645983757002786,0.0020700097364617503
ISic000827,,,,,,,,,,,,,,,,,,,,,0.2215899920710445,0.0011480561756746306,0.031649958474044095,0.0012678428482237785,0.7424503626115706,0.001893787819442505
ISic000832,,,,,,,,,,,,,,,,,,,,,0.001891855805438369,0.000737274546164139,0.0023114455843385264,0.00019115747738574258,0.9939905586736811,0.0008777079129920787
ISic000832,,,,,,,,,,,,,,,,,,,,,0.06083317653953267,0.00042824174779008246,0.002162931808034698,0.0005751774635143578,0.9349174249957171,0.0010830474454111823
ISic000832,,,,,,,,,,,,,,,,,,,,,0.0960857278771209,0.0008033894843819891,0.0031426807555996975,0.00026216049567560435,0.8980691179271482,0.0016369234600737805
ISic000832,,,,,,,,,,,,,,,,,,,,,0.002013110449792321,0.0012116880738056621,0.006835178542926652,0.000602395437816418,0.9871504452074242,0.002187182288234703
ISic000833,,,,,,,,,,,,,,,,,,,,,0.10992737203218786,0.0006546723429331483,0.0017501343883054158,0.0006195619258472307,0.8862471590786496,0.0008011002320766612
ISic000833,,,,,,,,,,,,,,,,,,,,,0.12538718359815154,0.00044257377349313416,0.0014718194247730024,0.0003545879646638341,0.8717808822687341,0.0005629529701844097
ISic000833,,,,,,,,,,,,,,,,,,,,,0.5519093109271989,9.753359789727581e-07,0.0004270968362132149,0.0006139614601397633,0.44642536862938953,0.0006232868110797077
ISic000841,,,,,,,,,,,,,,,,,,,,,0.8508040099835587,0.00042538712305179727,0.0011091906546559951,3.8677331233859225e-05,0.14748399412608346,0.00013874078141629933
ISic000841,,,,,,,,,,,,,,,,,,,,,0.8595700352250462,0.0006090812636218492,0.00707820851332197,0.00010708751275208322,0.13136638078385343,0.0012692067014045522
ISic000841,,,,,,,,,,,,,,,,,,,,,0.832319999651178,0.00040606903394029307,0.0031586621931577875,8.653455096557315e-05,0.16291683437506707,0.0011119001956913048
ISic000846,,,,,,,,,,,,,,,,,,,,,0.7589713289918022,0.00021291322195022246,0.0014826136550187532,7.646226610055693e-05,0.2387512699631086,0.0005054119020196389
ISic000846,,,,,,,,,,,,,,,,,,,,,0.7745593618207325,0.0003022711466958898,0.0015946871017594628,2.917260835978677e-06,0.22289374443117216,0.0006470182388040709
ISic000846,,,,,,,,,,,,,,,,,,,,,0.7476032822503695,0.00013527673822344668,0.00116870711127865,5.064115998192277e-05,0.2504499584010402,0.0005921343391063438
ISic000846,,,,,,,,,,,,,,,,,,,,,0.7589713289918022,0.00021291322195022246,0.0014826136550187532,7.646226610055693e-05,0.2387512699631086,0.0005054119020196389
ISic000846,,,,,,,,,,,,,,,,,,,,,0.7745593618207325,0.0003022711466958898,0.0015946871017594628,2.917260835978677e-06,0.22289374443117216,0.0006470182388040709
ISic000846,,,,,,,,,,,,,,,,,,,,,0.7476032822503695,0.00013527673822344668,0.00116870711127865,5.064115998192277e-05,0.2504499584010402,0.0005921343391063438
ISic000856,,,,,,,,,,,,,,,,,,,,,0.833251228491224,0.00019680819922780507,0.0012340651572157431,7.339964864642221e-05,0.1650166677216886,0.0002278307819975526
ISic000856,,,,,,,,,,,,,,,,,,,,,0.8374082659218774,0.00022758833664358123,0.0020346879768320236,6.045431540893324e-05,0.16002883538859672,0.00024016806064118678
ISic000856,,,,,,,,,,,,,,,,,,,,,0.8590800343662687,0.0002670176526094961,0.0040942518394463945,0.00014164546420543278,0.13546491272410285,0.0009521379533671821
ISic000870,,,,,,,,,,,,,,,,,,,,,0.8282741659796503,0.00020746739288099772,0.0014462629036682128,6.590189527540164e-05,0.169240448508025,0.0007657533205001154
ISic000870,,,,,,,,,,,,,,,,,,,,,0.8211203899117747,0.00024020130687226086,0.001301588873424233,5.229089865807392e-05,0.17659068232385905,0.0006948466854117061
ISic000870,,,,,,,,,,,,,,,,,,,,,0.8482327979550709,0.00021907054160760466,0.0012717651523495004,5.280229776826039e-05,0.1495411025406024,0.0006824615126013196
ISic000879,,,,,,,,,,,,,,,,,,,,,0.9271156468658632,6.516219097030107e-05,0.0007816922362747817,1.1508690364021902e-05,0.07158042106818882,0.0004455689483389818
ISic000879,,,,,,,,,,,,,,,,,,,,,0.898214523193007,6.451891376690537e-05,0.0006196430272222556,2.7827070052621977e-05,0.10073625977029231,0.00033722802565893257
ISic000879,,,,,,,,,,,,,,,,,,,,,0.9268706636808562,4.6196186892750844e-05,0.0005172566875896215,2.2831588985721992e-05,0.07217954033589975,0.00036351151977609685
ISic000879,,,,,,,,,,,,,,,,,,,,,0.9309743755761793,8.016863735942954e-05,0.0014041461390640454,2.3955822163272647e-05,0.06712663370137985,0.00039072012385404844
ISic000879,,,,,,,,,,,,,,,,,,,,,0.9387499235753726,8.344536896285168e-05,0.0030692862676996997,2.5664070839836666e-05,0.05763808210091964,0.00043359861620530503
ISic000879,,,,,,,,,,,,,,,,,,,,,0.9532524446323468,6.26294517780233e-05,0.001679579020985398,2.0523196730994176e-05,0.04454710382434445,0.00043771987381421656
ISic000892,,,,,,,,,,,,,,,,,,,,,0.9141899724747045,4.5812937462680666e-05,0.0004806762639799831,1.2493103526706773e-05,0.08499916983852326,0.00027187538180246744
ISic000892,,,,,,,,,,,,,,,,,,,,,0.8655668160176608,7.159114268250092e-05,0.0006005373597557451,2.503152100659172e-05,0.13352170282339804,0.00021432113549620533
ISic000892,,,,,,,,,,,,,,,,,,,,,0.8699502795834665,6.633173001475709e-05,0.00047075577834415784,3.117067840954832e-05,0.12925157540210652,0.0002298868276585192
ISic000892,,,,,,,,,,,,,,,,,,,,,0.8977894001631943,7.437615136729146e-05,0.0005446689289711382,4.441889733990258e-05,0.10129658716689362,0.000250548692233733
ISic000892,,,,,,,,,,,,,,,,,,,,,0.8370664796553969,9.680919201721613e-05,0.0005337008670987846,6.703119489637794e-05,0.16209835057150485,0.0001376285190859707
ISic000903,,,,,,,,,,,,,,,,,,,,,0.7895513024031683,0.00019361875296282499,0.0015943365523579398,9.760934952312699e-05,0.20743600938370643,0.0011271235582813821
ISic000903,,,,,,,,,,,,,,,,,,,,,0.7893061539886105,0.00018281910252832705,0.0013455341568975499,0.00014628841561005354,0.2086980557754304,0.00032114856092328145
ISic000903,,,,,,,,,,,,,,,,,,,,,0.8110223846692677,0.0001998304075823688,0.0016311073072372883,0.00014942734077394768,0.1867505374401183,0.0002467128350203427
ISic000903,,,,,,,,,,,,,,,,,,,,,0.7895513024031683,0.00019361875296282499,0.0015943365523579398,9.760934952312699e-05,0.20743600938370643,0.0011271235582813821
ISic000903,,,,,,,,,,,,,,,,,,,,,0.7893061539886105,0.00018281910252832705,0.0013455341568975499,0.00014628841561005354,0.2086980557754304,0.00032114856092328145
ISic000903,,,,,,,,,,,,,,,,,,,,,0.8110223846692677,0.0001998304075823688,0.0016311073072372883,0.00014942734077394768,0.1867505374401183,0.0002467128350203427
ISic000905,,,,,,,,,,,,,,,,,,,,,0.9027887299086802,3.5516757044259273e-06,0.00048424425342546876,4.854783440711615e-06,0.09670735627147453,1.1263107274410767e-05
ISic000905,,,,,,,,,,,,,,,,,,,,,0.9198016499823172,3.898845174181799e-05,0.00045669755895190066,1.8508153696588393e-08,0.0795822762160973,0.00012036928273819295
ISic000905,,,,,,,,,,,,,,,,,,,,,0.8876353636342185,7.171447474730719e-05,0.0005369149435384349,0.00014796548062513156,0.11107602953529104,0.0005320119315794925
ISic000905,,,,,,,,,,,,,,,,,,,,,0.952866734660947,4.22932603168196e-05,0.0024839370128591624,4.360515986708499e-05,0.04420466419859386,0.00035876570741603817
ISic000909,,,,,,,,,,,,,,,,,,,,,0.8824628412307949,7.749503203104365e-05,0.0006277286528151028,1.7613304013619636e-05,0.11657669852055401,0.0002376232597912739
ISic000909,,,,,,,,,,,,,,,,,,,,,0.90428728477851,6.491750344896119e-05,0.0004707842235867703,4.124114390232686e-06,0.09500670742177571,0.00016618195828837205
ISic000909,,,,,,,,,,,,,,,,,,,,,0.8954247253947102,5.886055463618704e-05,0.0005407417589912419,2.8570862709769297e-05,0.10376628784686359,0.00018081358208895513
ISic000909,,,,,,,,,,,,,,,,,,,,,0.9172332302377435,6.846159561915692e-05,0.0006165344736890687,1.4372090109439395e-05,0.081903352593151,0.0001640490096877168
ISic000934,,,,,,,,,,,,,,,,,,,,,0.9152737789638984,5.417343980778755e-05,0.0003963377404687367,8.507698448333037e-05,0.0839316691068721,0.0002589637644693694
ISic000934,,,,,,,,,,,,,,,,,,,,,0.9124097738144951,5.2190819378104686e-05,0.0004487610612727414,8.788726817138132e-05,0.08677187833580494,0.0002295087008776525
ISic000934,,,,,,,,,,,,,,,,,,,,,0.9466028712541165,3.2041274390580183e-05,0.00033161408107395233,4.703321373434037e-05,0.05280659101467721,0.00017984916200746115
ISic000934,,,,,,,,,,,,,,,,,,,,,0.9656733256318172,8.733695321134638e-05,0.0014588278265131006,3.9110227393714627e-05,0.031922312008557316,0.0008190873525073336
ISic000934,,,,,,,,,,,,,,,,,,,,,0.9555485896319641,5.0368020678624336e-05,0.0006728272740970887,5.698997011666663e-05,0.0432762273421405,0.00039499776100298655
ISic000934,,,,,,,,,,,,,,,,,,,,,0.9473401917585552,0.00010710157436433763,0.000926640362134852,6.551683802104833e-05,0.0506983417335784,0.0008622077333461942
ISic000934,,,,,,,,,,,,,,,,,,,,,0.9430886426238809,6.733407502521991e-05,0.001010692324934602,7.835335785424273e-05,0.055286902944605316,0.0004680746736995973
ISic000934,,,,,,,,,,,,,,,,,,,,,0.9203402508498414,5.6596655015703154e-05,0.0004580857173461948,0.00010684475035189963,0.07888953679113918,0.00014868523630578399
ISic000934,,,,,,,,,,,,,,,,,,,,,0.929206612602595,5.486512363499486e-05,0.0012844909032654005,7.999985894291123e-05,0.06921702287582121,0.00015700863574060435
ISic000934,,,,,,,,,,,,,,,,,,,,,0.9173868041885548,6.291801929485599e-05,0.0003885214757556456,8.699498174133178e-05,0.08178913071540518,0.00028563061924836546
ISic000934,,,,,,,,,,,,,,,,,,,,,0.9468040690753193,3.588110696877612e-05,0.0002211546465866771,5.111537873799578e-05,0.05266752587941608,0.00022025391297124202
ISic000934,,,,,,,,,,,,,,,,,,,,,0.8807064556971145,7.150758739649176e-05,0.0015899219821774388,0.00010525259232273703,0.11688521535702637,0.0006416467839625872
ISic000944,,,,,,,,,,,,,,,,,,,,,0.9560619400555758,0.00010384603578247232,0.0013975271641194908,3.4979224159881485e-05,0.04189303993106007,0.0005086675893023031
ISic000951,,,,,,,,,,,,,,,,,,,,,0.7723945214559355,0.0001676345268692543,0.001136038643480544,8.684771578161884e-05,0.22591761643835828,0.00029734121957468397
ISic000951,,,,,,,,,,,,,,,,,,,,,0.8062498020440734,0.00019200196826327237,0.0015964382617380402,0.0001166967820238495,0.19128005513082214,0.0005650058130794291
ISic000951,,,,,,,,,,,,,,,,,,,,,0.8013579529750018,0.0002346270922976646,0.0018377980073274614,0.00015657676877945181,0.19587793463261083,0.0005351105239828612
ISic000951,,,,,,,,,,,,,,,,,,,,,0.8036697054729054,0.0002732439423737832,0.002017127450585496,0.00014505074819366707,0.19284712983385266,0.001047742552088823
ISic000951,,,,,,,,,,,,,,,,,,,,,0.7723945214559355,0.0001676345268692543,0.001136038643480544,8.684771578161884e-05,0.22591761643835828,0.00029734121957468397
ISic000951,,,,,,,,,,,,,,,,,,,,,0.8062498020440734,0.00019200196826327237,0.0015964382617380402,0.0001166967820238495,0.19128005513082214,0.0005650058130794291
ISic000951,,,,,,,,,,,,,,,,,,,,,0.8013579529750018,0.0002346270922976646,0.0018377980073274614,0.00015657676877945181,0.19587793463261083,0.0005351105239828612
ISic000951,,,,,,,,,,,,,,,,,,,,,0.8036697054729054,0.0002732439423737832,0.002017127450585496,0.00014505074819366707,0.19284712983385266,0.001047742552088823
ISic000968,,,,,,,,,,,,,,,,,,,,,0.7730804499596879,0.00012664139235527661,0.0005096009965244957,0.00010308793669396877,0.22589653653261108,0.0002836831821270854
ISic000968,,,,,,,,,,,,,,,,,,,,,0.785496653468656,0.00015595163423791093,0.0005308048806244527,9.0754681223577e-05,0.21352057016834797,0.00020526516691008603
ISic000968,,,,,,,,,,,,,,,,,,,,,0.7651501975287005,0.0001008056982023782,0.00047480938159993863,8.559849348107594e-05,0.23403146239694061,0.00015712650107534457
ISic000968,,,,,,,,,,,,,,,,,,,,,0.7730804499596879,0.00012664139235527661,0.0005096009965244957,0.00010308793669396877,0.22589653653261108,0.0002836831821270854
ISic000968,,,,,,,,,,,,,,,,,,,,,0.785496653468656,0.00015595163423791093,0.0005308048806244527,9.0754681223577e-05,0.21352057016834797,0.00020526516691008603
ISic000968,,,,,,,,,,,,,,,,,,,,,0.7651501975287005,0.0001008056982023782,0.00047480938159993863,8.559849348107594e-05,0.23403146239694061,0.00015712650107534457
ISic000972,,,,,,,,,,,,,,,,,,,,,0.8858414913950943,7.612287250489892e-05,0.0009510362312125265,4.785576819653026e-05,0.11296112641328969,0.00012236731970206204
ISic000972,,,,,,,,,,,,,,,,,,,,,0.8572147464783003,8.089148682709947e-05,0.0010463689023279329,4.912655916144753e-05,0.14153896650259587,6.990007078749458e-05
ISic000972,,,,,,,,,,,,,,,,,,,,,0.8716645394494319,7.145948186397382e-05,0.0009196112022576859,5.764428935545973e-05,0.12719213288603307,9.461269105788132e-05
ISic000972,,,,,,,,,,,,,,,,,,,,,0.9268266264356733,0.00014645315951335974,0.0023408445995214667,5.0252943101035756e-05,0.07000347808002817,0.0006323447821625874
ISic000972,,,,,,,,,,,,,,,,,,,,,0.8792930947737891,0.00011531522028779151,0.00142028827461196,7.565289380830446e-05,0.118851813528237,0.0002438353092657396
ISic000972,,,,,,,,,,,,,,,,,,,,,0.9047563848692408,0.0001582547265568139,0.0016877751153699504,8.9472282705025e-05,0.09292131639661785,0.00038679660950965847
ISic000974,,,,,,,,,,,,,,,,,,,,,0.887178932575315,0.00010224175102350853,0.0004372814566295594,5.0683131399577636e-05,0.11200914147891362,0.00022171960671895258
ISic000974,,,,,,,,,,,,,,,,,,,,,0.8809224620573507,7.923679930479919e-05,0.0007774510690530507,5.1999080617283e-05,0.11791661463918766,0.0002522363544864582
ISic000974,,,,,,,,,,,,,,,,,,,,,0.8839106261379039,3.937978945254148e-05,0.0004212815316213576,5.8848804797078416e-05,0.11536500668640313,0.00020485704982196558
ISic000974,,,,,,,,,,,,,,,,,,,,,0.9069160004600157,8.911418146239193e-05,0.0012971095871329975,3.147743296265723e-05,0.09132032608118297,0.0003459722572433446
ISic000975,,,,,,,,,,,,,,,,,,,,,0.7534133390586726,0.00011777224170295155,0.00029832085611018126,0.0001334169614379703,0.2458345398613073,0.00020261102076900766
ISic000975,,,,,,,,,,,,,,,,,,,,,0.7699401490068952,7.748959896246927e-05,0.00031242970624091127,0.00011041893105769401,0.22948765154939624,7.186120744741705e-05
ISic000975,,,,,,,,,,,,,,,,,,,,,0.782915701258761,0.00011765885735215515,0.0003628034471409718,4.280207338604655e-05,0.21635793697431663,0.00020309738904311832
ISic000975,,,,,,,,,,,,,,,,,,,,,0.7542641636444456,0.00013592471215185864,0.0005480937338066681,1.517760882197786e-05,0.24491005541985703,0.00012658488091685097
ISic000975,,,,,,,,,,,,,,,,,,,,,0.7962612170013387,8.782267576961216e-05,0.0004591672384839383,0.0001269696290632107,0.20299489911168564,6.992434365902392e-05
ISic000975,,,,,,,,,,,,,,,,,,,,,0.7323883134513417,0.00017428641533952333,0.00040684161709729017,3.0159280667638687e-05,0.26695941005659785,4.098917895601516e-05
ISic000975,,,,,,,,,,,,,,,,,,,,,0.7575093705618696,0.00013795369892678622,0.0010941439613899242,8.017964652211134e-05,0.24117713495805124,1.2171732403617217e-06
ISic000975,,,,,,,,,,,,,,,,,,,,,0.7977104170429591,0.0001319307697059088,0.000618527000699096,8.457425682805322e-05,0.20135234001036695,0.00010221091944100296
ISic000978,,,,,,,,,,,,,,,,,,,,,0.8176564014033977,0.00023619756335426607,0.002335199940704209,9.185834967806203e-05,0.17895723577276437,0.0007231069701014984
ISic000978,,,,,,,,,,,,,,,,,,,,,0.805679950924442,0.00020747249872493076,0.0009979118550313259,0.0001582780557042433,0.19273347545917463,0.00022291120692284052
ISic000978,,,,,,,,,,,,,,,,,,,,,0.8124746397470198,0.00029731626668004187,0.001615087458942278,6.635533495474772e-05,0.18492521650401836,0.0006213846883848493
ISic000978,,,,,,,,,,,,,,,,,,,,,0.8176564014033977,0.00023619756335426607,0.002335199940704209,9.185834967806203e-05,0.17895723577276437,0.0007231069701014984
ISic000978,,,,,,,,,,,,,,,,,,,,,0.805679950924442,0.00020747249872493076,0.0009979118550313259,0.0001582780557042433,0.19273347545917463,0.00022291120692284052
ISic000978,,,,,,,,,,,,,,,,,,,,,0.8124746397470198,0.00029731626668004187,0.001615087458942278,6.635533495474772e-05,0.18492521650401836,0.0006213846883848493
ISic000981,,,,,,,,,,,,,,,,,,,,,0.9129504034918609,8.618506388319592e-05,0.0016145608202984556,5.106264777604935e-05,0.08514277175021683,0.0001550162259646392
ISic000981,,,,,,,,,,,,,,,,,,,,,0.8934079563506889,8.236183777097678e-05,0.0008515648331650163,2.5277809312138348e-05,0.10535907173607068,0.00027376743299227486
ISic000981,,,,,,,,,,,,,,,,,,,,,0.9155137129756995,8.602549505055233e-05,0.0014681205823688685,5.0286254115531066e-05,0.08258821019497191,0.0002936444977933253
ISic000981,,,,,,,,,,,,,,,,,,,,,0.9232531217107016,5.298719918406831e-05,0.0008068523798372771,5.167280436247452e-05,0.07564507700404106,0.00019028890187336212
ISic000981,,,,,,,,,,,,,,,,,,,,,0.9223422935300918,8.44988020168399e-05,0.0007609584923960666,6.264334338104532e-05,0.07649712051535522,0.00025248531675888815
ISic000981,,,,,,,,,,,,,,,,,,,,,0.8986474735074929,9.441905217934372e-05,0.001026525919994114,5.436709917671768e-05,0.09993870136257219,0.0002385130585849283
ISic000981,,,,,,,,,,,,,,,,,,,,,0.8967301531158512,9.835517625393407e-05,0.0009600283456674935,4.13938653434559e-05,0.10196389571805337,0.0002061737788305653
ISic000983,,,,,,,,,,,,,,,,,,,,,0.9573388867393771,5.4238910535399105e-05,0.000605752103007634,1.5918787771777484e-05,0.04168303591304762,0.000302167546260534
ISic000983,,,,,,,,,,,,,,,,,,,,,0.9474651112555222,7.431904505452767e-05,0.0009120317440689663,1.975979417884971e-05,0.0510971186279165,0.0004316595332589231
ISic000983,,,,,,,,,,,,,,,,,,,,,0.9383499510211307,6.968852134155132e-05,0.0008140212902492911,2.5553878161910378e-05,0.060412699897987525,0.0003280853911290125
ISic000983,,,,,,,,,,,,,,,,,,,,,0.9153822992087994,7.547174261955646e-05,0.0020178130557553437,4.190216768211691e-05,0.08225688122795274,0.0002256325971904742
ISic000983,,,,,,,,,,,,,,,,,,,,,0.9270666154526962,7.552758828802212e-05,0.0008932865235080199,2.409717323665248e-05,0.07164905601754311,0.00029141724472790535
ISic000983,,,,,,,,,,,,,,,,,,,,,0.9378092614792519,6.645740692533211e-05,0.0011321701925578386,2.0903702346437268e-05,0.060703677371279345,0.000267529847639155
ISic000985,,,,,,,,,,,,,,,,,,,,,0.9038160561358471,7.523288291907578e-05,0.0005406478924125896,1.7883686158200714e-05,0.09526530991598399,0.0002848694866790033
ISic000985,,,,,,,,,,,,,,,,,,,,,0.8816960611910636,7.167449595632696e-05,0.0006586189826592618,1.9717153937362197e-05,0.1172429876919996,0.0003109404843839325
ISic000985,,,,,,,,,,,,,,,,,,,,,0.903802797714482,6.978100399478707e-05,0.0005943105661128488,2.8480613604883194e-05,0.095305035936401,0.00019959416540439037
ISic000985,,,,,,,,,,,,,,,,,,,,,0.8989521851634439,8.472407586262054e-05,0.001146898660247626,6.130609717518599e-05,0.09917842690978365,0.0005764590934870335
ISic000987,,,,,,,,,,,,,,,,,,,,,0.884172912848221,7.384457880327741e-05,0.0006012939724397963,5.920355156013767e-05,0.1149099859931345,0.00018275905584136054
ISic000987,,,,,,,,,,,,,,,,,,,,,0.8888075694637648,7.381588487004456e-05,0.0005594874927815209,6.680454297448505e-06,0.11039795951564407,0.00015448718864214322
ISic000987,,,,,,,,,,,,,,,,,,,,,0.9134706587199352,7.769169858484488e-05,0.0031727738469687215,4.746905917331306e-05,0.08296840363975612,0.00026300303558181775
ISic000987,,,,,,,,,,,,,,,,,,,,,0.9121922601128947,9.585830823104193e-05,0.0027952521400778432,4.4358885839440434e-05,0.08465675078989668,0.0002155197630601886
ISic000987,,,,,,,,,,,,,,,,,,,,,0.9207117720466629,0.00010022393640033533,0.003208554920892712,2.8383736381392254e-05,0.07567685047981984,0.0002742148798428723
ISic001008,,,,,,,,,,,,,,,,,,,,,0.8446164360505917,0.00010054486512361082,0.0006368106277537181,0.00010026247053194478,0.1545030704228342,4.287556316483247e-05
ISic001008,,,,,,,,,,,,,,,,,,,,,0.8483929757405507,6.818355358983567e-05,0.000641005565976616,3.135062970918803e-05,0.15074774663010515,0.00011873788006839667
ISic001008,,,,,,,,,,,,,,,,,,,,,0.9006306361917289,9.087910773291906e-05,0.0005831954177639111,2.1766615498040008e-05,0.09853300175873954,0.00014052090853669218
ISic001008,,,,,,,,,,,,,,,,,,,,,0.9195480104423903,5.423862872269702e-05,0.0007791468672198261,0.00011474267955758666,0.07932749138662845,0.00017636999548102588
ISic001008,,,,,,,,,,,,,,,,,,,,,0.9436272921737702,7.515123539049675e-05,0.002246453276095612,7.099002670694375e-05,0.05314297880512993,0.0008371344829066256
ISic001008,,,,,,,,,,,,,,,,,,,,,0.9315540736891005,5.749940935174969e-05,0.0013639358244658488,7.406485911342753e-05,0.0664723602828701,0.00047806593509845934
ISic001008,,,,,,,,,,,,,,,,,,,,,0.8521744472888821,9.150065504471715e-05,0.000763391468682168,0.00010580578129633243,0.14671708896738417,0.00014776583871046567
ISic001008,,,,,,,,,,,,,,,,,,,,,0.8320711639713965,0.0001331968416731919,0.002348245047892696,0.00016770291995124625,0.16508661710176867,0.00019307411731753682
ISic001008,,,,,,,,,,,,,,,,,,,,,0.8835326126397223,0.00013008490161767552,0.0014536816499308531,0.00011056546968378406,0.11449312907660063,0.00027992626244477105
ISic001008,,,,,,,,,,,,,,,,,,,,,0.9240696155131192,7.571309242467185e-05,0.0007945283382531712,4.154754741415793e-05,0.0745212512036342,0.0004973443051544363
ISic001008,,,,,,,,,,,,,,,,,,,,,0.8672077258529576,5.566325665727252e-05,0.0008824463243312729,5.8124626731301914e-05,0.1317137447579033,8.229518141925233e-05
ISic001008,,,,,,,,,,,,,,,,,,,,,0.9567170133804661,3.325681486295586e-05,0.0002554988122202348,6.406511679212086e-05,0.04290724744792963,2.2918427728954164e-05
ISic0001009,,,,,,,,,,,,,,,,,,,,,0.8721488966864823,0.00011511075890247858,0.0006961151761656187,3.716249690550567e-05,0.12685764555184253,0.00014506932970146332
ISic0001009,,,,,,,,,,,,,,,,,,,,,0.886635589542329,9.599825690338447e-05,0.00048494693375304075,6.785234118122018e-07,0.11260110974988362,0.00018167699371904715
ISic0001009,,,,,,,,,,,,,,,,,,,,,0.8678589340404612,0.00012687716684483142,0.0005787607232974365,6.5026229308149035e-06,0.13121309000416836,0.00021583544229737933
ISic0001009,,,,,,,,,,,,,,,,,,,,,0.8858084522555657,9.95426075456545e-05,0.0003149510976774798,0.0001482325173141132,0.1135345881170994,9.4233404797799e-05
ISic0001009,,,,,,,,,,,,,,,,,,,,,0.8777436121584831,0.00011233671616866893,0.0004666205968212618,0.00012083178173393298,0.1213424973910978,0.0002141013556953586
ISic0001009,,,,,,,,,,,,,,,,,,,,,0.8770337529154542,0.00011311317458898936,0.00056038726431438,5.528954755010041e-05,0.12201318572626635,0.00022427137182618335
ISic001015,,,,,,,,,,,,,,,,,,,,,0.001502347445972327,0.0011661651810606086,0.006839756007949116,0.00039369487950681583,0.988536100110491,0.0015619363750200034
ISic001015,,,,,,,,,,,,,,,,,,,,,0.24016884960725937,0.0005821469397979882,0.003961202866478753,0.0002720792327512347,0.753860226220631,0.0011554951330817183
ISic001015,,,,,,,,,,,,,,,,,,,,,0.06352150803979176,0.001281047919635874,0.009456243930861946,0.0009737494286898009,0.9230532000746121,0.0017142506064085476
ISic001015,,,,,,,,,,,,,,,,,,,,,0.22435032031801794,0.0022307732087206494,0.03544011281218667,0.0006206861311988756,0.7294826249070246,0.007875482622851206
ISic001035,,,,,,,,,,,,,,,,,,,,,0.7897268939144654,0.0002261067495329077,0.0013476101317393902,2.330671048568717e-05,0.20800680693650273,0.0006692755572740021
ISic001035,,,,,,,,,,,,,,,,,,,,,0.7827444155960085,0.00022556439944164836,0.0011355237976156073,6.145268325251986e-05,0.21523436975582153,0.0005986737678600973
ISic001035,,,,,,,,,,,,,,,,,,,,,0.7734055190855164,0.00018900886492802994,0.0008291682768618627,0.00011205725044906658,0.225004730499821,0.00045951602242382813
ISic001041,,,,,,,,,,,,,,,,,,,,,0.8939625376161109,0.0002400953698791782,0.0021028537550049054,6.202840853495128e-05,0.10305368159301605,0.0005788032574541763
ISic001041,,,,,,,,,,,,,,,,,,,,,0.8812217497663277,0.0002411196997786994,0.0019710485775016233,9.052055094258166e-05,0.116014207519342,0.0004613538861074503
ISic001041,,,,,,,,,,,,,,,,,,,,,0.8606866460028911,0.0002591057101857728,0.0021662487550587043,6.48956360546343e-05,0.1363013740956642,0.0005217298001455847
ISic001399,,,,,,,,,,,,,,,,,,,,,0.8125539902405841,0.0003017104776661051,0.001909886370054871,0.00038911972746377655,0.18396844952918165,0.000876843655049519
ISic001399,,,,,,,,,,,,,,,,,,,,,0.807329535481552,0.00028656383571228707,0.0019174767300718272,0.0001290031280285928,0.18945707465748118,0.0008803461671545028
ISic001399,,,,,,,,,,,,,,,,,,,,,0.8055460154337635,0.00032052821949356296,0.0019118722562512017,7.090747316410461e-05,0.19132452397364758,0.000826152643680147
ISic001399,,,,,,,,,,,,,,,,,,,,,0.933330108338341,0.0002690296397450181,0.0030684977195141695,1.1498342308271481e-05,0.03911464757815616,0.02420621838193533
ISic001399,,,,,,,,,,,,,,,,,,,,,0.9332368000859915,0.0002826032352332258,0.005047856428348285,2.3688653676019584e-05,0.04162599081443396,0.01978306078231692
ISic001399,,,,,,,,,,,,,,,,,,,,,0.9435019966247024,0.0002125023015152656,0.0018113859250110786,1.3374522261364013e-07,0.03196595474627901,0.02250802665726969
ISic001399,,,,,,,,,,,,,,,,,,,,,0.8632192493814447,0.0003966939542908778,0.0038640203136263503,5.000826601326797e-05,0.12441112683757903,0.008058901247045728
ISic001399,,,,,,,,,,,,,,,,,,,,,0.9163941552894806,0.00019508290799860075,0.0009382236837180526,8.496509786797681e-05,0.0725585239052498,0.009829049115684755
ISic001399,,,,,,,,,,,,,,,,,,,,,0.8827955408547464,0.00048643633121908105,0.004449451364265641,8.134943934257169e-05,0.10702211725643782,0.005165104753988439
ISic001415,,,,,,,,,,,,,,,,,,,,,0.8249471823780069,0.0001422879940828439,0.0014732550759191236,9.480745062689164e-05,0.17286057231617413,0.0004818947851901065
ISic001415,,,,,,,,,,,,,,,,,,,,,0.8349027570259018,0.000309974507164869,0.004041548309984263,5.627508786193881e-05,0.16014037285155053,0.0005490722175367468
ISic001415,,,,,,,,,,,,,,,,,,,,,0.812090270398233,0.00032560641522284833,0.0034758407437529585,8.160390304300874e-05,0.18358609422858876,0.00044058431115920934
ISic001415,,,,,,,,,,,,,,,,,,,,,0.8249471823780069,0.0001422879940828439,0.0014732550759191236,9.480745062689164e-05,0.17286057231617413,0.0004818947851901065
ISic001415,,,,,,,,,,,,,,,,,,,,,0.8349027570259018,0.000309974507164869,0.004041548309984263,5.627508786193881e-05,0.16014037285155053,0.0005490722175367468
ISic001415,,,,,,,,,,,,,,,,,,,,,0.812090270398233,0.00032560641522284833,0.0034758407437529585,8.160390304300874e-05,0.18358609422858876,0.00044058431115920934
ISic001420,,,,,,,,,,,,,,,,,,,,,0.7974245721964843,0.00031097453456727006,0.0036582128028264213,7.469099603701898e-05,0.19804267708187184,0.0004888723882131628
ISic001420,,,,,,,,,,,,,,,,,,,,,0.8103906029089479,0.0005638603482990982,0.004349434244293858,5.685647830969762e-05,0.18389364483899998,0.0007456011811495608
ISic001420,,,,,,,,,,,,,,,,,,,,,0.8279339258373788,0.0004052667761418544,0.0038935506220479864,6.303940264776892e-05,0.16725447304972554,0.00044974431205828543
ISic001435,,,,,,,,,,,,,,,,,,,,,0.026857698050977777,0.0009157994060421468,0.0054198280190187334,0.0005025036746964498,0.9642669298461071,0.002037241003158009
ISic001435,,,,,,,,,,,,,,,,,,,,,0.10815648837271402,0.0009332720697207728,0.0037784156026115217,0.0005294748950886811,0.8855746661597609,0.0010276829001042585
ISic001435,,,,,,,,,,,,,,,,,,,,,0.03556217298567944,0.0014093642698813581,0.00889588940183431,0.0005917792720976099,0.9521453403675931,0.0013954537029140415
ISic001435,,,,,,,,,,,,,,,,,,,,,0.0018584067292197679,0.0012623198123474036,0.007894506468679478,0.0005615798735352463,0.9853477878161941,0.003075399300023885
ISic001435,,,,,,,,,,,,,,,,,,,,,0.11243376563345858,0.0012737154982051275,0.012143280112784148,0.00048790818610481185,0.8719480438828237,0.0017132866866237189
ISic001435,,,,,,,,,,,,,,,,,,,,,0.001197889276796271,0.0018214964234096861,0.009767368635930179,0.0007352634761863631,0.9856247023169431,0.0008532798707344142
ISic001478,,,,,,,,,,,,,,,,,,,,,0.34280920228266293,0.0027999418745534668,0.03319771090455338,0.0003010893950484686,0.618677200021646,0.002214855521535891
ISic001478,,,,,,,,,,,,,,,,,,,,,0.3778753892379873,0.007622820467632301,0.0197915911623599,0.00024987044233317477,0.5927660766449069,0.0016942520447804602
ISic001478,,,,,,,,,,,,,,,,,,,,,0.3483284352057816,0.0030995630117056122,0.03159072137675323,0.00040883389326061586,0.614249569901651,0.002322876610847892
ISic001478,,,,,,,,,,,,,,,,,,,,,0.002283758665938816,0.0015133389488994964,0.012987684732772835,0.00040018013989306033,0.981251527353436,0.0015635101590597334
ISic001478,,,,,,,,,,,,,,,,,,,,,0.39189933584086123,0.0012718316780435436,0.011413994124177226,0.00039185397994627186,0.5938278696581694,0.001195114718802345
ISic001478,,,,,,,,,,,,,,,,,,,,,0.29614174003722443,0.0016831762256012384,0.011266226976469557,0.0003075960750787371,0.6887307083242371,0.0018705523613889105
ISic001520,,,,,,,,,,,,,,,,,,,,,0.87511690842536,8.083287032019273e-05,0.0006451350027914932,1.8438451825882683e-05,0.1238092530237977,0.0003294322259047402
ISic001520,,,,,,,,,,,,,,,,,,,,,0.8871710266633815,9.569521902440442e-05,0.0005227666790667599,1.5338946836748523e-05,0.11184273772921656,0.0003524347624740826
ISic001520,,,,,,,,,,,,,,,,,,,,,0.8871710266633815,9.569521902440442e-05,0.0005227666790667599,1.5338946836748523e-05,0.11184273772921656,0.0003524347624740826
ISic001520,,,,,,,,,,,,,,,,,,,,,0.87511690842536,8.083287032019273e-05,0.0006451350027914932,1.8438451825882683e-05,0.1238092530237977,0.0003294322259047402
ISic001520,,,,,,,,,,,,,,,,,,,,,0.8871710266633815,9.569521902440442e-05,0.0005227666790667599,1.5338946836748523e-05,0.11184273772921656,0.0003524347624740826
ISic001520,,,,,,,,,,,,,,,,,,,,,0.8871710266633815,9.569521902440442e-05,0.0005227666790667599,1.5338946836748523e-05,0.11184273772921656,0.0003524347624740826
ISic001528,,,,,,,,,,,,,,,,,,,,,0.7960318009971303,1.540359554838934e-05,0.00029635659798599336,3.361404458618777e-05,0.20331052227649044,0.0003123024882587468
ISic001528,,,,,,,,,,,,,,,,,,,,,0.759524100122664,0.00017736000005338036,0.0007836050947548988,8.374492044036945e-05,0.2390962206568595,0.0003349692052277796
ISic001528,,,,,,,,,,,,,,,,,,,,,0.7626111362319354,0.00015238179827908928,0.0007083466800751003,4.0639008400593936e-05,0.23601506205655615,0.0004724342247535715
ISic001528,,,,,,,,,,,,,,,,,,,,,0.8048719581511342,0.0003258099060957664,0.005181750936522078,0.00011402324140845105,0.18834881088146876,0.0011576468833707305
ISic001528,,,,,,,,,,,,,,,,,,,,,0.7960318009971303,1.540359554838934e-05,0.00029635659798599336,3.361404458618777e-05,0.20331052227649044,0.0003123024882587468
ISic001528,,,,,,,,,,,,,,,,,,,,,0.759524100122664,0.00017736000005338036,0.0007836050947548988,8.374492044036945e-05,0.2390962206568595,0.0003349692052277796
ISic001528,,,,,,,,,,,,,,,,,,,,,0.7626111362319354,0.00015238179827908928,0.0007083466800751003,4.0639008400593936e-05,0.23601506205655615,0.0004724342247535715
ISic001528,,,,,,,,,,,,,,,,,,,,,0.8048719581511342,0.0003258099060957664,0.005181750936522078,0.00011402324140845105,0.18834881088146876,0.0011576468833707305
ISic001531a,,,,,,,,,,,,,,,,,,,,,0.7824033026250334,0.00010635165758563155,0.00025672598642430267,5.979148424736144e-05,0.21694818983637457,0.0002256384103347665
ISic001531b,,,,,,,,,,,,,,,,,,,,,0.8630713966015822,8.79006955239592e-05,0.0003073582183174274,3.976806907015349e-05,0.13630296317109428,0.00019061324441194496
ISic001531c,,,,,,,,,,,,,,,,,,,,,0.8057137506763398,0.00012744184739644823,0.0005945549585242682,5.582031788782941e-05,0.19318264101613256,0.00032579118371921977
ISic001531,,,,,,,,,,,,,,,,,,,,,0.7824033026250334,0.00010635165758563155,0.00025672598642430267,5.979148424736144e-05,0.21694818983637457,0.0002256384103347665
ISic001531,,,,,,,,,,,,,,,,,,,,,0.8630713966015822,8.79006955239592e-05,0.0003073582183174274,3.976806907015349e-05,0.13630296317109428,0.00019061324441194496
ISic001531,,,,,,,,,,,,,,,,,,,,,0.8057137506763398,0.00012744184739644823,0.0005945549585242682,5.582031788782941e-05,0.19318264101613256,0.00032579118371921977
ISic001643,,,,,,,,,,,,,,,,,,,,,0.8738610741175568,5.799778050417609e-05,0.00030432197929246654,1.6907865968846492e-05,0.12561899014400452,0.00014070811267323746
ISic001643,,,,,,,,,,,,,,,,,,,,,0.9079559071203395,4.40568963350658e-05,0.0002761088172796746,2.907400916377413e-05,0.0915892662091944,0.00010558694768751596
ISic001643,,,,,,,,,,,,,,,,,,,,,0.8975732481916951,4.4621746553419506e-05,0.00031454214450969974,1.816067600958828e-05,0.10188985564598206,0.00015957159524984758
ISic001643,,,,,,,,,,,,,,,,,,,,,0.8943309081271623,3.7625940130186644e-05,0.000307479329345497,5.480516529010813e-05,0.10509692009351528,0.00017226134455660677
ISic001643,,,,,,,,,,,,,,,,,,,,,0.8775013114042626,6.81597470575632e-05,0.0002236888019960484,5.902688497738907e-05,0.12195193648461744,0.0001958766770890331
ISic001643,,,,,,,,,,,,,,,,,,,,,0.920707422159283,3.2619630023155696e-05,0.0002635240111480992,6.610117364289021e-05,0.07866697126462655,0.0002633617612763773
ISic001643,,,,,,,,,,,,,,,,,,,,,0.8922278863763977,4.3745474610156645e-05,0.00018451384288120683,0.00011321625057069158,0.10734257881328943,8.80592422506769e-05
ISic001643,,,,,,,,,,,,,,,,,,,,,0.8501983014652402,4.101784526133616e-05,0.00026274380212787634,6.545835782918825e-05,0.14931012370808255,0.00012235482145887952
ISic001643,,,,,,,,,,,,,,,,,,,,,0.8828833516311558,2.824208565886542e-05,0.0002407229266654723,3.297822814191138e-05,0.11674750468759222,6.72004407858e-05
ISic001643,,,,,,,,,,,,,,,,,,,,,0.8782205043873634,4.103427634751592e-05,0.0002504134123404219,2.7202140080360497e-05,0.12133572317185633,0.00012512261201203559
ISic001644,,,,,,,,,,,,,,,,,,,,,0.8774277212032415,9.338183692643162e-05,0.0005799970460879765,7.149635315524667e-05,0.12180320912369362,2.4194436895193494e-05
ISic001644,,,,,,,,,,,,,,,,,,,,,0.8420350822717528,0.00010303569157412253,0.0006569677459422719,7.202074973961146e-05,0.15713178037939177,1.1131615994710824e-06
ISic001644,,,,,,,,,,,,,,,,,,,,,0.9006088008861097,7.064731771141924e-05,0.0005539714845862012,4.7933368923037996e-05,0.09860062791896983,0.00011801902369986238
ISic001644,,,,,,,,,,,,,,,,,,,,,0.8700176228850993,7.319859894045604e-05,0.0005248755145913553,3.089936846823727e-05,0.12928661327840107,6.679035449954258e-05
ISic001644,,,,,,,,,,,,,,,,,,,,,0.8747593723292175,9.60278969679914e-05,0.0007265503993278888,8.08147241379093e-05,0.12422241161109167,0.00011482303925693549
ISic001644,,,,,,,,,,,,,,,,,,,,,0.8794364769086759,8.442540823022312e-05,0.0011188953359485428,9.214560117195977e-05,0.11916732290820933,0.00010073383776395089
ISic001653,,,,,,,,,,,,,,,,,,,,,0.8070502053930897,0.0001782953860400983,0.0013682512200649773,8.23878822126966e-05,0.19089112810037334,0.0004297320182191785
ISic001653,,,,,,,,,,,,,,,,,,,,,0.7728653322652826,0.0002353779962908693,0.001156205007126574,6.1141659513845e-05,0.2252730047294868,0.00040893834229923477
ISic001653,,,,,,,,,,,,,,,,,,,,,0.7920704698195152,0.00023594483561897362,0.0013442015325844773,3.702392678420305e-05,0.20583830342111684,0.00047405646438024784
ISic001653,,,,,,,,,,,,,,,,,,,,,0.8070502053930897,0.0001782953860400983,0.0013682512200649773,8.23878822126966e-05,0.19089112810037334,0.0004297320182191785
ISic001653,,,,,,,,,,,,,,,,,,,,,0.7728653322652826,0.0002353779962908693,0.001156205007126574,6.1141659513845e-05,0.2252730047294868,0.00040893834229923477
ISic001653,,,,,,,,,,,,,,,,,,,,,0.7920704698195152,0.00023594483561897362,0.0013442015325844773,3.702392678420305e-05,0.20583830342111684,0.00047405646438024784
ISic001657,,,,,,,,,,,,,,,,,,,,,0.7935126198368246,0.00026840169525070546,0.0029119500467601075,0.0005498966978776657,0.20182439477390424,0.0009327369493827011
ISic001657,,,,,,,,,,,,,,,,,,,,,0.796717592458596,0.00035172422578584335,0.003675656282714607,0.00046142011912318385,0.19761913844518797,0.0011744684685924573
ISic001657,,,,,,,,,,,,,,,,,,,,,0.8025213701986357,0.0003563703769386309,0.003955336015697449,0.0004984000758975897,0.19154620851272464,0.001122314820106066
ISic001657,,,,,,,,,,,,,,,,,,,,,0.7935126198368246,0.00026840169525070546,0.0029119500467601075,0.0005498966978776657,0.20182439477390424,0.0009327369493827011
ISic001657,,,,,,,,,,,,,,,,,,,,,0.796717592458596,0.00035172422578584335,0.003675656282714607,0.00046142011912318385,0.19761913844518797,0.0011744684685924573
ISic001657,,,,,,,,,,,,,,,,,,,,,0.8025213701986357,0.0003563703769386309,0.003955336015697449,0.0004984000758975897,0.19154620851272464,0.001122314820106066
ISic001659,,,,,,,,,,,,,,,,,,,,,0.9219019835802693,5.6600029481613074e-05,0.0007226924517279007,0.00018592226659215852,0.0768890316700774,0.00024377000185156524
ISic001659,,,,,,,,,,,,,,,,,,,,,0.9483405747312603,3.4783379379161965e-05,0.0006918404775692593,8.073520106695754e-05,0.05045164061944601,0.00040042559127813907
ISic001659,,,,,,,,,,,,,,,,,,,,,0.9368349288926524,4.256720700213308e-05,0.0009189470596024573,0.00012842468790395746,0.061759823782172395,0.0003153083706667982
ISic001659,,,,,,,,,,,,,,,,,,,,,0.9820375912052148,0.00010315876042152763,0.0027396896145123815,3.9806187528196366e-05,0.01388919935435397,0.0011905548779691793
ISic001659,,,,,,,,,,,,,,,,,,,,,0.9737113604662735,0.00019051053363992453,0.0032791084287165408,4.971756910478589e-05,0.021449090417061174,0.0013202125852043117
ISic001659,,,,,,,,,,,,,,,,,,,,,0.9807111564330032,8.044501462352245e-05,0.002792699639698797,2.3590848212407338e-05,0.015488396043110414,0.0009037120213516288
ISic001665,,,,,,,,,,,,,,,,,,,,,0.8436615921832298,0.000376172949536013,0.003252762561601615,9.199930340217725e-05,0.1517695627557476,0.0008479102464829289
ISic001665,,,,,,,,,,,,,,,,,,,,,0.863216664062955,0.0003288100371681547,0.00286898479054431,8.303604336055127e-05,0.1327895702129356,0.0007129348530363252
ISic001665,,,,,,,,,,,,,,,,,,,,,0.8297941242201201,0.0003599465200236292,0.004476255741655136,0.00018042041507434914,0.1643322970651216,0.0008569560380051505
ISic001669,,,,,,,,,,,,,,,,,,,,,0.8073515992160722,0.00033394324035796775,0.00214933396873712,9.894569566635988e-05,0.18921390269042881,0.000852275188737346
ISic001669,,,,,,,,,,,,,,,,,,,,,0.8127501356627125,0.0002527943265413354,0.00174518171551351,7.813677192757831e-05,0.18441722625642026,0.0007565252668848729
ISic001669,,,,,,,,,,,,,,,,,,,,,0.792160963786066,0.00032978821563509167,0.0019156594512446422,0.00012001963573165535,0.20464219732323366,0.0008313715880888534
ISic001706,,,,,,,,,,,,,,,,,,,,,0.04199319358421629,0.0011466165048940385,0.02196107878118186,0.0019459405261169431,0.9310001637665267,0.0019530068370640797
ISic001706,,,,,,,,,,,,,,,,,,,,,0.19887365688543454,0.002064950005136331,0.028121844258466668,0.00079132164215178,0.7626827302926584,0.007465496916152376
ISic001706,,,,,,,,,,,,,,,,,,,,,0.10111094810811032,0.0017857105236529127,0.02654086587156576,0.0012576449254847306,0.8628121283203881,0.006492702250798155
ISic001822,,,,,,,,,,,,,,,,,,,,,0.8057408014764951,0.00022484092234163473,0.0014094420371576276,6.627700214772138e-05,0.19157007909812138,0.0009885594637365266
ISic001822,,,,,,,,,,,,,,,,,,,,,0.7985009893284158,0.0002507258831630726,0.0008728631348810874,6.151626872455187e-05,0.1995574146730176,0.0007564907117976858
ISic001822,,,,,,,,,,,,,,,,,,,,,0.7936866734223471,0.0002667973913211867,0.0012897057742927947,0.00010217400939331867,0.20381506692641682,0.000839582476228707
ISic001822,,,,,,,,,,,,,,,,,,,,,0.8204688375330996,0.000256511382104197,0.0019812697362985685,0.00012267929223274142,0.17584741997418513,0.0013232820820796988
ISic001822,,,,,,,,,,,,,,,,,,,,,0.8334063277064558,0.0003041480059602845,0.0029488680948903654,9.837400971465001e-05,0.16170373199122098,0.0015385501917580145
ISic001822,,,,,,,,,,,,,,,,,,,,,0.8139517983761692,0.00020839516696902178,0.001274322175500513,6.682196684378914e-05,0.1835315735748556,0.0009670887396617187
ISic001822,,,,,,,,,,,,,,,,,,,,,0.27190497957783083,0.0006300519285401369,0.0032030056580870095,0.00036521375807342996,0.7225939341938491,0.0013028148836194177
ISic001822,,,,,,,,,,,,,,,,,,,,,0.20281521922760287,0.0008672080289943875,0.004497529156289384,0.0001928452773296942,0.7898304968357313,0.0017967014740524372
ISic001822,,,,,,,,,,,,,,,,,,,,,0.0919389995594217,0.0009515865009790558,0.004711415835434959,0.00010956819400570113,0.9004301725558445,0.0018582573543141064
ISic001822,,,,,,,,,,,,,,,,,,,,,0.1574444332530649,0.0006982519224713611,0.0052012403937974055,0.00031827733915569425,0.8340126548430219,0.0023251422484886044
ISic001822,,,,,,,,,,,,,,,,,,,,,0.16304416511147685,0.001158953995635653,0.008793286848899169,0.00030871762668421854,0.8243993118970788,0.002295564520225136
ISic002713a,,,,,,,,,,,,,,,,,,,,,0.7892210519886828,0.00018188704379917752,0.0011230214685939248,0.0001650897777881582,0.20869136195972138,0.0006175877614145583
ISic002713a,,,,,,,,,,,,,,,,,,,,,0.8075980147790139,0.00018832398245174692,0.0016197762789502688,0.00028053900032494597,0.1896691042007887,0.0006442417584701607
ISic002713a,,,,,,,,,,,,,,,,,,,,,0.7970562304813604,0.00018347530153417274,0.0016932284967296743,0.0006655409775088904,0.19998712335212507,0.00041440139074187235
ISic002713b,,,,,,,,,,,,,,,,,,,,,0.8339947881164759,0.00014757297898597185,0.0042009520229108486,0.00010009921153208756,0.16101270073603577,0.000543886934059696
ISic002713b,,,,,,,,,,,,,,,,,,,,,0.9700697632665349,9.434002698927763e-05,0.000696850262166091,0.0004525815352721925,0.028683176996567465,3.2879124699877384e-06
ISic002713b,,,,,,,,,,,,,,,,,,,,,0.8370925626518191,0.0003441019076162323,0.0100769226100082,0.00046848581854248513,0.1510205294473697,0.0009973975646440055
ISic002713b,,,,,,,,,,,,,,,,,,,,,0.8317691006151839,0.00031509721687121497,0.006292963261078251,0.0005521706458860312,0.15944830787666803,0.0016223603843127752
ISic002713b,,,,,,,,,,,,,,,,,,,,,0.7964842805389373,0.0003537892904080569,0.004535985075707769,0.0006483349381684097,0.19649769421473412,0.0014799159420444614
ISic002748,,,,,,,,,,,,,,,,,,,,,0.8141703347366132,0.0004085555169190019,0.0041138392426141954,9.17658859800723e-05,0.18053966343910763,0.0006758411787659639
ISic002748,,,,,,,,,,,,,,,,,,,,,0.8349504530242183,0.0003992639304816787,0.0040671832919237155,8.37371880311841e-05,0.15974250721198613,0.0007568553533587794
ISic002748,,,,,,,,,,,,,,,,,,,,,0.8185018907653064,0.00039054298016095854,0.01330304429763115,7.426431939434159e-05,0.1671059701571607,0.0006242874803465032
ISic002754,,,,,,,,,,,,,,,,,,,,,0.2685626692232359,0.0013090087133850194,0.011581879249620772,0.0002578925724699065,0.716408289955508,0.001880260285780364
ISic002754,,,,,,,,,,,,,,,,,,,,,0.322889137645607,0.0016951540560598362,0.012097342756304861,0.00017447041246205182,0.6621102305674061,0.0010336645621600372
ISic002754,,,,,,,,,,,,,,,,,,,,,0.26413835054055396,0.0012038118106529638,0.010882342299783127,0.0004712592780570786,0.7220212168883294,0.0012830191826233397
ISic002754,,,,,,,,,,,,,,,,,,,,,0.3592584840429508,0.0018057947779412445,0.020272835978827047,0.0001465128300452887,0.6160701278617946,0.002446244508440907
ISic002754,,,,,,,,,,,,,,,,,,,,,0.3732923120111608,0.001469092880307665,0.014022094448432368,0.0002475082175945075,0.6092168027512997,0.0017521896912047806
ISic002754,,,,,,,,,,,,,,,,,,,,,0.2750698640956559,0.002031474801705495,0.019784394348656347,0.00029855273139586504,0.7004522906766137,0.0023634233459726155
ISic002764,,,,,,,,,,,,,,,,,,,,,0.46010050421027976,0.0027990481933431043,0.036597909669586065,0.0007869316662554099,0.49516233319864517,0.004553273061890569
ISic002764,,,,,,,,,,,,,,,,,,,,,0.16095348662295036,0.003089138865664516,0.04195302603393941,0.000780877224548003,0.7879069916533731,0.005316479599524744
ISic002764,,,,,,,,,,,,,,,,,,,,,0.352832528297198,0.001810539489324824,0.019936493898246126,0.0004910303183459242,0.6212516352880547,0.0036777727088304745
ISic002955,,,,,,,,,,,,,,,,,,,,,0.13816747699523052,0.0022658399355564005,0.02725647842895414,0.002216960991891636,0.8261573410793122,0.003935902569055266
ISic002955,,,,,,,,,,,,,,,,,,,,,0.257155191772269,0.001269690844543989,0.01230714223788191,0.0007475535819660716,0.7261893782039703,0.0023310433593685723
ISic002955,,,,,,,,,,,,,,,,,,,,,0.02326550926754493,0.0019919631653634124,0.017914518210342293,0.0008566963132043278,0.9518165886952525,0.0041547243482925
ISic002961,,,,,,,,,,,,,,,,,,,,,0.1493511474940785,0.0019298647143700756,0.009437540695086009,0.0012397924492008883,0.8364821617813664,0.0015594928658981615
ISic002961,,,,,,,,,,,,,,,,,,,,,0.18039024950375854,0.0012971575003341627,0.005260949762698463,0.0012784586634328222,0.8113659738431466,0.00040721072662939324
ISic002961,,,,,,,,,,,,,,,,,,,,,0.0010774626538183954,0.0011287601649564393,0.01180872094369789,0.0005092404329560158,0.9837095324427445,0.0017662833618267318
ISic002961,,,,,,,,,,,,,,,,,,,,,0.09129011787146914,0.001413049626812596,0.018346727741074747,0.0007429188122104047,0.8841620369650732,0.004045148983359733
ISic003002,,,,,,,,,,,,,,,,,,,,,0.8327053187931814,0.0003323060640755058,0.0034049089931305287,0.00016351245942065112,0.16238191335808982,0.0010120403321021707
ISic003002,,,,,,,,,,,,,,,,,,,,,0.7855906279807205,0.000296485893723939,0.002631730269989746,0.00022704537079301667,0.21040745354231785,0.0008466569424547392
ISic003002,,,,,,,,,,,,,,,,,,,,,0.858375406536285,0.00045396090569402347,0.006204206711804124,0.00014018179280189677,0.13344355338318836,0.0013826906702267695
ISic003018,,,,,,,,,,,,,,,,,,,,,0.32020441165070845,0.002238219199365949,0.022386188842514417,0.00034620824391110364,0.6511378433057988,0.003687128757701237
ISic003018,,,,,,,,,,,,,,,,,,,,,0.23178536107520376,0.00222706993650701,0.023339168442846187,0.0003332281746446967,0.7385382403601578,0.0037769320106405646
ISic003018,,,,,,,,,,,,,,,,,,,,,0.3776587578084306,0.0016187705410070342,0.01472850714182581,0.00035546043739930903,0.6028202589354922,0.0028182451358450644
ISic003018,,,,,,,,,,,,,,,,,,,,,0.4055288619528645,0.002046804223607485,0.01960271865601769,0.00030957885191149986,0.5694472008657802,0.0030648354498186477
ISic003077,,,,,,,,,,,,,,,,,,,,,0.9309944848196017,4.355401231638385e-05,0.00016776787513402138,2.1228585113561976e-05,0.06837741242594854,0.0003955522818859762
ISic003077,,,,,,,,,,,,,,,,,,,,,0.9203260375336726,0.00010771774210163839,0.00020882388130149176,7.15911275296076e-06,0.07883031513766814,0.0005199465925033553
ISic003077,,,,,,,,,,,,,,,,,,,,,0.9139083265323058,0.00014043015894747886,0.00018697313953688126,6.215689989123503e-05,0.08538115361454662,0.00032095965477196695
ISic003077,,,,,,,,,,,,,,,,,,,,,0.7973636359480777,0.00016121367204751576,0.0008985942713064752,3.017821787762623e-05,0.20092864552959214,0.0006177323610985273
ISic003077,,,,,,,,,,,,,,,,,,,,,0.8069891893582679,0.0002586224893858794,0.000865248661854,0.00012212612292606943,0.19103220157709372,0.000732611790472293
ISic003077,,,,,,,,,,,,,,,,,,,,,0.8209064807035223,0.0002928699404045321,0.0009484104758604644,3.924363837168003e-05,0.17743201593909033,0.0003809793027505604
ISic003124,,,,,,,,,,,,,,,,,,,,,0.543797322969951,0.0019446776702591807,0.02026786342460961,0.0006250570761248622,0.42845508561953305,0.004909993239522238
ISic003124,,,,,,,,,,,,,,,,,,,,,0.5949550914245331,0.0015644348830393402,0.016612080001891988,0.0005057170704148541,0.3822549874743568,0.004107689145764075
ISic003124,,,,,,,,,,,,,,,,,,,,,0.5725863405238591,0.001649611455992009,0.015751350957411304,0.0005879398309094753,0.405756855557182,0.00366790167464607
ISic003124,,,,,,,,,,,,,,,,,,,,,0.5474752543412859,0.0021148819929961643,0.03081033994580651,0.0006443836270706488,0.41427141083296903,0.0046837292598716695
ISic003125,,,,,,,,,,,,,,,,,,,,,0.5663889580410401,0.0011533383458438105,0.010346396631644661,0.0003599644255648158,0.41869566703122474,0.003055675524681934
ISic003125,,,,,,,,,,,,,,,,,,,,,0.3590929934034127,0.0015829530730922812,0.013984063060052489,0.00040303260991366054,0.6211851353011493,0.00375182255237967
ISic003125,,,,,,,,,,,,,,,,,,,,,0.35663314681954084,0.0018050875139103276,0.01876594746334086,0.0005574968930577667,0.6168180214126443,0.005420299897505999
ISic003300,,,,,,,,,,,,,,,,,,,,,0.4647887165918175,0.0034949372197124896,0.045806808963653134,0.0004349572623499256,0.4802177164379695,0.005256863524497542
ISic003300,,,,,,,,,,,,,,,,,,,,,0.2721760170507377,0.001795860139996619,0.012308918850091026,0.0003677705999311313,0.710612092330977,0.0027393410282664427
ISic003300,,,,,,,,,,,,,,,,,,,,,0.47574636534012643,0.0013996583038392257,0.01230532505942756,0.0003678093244702609,0.507239352877845,0.00294148909429143
ISic003300,,,,,,,,,,,,,,,,,,,,,0.18873457021107534,0.0019666853078944674,0.008777524567302079,0.0007074169267493232,0.7971304974027572,0.0026833055842215704
ISic003300,,,,,,,,,,,,,,,,,,,,,0.26651296885465076,0.0028225263296905298,0.01587579175387641,0.00038503722097321197,0.7104859221174066,0.003917753723402432
ISic003300,,,,,,,,,,,,,,,,,,,,,0.07019093198841363,0.0023307394725241627,0.015589389927641032,0.000784327965062839,0.9075093821656359,0.003595228480722517
ISic003321,,,,,,,,,,,,,,,,,,,,,0.8443579725731586,0.00031978628691478015,0.005498844341983629,9.105529088893256e-05,0.14938548745440938,0.00034685405264470165
ISic003321,,,,,,,,,,,,,,,,,,,,,0.9084027568884816,0.0003169740682481127,0.004467018710294782,8.321938644167229e-05,0.0864457592029726,0.00028427174356140104
ISic003321,,,,,,,,,,,,,,,,,,,,,0.8982578467101711,0.0004954869480126722,0.008001307202765219,0.00012882839950001718,0.0920248041475999,0.0010917265919512548
ISic003331,,,,,,,,,,,,,,,,,,,,,0.8601548369112204,0.00031340660452117315,0.0030567491395103027,6.309231644718956e-05,0.13578085999108513,0.000631055037215811
ISic003331,,,,,,,,,,,,,,,,,,,,,0.796851349645371,0.00023705973694212204,0.0017344128988202629,7.040054610733618e-05,0.20070222558453385,0.0004045515882256731
ISic003331,,,,,,,,,,,,,,,,,,,,,0.7859978312026301,0.0002915434848684587,0.002080784550143467,0.00011644302061356688,0.210936067922397,0.0005773298193473221
ISic003355,,,,,,,,,,,,,,,,,,,,,0.01967074438032402,0.001859720120089381,0.021998628521684754,0.000637374458286169,0.954319688858399,0.0015138436612166743
ISic003355,,,,,,,,,,,,,,,,,,,,,0.07401396036277393,0.0020507256551419175,0.024871533349635922,0.0006590439698444214,0.8964636531471857,0.0019410835154180614
ISic003355,,,,,,,,,,,,,,,,,,,,,0.08136230586821272,0.0028230566876705455,0.04583077274682241,0.001181678721383959,0.8663961227428554,0.002406063233055034
ISic003356,,,,,,,,,,,,,,,,,,,,,0.2545774394235902,0.0038579328407076473,0.034110841732292764,0.00036687572801238867,0.7055176398152808,0.0015692704601161232
ISic003356,,,,,,,,,,,,,,,,,,,,,0.3408814660429676,0.0028075350088707252,0.028402856699777827,0.00037465401133596237,0.6260380160661579,0.0014954721708899344
ISic003356,,,,,,,,,,,,,,,,,,,,,0.390883931529034,0.00603115368273615,0.061143756393189426,0.0004705471026970566,0.5386603541612174,0.002810257131125987
ISic003357,,,,,,,,,,,,,,,,,,,,,0.3618505186406076,0.006130942078338491,0.07956042945103321,0.0006528309880175809,0.5496826633064861,0.0021226155355171454
ISic003357,,,,,,,,,,,,,,,,,,,,,0.25688103243822175,0.006210624618604239,0.07772221161972019,0.0006103536817748188,0.6559792593851733,0.002596518256505698
ISic003357,,,,,,,,,,,,,,,,,,,,,0.26241286806111624,0.0065880943769839355,0.09849319341643382,0.0007570185669879063,0.6293029036446539,0.002445921933824149
ISic003357,,,,,,,,,,,,,,,,,,,,,0.07003797909301156,0.00679404399706108,0.09616536748777396,0.0005970898796292997,0.8238885111744556,0.002517008368068383
ISic003365,,,,,,,,,,,,,,,,,,,,,0.8570000765123515,0.0004307514980063856,0.006754257264211108,0.00011721731881105625,0.134378400531032,0.0013192968755878795
ISic003365,,,,,,,,,,,,,,,,,,,,,0.8171558688886318,0.0003498653517022389,0.004674962683619631,0.00014173136086436896,0.1771798020097121,0.0004977697054700926
ISic003365,,,,,,,,,,,,,,,,,,,,,0.8551174582003308,0.0004203461357531763,0.008157882601748613,0.00013923827291008017,0.13474082805210255,0.0014242467371547369
ISic003367,,,,,,,,,,,,,,,,,,,,,0.3738571999343581,0.002232231876556227,0.02539594806373776,0.0003522652258469734,0.5942708071437073,0.0038915477557935666
ISic003367,,,,,,,,,,,,,,,,,,,,,0.2430811158159135,0.0027714965907506784,0.02712134785197482,0.0004634391851261277,0.7222150654794834,0.004347535076751592
ISic003367,,,,,,,,,,,,,,,,,,,,,0.4510368931013537,0.0038786270372470643,0.053302468674702286,0.0007096698475759164,0.486334830430883,0.0047375109082382185
ISic003367,,,,,,,,,,,,,,,,,,,,,0.3304041853688269,0.001632299832623859,0.011632501594881658,0.00026343904434809705,0.6530220474413481,0.0030455267179714416
ISic003367,,,,,,,,,,,,,,,,,,,,,0.3010525675584337,0.0017463440555669945,0.011933839863248563,0.0002919644240797588,0.6836038073202723,0.0013714767783987785
ISic003367,,,,,,,,,,,,,,,,,,,,,0.035614945743440554,0.001919448295647354,0.016296886923928208,0.00034386561935329077,0.943324511588919,0.002500341828711669
ISic003374,,,,,,,,,,,,,,,,,,,,,0.8677143162285147,0.0004071353809866739,0.0067935138520371936,0.00011029737139747605,0.12399527018940415,0.0009794669776596588
ISic003374,,,,,,,,,,,,,,,,,,,,,0.876363650329158,0.0005713767553161288,0.008702459683672798,0.00011780753726824715,0.11282584277411724,0.001418862920467685
ISic003374,,,,,,,,,,,,,,,,,,,,,0.8821121369930622,0.00027838849936911357,0.003653667583264326,0.00011153620338435001,0.1138404852369595,3.78548396045613e-06
ISic003375,,,,,,,,,,,,,,,,,,,,,0.8680162681081015,0.0003611416762891962,0.006805658749067587,0.0001947838800322402,0.12414763935038457,0.00047450823612504086
ISic003375,,,,,,,,,,,,,,,,,,,,,0.850983703161049,0.000716485130306745,0.010365911569890527,0.0002533480447562193,0.13674123422318563,0.0009393178708120087
ISic003375,,,,,,,,,,,,,,,,,,,,,0.8469635528130883,0.0005125297153806584,0.008156081997825016,0.00024838471436434804,0.14324057613230126,0.0008788746270402297
ISic003378,,,,,,,,,,,,,,,,,,,,,0.787364738840448,0.0001591922276335832,0.000482907365794747,2.9335867056600088e-05,0.2115970437008368,0.00036678199823043017
ISic003378,,,,,,,,,,,,,,,,,,,,,0.787345123228786,0.00011194439101834933,0.00035149592850397966,6.7882355768314e-05,0.21194844104597108,0.00017511304995221314
ISic003378,,,,,,,,,,,,,,,,,,,,,0.7817978341002408,0.0003948209237187741,0.0012103919493960922,8.908453046877794e-05,0.21584514729845491,0.0006627211977206703
ISic003378,,,,,,,,,,,,,,,,,,,,,0.787364738840448,0.0001591922276335832,0.000482907365794747,2.9335867056600088e-05,0.2115970437008368,0.00036678199823043017
ISic003378,,,,,,,,,,,,,,,,,,,,,0.787345123228786,0.00011194439101834933,0.00035149592850397966,6.7882355768314e-05,0.21194844104597108,0.00017511304995221314
ISic003378,,,,,,,,,,,,,,,,,,,,,0.7817978341002408,0.0003948209237187741,0.0012103919493960922,8.908453046877794e-05,0.21584514729845491,0.0006627211977206703
ISic003379,,,,,,,,,,,,,,,,,,,,,0.8220075563988691,0.00020767761796123248,0.0011178908627419452,8.40878434803662e-05,0.17632422684578467,0.00025856043116255457
ISic003379,,,,,,,,,,,,,,,,,,,,,0.7873655793565161,0.00016606607903376166,0.0008524617802082653,7.895923011457085e-05,0.21128021771804012,0.00025671583608727073
ISic003379,,,,,,,,,,,,,,,,,,,,,0.7993404863129391,0.00028255850133011504,0.0022087820990894123,0.0001347976616331814,0.19752341036237478,0.0005099650626334075
ISic003380,,,,,,,,,,,,,,,,,,,,,0.8469785182512868,0.0005451945266862001,0.007391832620058973,0.00015123811622942896,0.14399377747071415,0.0009394390150245007
ISic003380,,,,,,,,,,,,,,,,,,,,,0.8498047049853321,0.0004381390325926928,0.006072277541391357,0.0001220989453784029,0.14292687154724368,0.0006359079480617508
ISic003380,,,,,,,,,,,,,,,,,,,,,0.8509320360235261,0.0004299584471375394,0.006514257830770601,0.0001331328684383732,0.14127134719583823,0.000719267634289337
ISic003381,,,,,,,,,,,,,,,,,,,,,0.810749069196839,0.0004133312785455025,0.00430824695023074,9.092906084491928e-05,0.18410783673370135,0.0003305867798386789
ISic003381,,,,,,,,,,,,,,,,,,,,,0.8154553753179286,0.0003212740997913138,0.002726901130500719,8.887334843432878e-05,0.18099960837993553,0.0004079677234096092
ISic003381,,,,,,,,,,,,,,,,,,,,,0.88133698718784,0.0005156000166284362,0.004833073729906175,7.647737480046728e-05,0.11272885648142751,0.0005090052093972194
ISic003382,,,,,,,,,,,,,,,,,,,,,0.8246918645317156,0.0004907885000404174,0.004920660773665126,4.7554395775270615e-05,0.16854819911394642,0.0013009326848571331
ISic003382,,,,,,,,,,,,,,,,,,,,,0.8059213229871791,0.0004260917367689864,0.005311346997860139,7.610253065103488e-05,0.18738284311856124,0.0008822926289795606
ISic003382,,,,,,,,,,,,,,,,,,,,,0.8499217196350208,0.000516757008124594,0.0053683939085319675,5.085453986539818e-05,0.14275953864219326,0.001382736266263899
ISic003387,,,,,,,,,,,,,,,,,,,,,0.002487181857188319,0.001300886874680987,0.007441749416225011,0.0006649709212455114,0.9869516953762015,0.001153515554458429
ISic003387,,,,,,,,,,,,,,,,,,,,,0.19282362325843644,0.002007348166508728,0.013484508835564913,0.0005251190608051696,0.7891819643354326,0.0019774363432520756
ISic003387,,,,,,,,,,,,,,,,,,,,,0.0941132995805429,0.001723641459227367,0.010702904998532527,0.0005843364375096464,0.890746053927581,0.0021297635966065877
ISic003387,,,,,,,,,,,,,,,,,,,,,0.27194437857017956,0.0026570605203535785,0.019846168788688195,0.0005849820692244379,0.7018940598866156,0.0030733501649386603
ISic003387,,,,,,,,,,,,,,,,,,,,,0.027943908186897633,0.002363907466561231,0.016621307880026435,0.000607518226845312,0.9500521230472818,0.002411235192387624
ISic003387,,,,,,,,,,,,,,,,,,,,,0.23838133906306058,0.002007784436778493,0.015127064008416579,0.0005791299223287967,0.742263227635425,0.0016414549339906466
ISic003387,,,,,,,,,,,,,,,,,,,,,0.34600751041334016,0.0020982122641943464,0.019981329997285,0.0004154313825871021,0.6294406920202015,0.002056823922391878
ISic003390,,,,,,,,,,,,,,,,,,,,,0.9370518581367557,0.00012242936939207472,0.0006102314150308679,2.7364841832043606e-05,0.06161720906542218,0.0005709071715671479
ISic003390,,,,,,,,,,,,,,,,,,,,,0.9079532417282642,6.759474685270485e-05,0.0004520052037703401,3.914409313565959e-05,0.09097308181319383,0.0005149324147834134
ISic003390,,,,,,,,,,,,,,,,,,,,,0.9277544681294063,4.824605744003849e-05,0.0003824955489977321,3.0185620066647763e-05,0.07131757016321555,0.00046703448087371993
ISic003390,,,,,,,,,,,,,,,,,,,,,0.820988265194778,0.00037048397651368085,0.0016618107966297803,0.00010016014339597682,0.1762502793976138,0.0006290004910687146
ISic003390,,,,,,,,,,,,,,,,,,,,,0.7823252689492749,0.00027517382023836196,0.0008478149633304413,9.04373787459338e-05,0.21612381800771036,0.00033748688069993877
ISic003390,,,,,,,,,,,,,,,,,,,,,0.7889902258103404,0.0002124491115971348,0.0009659574519992422,0.00012482055842573945,0.20932064699307135,0.00038590007456619426
ISic003390,,,,,,,,,,,,,,,,,,,,,0.8067259844791084,0.00026519866235460787,0.0024693241686345136,0.00017112966252756933,0.18916191441962663,0.0012064486077483243
ISic003418,,,,,,,,,,,,,,,,,,,,,0.8322502016346994,0.000404749666736377,0.004921482411641012,9.450746508881897e-05,0.1615044915063432,0.0008245673154910931
ISic003418,,,,,,,,,,,,,,,,,,,,,0.8515689162439714,0.0004417525305309416,0.005529708635924572,0.00011032592286213027,0.14147190747088664,0.0008773891958243317
ISic003418,,,,,,,,,,,,,,,,,,,,,0.845202710461193,0.0005259848786387984,0.00680498953577578,7.709232459429873e-05,0.14642587658357725,0.0009633462162208415
ISic003418,,,,,,,,,,,,,,,,,,,,,0.8322502016346994,0.000404749666736377,0.004921482411641012,9.450746508881897e-05,0.1615044915063432,0.0008245673154910931
ISic003418,,,,,,,,,,,,,,,,,,,,,0.8515689162439714,0.0004417525305309416,0.005529708635924572,0.00011032592286213027,0.14147190747088664,0.0008773891958243317
ISic003418,,,,,,,,,,,,,,,,,,,,,0.845202710461193,0.0005259848786387984,0.00680498953577578,7.709232459429873e-05,0.14642587658357725,0.0009633462162208415
ISic003699,,,,,,,,,,,,,,,,,,,,,0.7967559940107071,0.00017420729970898195,0.0011518976146507806,0.0008511273768797782,0.20048688597313358,0.0005798877249198381
ISic003699,,,,,,,,,,,,,,,,,,,,,0.7923923953808467,0.00024806236160020666,0.004783602208666288,0.0006948565771151931,0.2004639897804085,0.0014170936913631286
ISic003699,,,,,,,,,,,,,,,,,,,,,0.8852771729204305,0.00016755129755793773,0.0014546433765308298,0.00028356367554930624,0.11236342196267024,0.00045364676726128206
ISic003699,,,,,,,,,,,,,,,,,,,,,0.7550003267292423,0.00025621802550125405,0.0039151932424134365,0.0008993575588417777,0.23872465557862302,0.0012042488653783462
ISic003699,,,,,,,,,,,,,,,,,,,,,0.7880304434865278,0.0002470311831117175,0.004184066791226657,0.000742072892502588,0.2054002059903407,0.001396179656290585
ISic003699,,,,,,,,,,,,,,,,,,,,,0.8308875161734135,0.0006657441791822018,0.030030563513710487,0.0011425580780644084,0.13069208097749055,0.006581537078138803
ISic003699,,,,,,,,,,,,,,,,,,,,,0.7939704332812785,0.000413539263134249,0.011688956427932504,0.0008971709268689961,0.1913933127030684,0.0016365873977173477
ISic003699,,,,,,,,,,,,,,,,,,,,,0.7879296775203053,0.00023612047156634848,0.003457101474756148,0.000807914324091671,0.20604947734703452,0.001519708862245811
ISic003699,,,,,,,,,,,,,,,,,,,,,0.9242452139603891,0.000690363065628997,0.03792903148765464,0.0002609654717262066,0.026886863341177007,0.009987562673424
ISic004340,,,,,,,,,,,,,,,,,,,,,0.8033188095050836,0.00014451186091879995,0.0011184005667151866,0.00010799001510970927,0.19492046470417754,0.00038982334799508606
ISic004340,,,,,,,,,,,,,,,,,,,,,0.7820971397392459,0.0002230744899058828,0.001188966269143255,8.592894873861818e-05,0.2158962383070677,0.0005086522458984947
ISic004340,,,,,,,,,,,,,,,,,,,,,0.7940029423679316,0.00016389912105989487,0.0006720667289461501,9.170888290740524e-05,0.20467061238458847,0.00039877051456668213
ISic004341,,,,,,,,,,,,,,,,,,,,,0.7927479407830602,0.000300352418805598,0.0015145943081754198,0.00010151547777734683,0.2049194455790446,0.0004161514331369525
ISic004341,,,,,,,,,,,,,,,,,,,,,0.7752110328016455,0.00025612560675602363,0.0012453938667321373,9.732397871428938e-05,0.22280006440505598,0.00039005934109597053
ISic004341,,,,,,,,,,,,,,,,,,,,,0.7961754315185098,0.00032699586936667604,0.0009471750100389014,0.00010403193972721765,0.20212379137079947,0.00032257429155804556
ISic004341,,,,,,,,,,,,,,,,,,,,,0.81884610021376,0.00024156080262016674,0.0011234192811651576,2.8075980484555208e-05,0.1794076089473989,0.0003532347745712027
ISic004341,,,,,,,,,,,,,,,,,,,,,0.9195543438217959,0.0003000602413199659,0.0018773528486328392,8.660994876520743e-05,0.07803979554147086,0.0001418375980153397
ISic004357,,,,,,,,,,,,,,,,,,,,,0.8849497970653035,0.00011551991485984778,0.0003035359642235487,2.59223034351023e-05,0.1142968514672073,0.0003083732849706278
ISic004357,,,,,,,,,,,,,,,,,,,,,0.9512633054430959,6.666530294157326e-05,0.0003690612842980635,5.957231682847737e-06,0.047805828813509366,0.0004891819244723234
ISic004357,,,,,,,,,,,,,,,,,,,,,0.8611162368747881,7.131585175366801e-05,0.00026632115910835163,1.36920474679307e-05,0.13805491741834675,0.0004775166485352165
ISic004357,,,,,,,,,,,,,,,,,,,,,0.8145980977800807,0.0002096892413143625,0.0006528073853482031,0.00014134537238974897,0.1841781605180479,0.00021989970281870768
ISic004357,,,,,,,,,,,,,,,,,,,,,0.7907111290288446,0.00023916659992264563,0.0007373682642917428,8.063137104246937e-05,0.20788136434822252,0.00035034038767629876
ISic004357,,,,,,,,,,,,,,,,,,,,,0.771288295247487,0.00015998085667658267,0.0005475726685624735,6.514085331871292e-05,0.22763062474912996,0.0003083856248251856
ISic004359,,,,,,,,,,,,,,,,,,,,,0.8624009532146569,0.00017573504409937858,0.0005892659518350287,3.256062287031412e-05,0.13649554578110304,0.00030593938543519724
ISic004359,,,,,,,,,,,,,,,,,,,,,0.8604338911515969,0.00016559992452373282,0.0005619587015729691,6.133732378888539e-05,0.13849296499313857,0.0002842479053789806
ISic004359,,,,,,,,,,,,,,,,,,,,,0.8377120947749357,0.00015148460127756432,0.0005117717232689323,3.206954080276185e-05,0.16129314629913793,0.00029943306057706977
ISic004359,,,,,,,,,,,,,,,,,,,,,0.8793617639768049,0.0002355311359605628,0.001664176320152173,3.212209920839388e-05,0.11792214211404342,0.0007842643538305648
ISic004361,,,,,,,,,,,,,,,,,,,,,0.8979994201331601,0.00011910756060399474,0.0001349381964759128,3.579015497997178e-05,0.10135350929172472,0.0003572346630552121
ISic004361,,,,,,,,,,,,,,,,,,,,,0.9050209983766005,7.141100689656651e-05,0.0002932817260223527,1.2623313713968974e-05,0.0941763094864441,0.000425376090322507
ISic004361,,,,,,,,,,,,,,,,,,,,,0.9260651456241871,4.649469861083414e-05,0.00017088871642756144,2.0198814412723383e-06,0.07341009710325491,0.0003053539760782838
ISic004361,,,,,,,,,,,,,,,,,,,,,0.8964822176264203,5.7463398819969856e-05,0.00012103775621895608,9.77929476498769e-05,0.1027756077048334,0.0004658805660573536
ISic004361,,,,,,,,,,,,,,,,,,,,,0.7577936917104278,0.000209263288368551,0.0007496839048260092,0.00010243644733764375,0.24070082701336964,0.00044409763567011877
ISic004361,,,,,,,,,,,,,,,,,,,,,0.7997321554514736,0.0002134354191713092,0.0007709703032073869,5.429230716904755e-05,0.19900489188736,0.00022425463161871088
ISic004361,,,,,,,,,,,,,,,,,,,,,0.7842416440295128,0.00019420640999953616,0.0007368256499702077,4.30579215544265e-05,0.21441460439307794,0.00036966159588513407
ISic004361,,,,,,,,,,,,,,,,,,,,,0.773840631404885,0.00027906529424199524,0.0006772216223035511,4.98945745614607e-05,0.22470359160716424,0.0004495954968437865
ISic004364,,,,,,,,,,,,,,,,,,,,,0.17860255951227397,0.0009014723446280231,0.006589373838085379,0.0003648712445053397,0.8115052737354999,0.0020364493250073687
ISic004364,,,,,,,,,,,,,,,,,,,,,0.0010436776721819189,0.0014124247747480175,0.008720354678209372,0.0006237488737385984,0.9851632494010512,0.003036544600070897
ISic004364,,,,,,,,,,,,,,,,,,,,,0.013406173978909017,0.001083783684780774,0.006334611081709391,0.0003811953797206004,0.9766622508486738,0.0021319850262065012
ISic004364,,,,,,,,,,,,,,,,,,,,,6.369381111233016e-05,0.0007031889069004691,0.003300500353503404,0.0007511493367062607,0.9949379629369349,0.00024350465484253834
ISic004365,,,,,,,,,,,,,,,,,,,,,0.17984645244154676,0.0015314700992967536,0.011962308124315809,0.0005046703818575864,0.80246509200539,0.0036900069475930756
ISic004365,,,,,,,,,,,,,,,,,,,,,0.1317344558691108,0.001800274147008696,0.014019722180682072,0.00048584902568203674,0.8474322245884676,0.004527474189048929
ISic004365,,,,,,,,,,,,,,,,,,,,,0.10049857311514716,0.0011897755320720883,0.006837777310873724,0.000494084821081595,0.8887481995516465,0.0022315896691788885
ISic004438,,,,,,,,,,,,,,,,,,,,,0.7699994634566638,0.00019007756724270062,0.0012390159915716926,0.0001232323237472736,0.2281065755163772,0.00034163514439727643
ISic004438,,,,,,,,,,,,,,,,,,,,,0.7769521528373639,0.00014927211997151503,0.0006677752130599062,9.906630339971264e-05,0.22192223894444324,0.00020949458176164446
ISic004438,,,,,,,,,,,,,,,,,,,,,0.7729081528207749,0.00017651301628583238,0.00041445165051723365,7.734206401390914e-05,0.22617323020560895,0.0002503102427993808
ISic004438,,,,,,,,,,,,,,,,,,,,,0.7699994634566638,0.00019007756724270062,0.0012390159915716926,0.0001232323237472736,0.2281065755163772,0.00034163514439727643
ISic004438,,,,,,,,,,,,,,,,,,,,,0.7769521528373639,0.00014927211997151503,0.0006677752130599062,9.906630339971264e-05,0.22192223894444324,0.00020949458176164446
ISic004438,,,,,,,,,,,,,,,,,,,,,0.7729081528207749,0.00017651301628583238,0.00041445165051723365,7.734206401390914e-05,0.22617323020560895,0.0002503102427993808
ISic004439,,,,,,,,,,,,,,,,,,,,,0.8038220641179809,0.00022518353550808251,0.002279742262893922,6.131970078381077e-05,0.19322960157389993,0.0003820888089334151
ISic004439,,,,,,,,,,,,,,,,,,,,,0.8065390569495997,0.00017739058442098386,0.0015876758826795512,7.540173181073344e-05,0.19121803544206253,0.00040243940942640417
ISic004439,,,,,,,,,,,,,,,,,,,,,0.790983449579003,0.00023233678816694377,0.0018873705840173536,5.698127110081567e-05,0.2064439595632668,0.00039590221444515413
ISic004439,,,,,,,,,,,,,,,,,,,,,0.8140267827435435,0.00021094778598377507,0.011467686675883309,3.9469325050255e-05,0.1739999628444988,0.000255150625040195
ISic004439,,,,,,,,,,,,,,,,,,,,,0.8038220641179809,0.00022518353550808251,0.002279742262893922,6.131970078381077e-05,0.19322960157389993,0.0003820888089334151
ISic004439,,,,,,,,,,,,,,,,,,,,,0.8065390569495997,0.00017739058442098386,0.0015876758826795512,7.540173181073344e-05,0.19121803544206253,0.00040243940942640417
ISic004439,,,,,,,,,,,,,,,,,,,,,0.790983449579003,0.00023233678816694377,0.0018873705840173536,5.698127110081567e-05,0.2064439595632668,0.00039590221444515413
ISic004439,,,,,,,,,,,,,,,,,,,,,0.8140267827435435,0.00021094778598377507,0.011467686675883309,3.9469325050255e-05,0.1739999628444988,0.000255150625040195
ISic004442,,,,,,,,,,,,,,,,,,,,,0.7751318016146237,0.00017681643118245912,0.0014206356454505675,8.408071345766959e-05,0.2227442521555795,0.0004424134397061621
ISic004442,,,,,,,,,,,,,,,,,,,,,0.7575551268556601,0.0001998242268888412,0.0014012553086663025,1.9668041619608586e-05,0.24028885540188996,0.0005352701652752245
ISic004442,,,,,,,,,,,,,,,,,,,,,0.7855592228718505,0.00019811072087283802,0.0013244142009177424,0.00010560990936783689,0.21217501207226366,0.0006376302247273246
ISic004442,,,,,,,,,,,,,,,,,,,,,0.7685087495107125,0.00018239373103940844,0.0014674146144985042,5.750082966067745e-05,0.2294344570166255,0.0003494842974634571
ISic004442,,,,,,,,,,,,,,,,,,,,,0.7751318016146237,0.00017681643118245912,0.0014206356454505675,8.408071345766959e-05,0.2227442521555795,0.0004424134397061621
ISic004442,,,,,,,,,,,,,,,,,,,,,0.7575551268556601,0.0001998242268888412,0.0014012553086663025,1.9668041619608586e-05,0.24028885540188996,0.0005352701652752245
ISic004442,,,,,,,,,,,,,,,,,,,,,0.7855592228718505,0.00019811072087283802,0.0013244142009177424,0.00010560990936783689,0.21217501207226366,0.0006376302247273246
ISic004442,,,,,,,,,,,,,,,,,,,,,0.7685087495107125,0.00018239373103940844,0.0014674146144985042,5.750082966067745e-05,0.2294344570166255,0.0003494842974634571
ISic004471,,,,,,,,,,,,,,,,,,,,,0.8957776039182843,5.208418982255331e-05,0.00045923851643695776,2.5268170526452174e-05,0.1036851018266245,7.033783052104073e-07
ISic004471,,,,,,,,,,,,,,,,,,,,,0.8996812961352699,7.65070172378439e-05,0.0004302570529205672,1.4973935152719828e-05,0.09973238508522332,6.458077419561417e-05
ISic004471,,,,,,,,,,,,,,,,,,,,,0.8679779447085421,9.093239041559711e-05,0.00044601463365799007,2.6044412168182885e-05,0.13143952899854996,1.953485666624196e-05
ISic004471,,,,,,,,,,,,,,,,,,,,,0.8583226566921169,8.322704622573356e-05,0.0005493423386831684,4.9793594201175936e-05,0.14088785013057536,0.0001071301981975125
ISic004471,,,,,,,,,,,,,,,,,,,,,0.8689831763609731,8.02766908975135e-05,0.0003125017819653087,1.6966894490291312e-05,0.13052867878351812,7.83994881558228e-05
ISic004471,,,,,,,,,,,,,,,,,,,,,0.818645622416299,0.00013176089463777854,0.0003518668417372131,4.1813896531964994e-05,0.18082415259911608,4.783351678178211e-06
ISic004471,,,,,,,,,,,,,,,,,,,,,0.8558693980064305,7.639083377375939e-05,0.002640312729246028,3.193559788709341e-05,0.14134128584430375,4.067698835896464e-05
ISic004471,,,,,,,,,,,,,,,,,,,,,0.8268196182881378,7.540248215120998e-05,0.0008778832988988543,1.8849588833265833e-05,0.17194210484657077,0.0002661414954080671
ISic004471,,,,,,,,,,,,,,,,,,,,,0.8580108458039811,7.700113716691573e-05,0.0004989253875799938,9.026307977802678e-05,0.14131972414631538,3.2404451785016397e-06
ISic004474,,,,,,,,,,,,,,,,,,,,,0.9231251428520546,5.652567594281585e-05,0.0004246757845078233,4.548031443098718e-05,0.07626095025389826,8.722511916532761e-05
ISic004474,,,,,,,,,,,,,,,,,,,,,0.9021150749137482,7.31445835761628e-05,0.0006301810700988891,7.420522365375067e-05,0.09700583715922914,0.00010155704969408147
ISic004474,,,,,,,,,,,,,,,,,,,,,0.9293161099925884,5.460210197427518e-05,0.0006004165809534755,4.3660829654510795e-05,0.06982816858054587,0.00015704191428342614
ISic004474,,,,,,,,,,,,,,,,,,,,,0.9317074288998235,7.891893609369436e-05,0.0026185281993753263,7.551984529372872e-05,0.06524575469619022,0.00027384942322359777
ISic004474,,,,,,,,,,,,,,,,,,,,,0.9118539133947187,7.162815262209548e-05,0.00333815008590172,7.018580794903163e-05,0.08443671050819736,0.00022941205061107652
ISic004474,,,,,,,,,,,,,,,,,,,,,0.9349297646046055,5.943445690837916e-05,0.0017366122911665804,4.9762692425004746e-05,0.0630337646335686,0.00019066132132572849
ISic004475,,,,,,,,,,,,,,,,,,,,,0.9381785024409985,3.4279902941948995e-05,0.00016570401368176888,3.967111575760465e-05,0.06153876444332728,4.3078083292854815e-05
ISic004475,,,,,,,,,,,,,,,,,,,,,0.9206848310913679,4.4795299830441515e-05,0.0001053197650868033,3.3428161595473255e-05,0.07909608617282757,3.5539509291798885e-05
ISic004475,,,,,,,,,,,,,,,,,,,,,0.915416130875935,4.785588606535509e-05,0.0001657491597804209,3.021438848300141e-05,0.08433747281173606,2.5768780002302605e-06
ISic004475,,,,,,,,,,,,,,,,,,,,,0.9162907452446002,4.4493982405353535e-05,0.00018458226623598346,3.319303483504238e-05,0.08341885155886497,2.813391305838703e-05
ISic004475,,,,,,,,,,,,,,,,,,,,,0.9169180922684058,4.491842974930255e-05,0.0001410498501690855,2.470049100168379e-05,0.08286719582039574,4.043140278247964e-06
ISic004475,,,,,,,,,,,,,,,,,,,,,0.925709914889512,4.065451771014869e-05,0.00017678983202280057,2.6563492614064733e-05,0.07401920851227074,2.68687558702353e-05
ISic004476,,,,,,,,,,,,,,,,,,,,,0.8713884534655151,6.246956993612397e-05,0.0003198183810076466,3.777229562372972e-05,0.12811118983223244,8.029645568502367e-05
ISic004476,,,,,,,,,,,,,,,,,,,,,0.8662244192619601,8.893714586051879e-05,0.00043838749260396813,3.8429005033097515e-05,0.13305611337858333,0.00015371371595892603
ISic004476,,,,,,,,,,,,,,,,,,,,,0.8998323548571101,0.0001416765766219817,0.0007212064306462414,9.628677818497011e-05,0.09880223932514344,0.00040623603229330755
ISic004476,,,,,,,,,,,,,,,,,,,,,0.8658346837943659,6.340436075595091e-05,0.00039699191681394694,7.45927019285605e-05,0.13348658706507308,0.0001437401610626544
ISic004476,,,,,,,,,,,,,,,,,,,,,0.8249182730753396,0.00015088406748753794,0.0004533620324018813,8.550387850383822e-05,0.17407560892351012,0.0003163680227569786
ISic004476,,,,,,,,,,,,,,,,,,,,,0.8264538279057586,7.11791209858585e-05,0.0002927481144415566,0.00011118095867706968,0.1730224389792587,4.862492087814789e-05
ISic000672,2.8944297779999997,7.893154040000001,60.3940004,53.97527000000001,0.5194705208,319.85568440000003,114.4,55.40390098183468,6.8700054900000005,0.6625152,0.0040213812,1.593,18.1493185,6.25736594,116.62301009999999,0.033503123600000004,1.248,7.43156954,20.66263782,16.3004143,,,,,,
ISic000672,1.3787199570000002,6.6211593099999995,23.663153299999998,46.42657500000001,0.6819966153,316.17803979999996,72.91000000000001,14.816893019458256,9.47980551,0.46793969999999996,0.0044649868,3.8179999999999996,13.902480800000001,11.251755300000001,90.7992507,0.010032722800000001,10.49,7.23041613,8.12080065,12.54200063,,,,,,
ISic000672,0.954258939,7.67412827,27.1723205,51.216285000000006,0.00274157364992,302.56081520000004,86.14999999999999,14.394345638421212,6.901882479999999,0.5729913,0.00313417,0.2628,17.2341404,9.00739559,110.88873120000001,0.0047914708,4.518,5.64587025,16.53737487,11.90862082,,,,,,
ISic000674,1.141063299,17.3472523,53.46364546,25.447085,0.1717780568,372.4360626,490.50000000000006,43.584469805427815,12.5142893,0.2946429,0.0030521994000000004,3.805,24.1853808,13.061143000000001,43.4947005,0.020615591200000002,22.650000000000002,9.08028706,184.4174154,7.54113616,,,,,,
ISic000674,0.900812136,10.220174309999999,51.4717354,25.559125,1.6688298200000002,374.8215618,152.0,46.6839503791079,13.3163555,0.3141963,0.0063792414,3.4939999999999998,24.2162295,6.896043850000001,47.8636749,0.030187381200000002,11.270000000000001,8.11030804,23.80198887,14.2206597,,,,,,
ISic000674,6.55371963,8.57491031,51.354739179999996,25.951265,0.79282098,339.8342402,106.8,66.62746590233385,8.67979589,0.3002022,0.0059476903,0.5187,28.360238199999998,9.20870495,43.559715000000004,0.0326332988,1.406,14.4633004,21.77827497,20.6895068,,,,,,
ISic000676,0.033360145290000004,8.88956705,41.301728600000004,52.322680000000005,0.56967792,344.6052386,69.74000000000001,162.23739137852618,11.2597755,0.8672508,0.0071338531,0.07286000000000001,31.753595200000003,10.99892033,155.644713,0.045647216000000004,12.67,12.113631119999999,47.90494032,14.6798263,,,,,,
ISic000676,1.786576143,9.10756453,52.59719036,49.003495,0.3317925632,346.0961756,68.89,113.412272758533,9.04483884,0.9414386999999999,0.0043998925,3.051,31.3731279,11.021687459999999,165.396888,0.043231036,30.599999999999998,9.290078959999999,24.30532284,18.4206836,,,,,,
ISic000676,2.2525492409999996,8.73532355,60.37425416,56.174055,1.4975760128,345.0028218,79.49,75.65299242308132,9.905517569999999,0.8014976999999999,5.1810241e-07,0.6968000000000001,20.0722208,14.2354476,184.64118,0.04575873200000001,39.39,8.17818189,16.92136161,19.6901442,,,,,,
ISic000677,3.296059152,7.6196288999999995,7.530637099999999,58.863015000000004,0.31424550079999997,344.00886380000003,43.58,9.76020815100225,8.17182063,0.6216830999999999,0.000208253542,0.5720999999999999,14.2109678,4.79188173,113.1642387,0.0105085244,16.14,7.02556051,15.100019099999999,12.61222611,,,,,,
ISic000677,1.392730284,10.488558,109.7266945,65.31932,1.3563428697,327.2109736,96.83000000000001,27.412832231526494,9.597030570000001,0.7986222000000001,0.0069337484,4.9590000000000005,14.4474745,10.782033460000001,128.0005476,0.045163980000000006,15.33,6.19626547,22.07404854,12.88232411,,,,,,
ISic000677,0.09677503650000001,10.05050646,61.4545074,65.109245,0.101940144768,348.6804664,74.8,34.28734789583118,7.34918863,0.7317189,0.0061068097,2.391,13.254658099999999,8.510113539999999,131.459319,0.05237534800000001,0.1271,7.92026126,20.99992347,11.35086845,,,,,,
ISic000677,0.1211114934,11.6710915,78.4857287,40.460445,0.42707790930000006,396.19165879999997,86.5,231.21715893973067,14.6942641,0.7784937000000001,0.015719068,0.009281000000000001,42.3552651,8.62994054,146.152596,0.0296744076,5.506,9.39497491,175.33664789999997,12.39209624,,,,,,
ISic000678,1.028461782,10.5811041,65.712088,49.18556,0.021767150867,357.6260884,57.23,14.199390357220981,11.650525700000001,0.4863429,0.0211701129,1.426,21.964274399999997,7.87503044,237.30292500000002,0.0103635536,40.67,5.99511206,221.46694680000002,12.54875308,,,,,,
ISic000679,487.76694,2.64167701,0.288620054048,46.020430000000005,0.5099755353000001,332.97593,52.58,26.086079120283692,0.051692138299999996,0.6122897999999999,4.4384669000000006e-06,0.07504,666.743236,4.22510002,146.412654,0.015905898800000002,21.39,0.0143522341,13.77163254,6.173089790000001,,,,,,
ISic000679,24.94357107,8.23968777,1.5016860617,44.661945,1.2268369848,344.2076554,64.27000000000001,43.48705377964326,9.66284113,0.561681,0.00025772521,5.2780000000000005,54.4582384,6.7582428000000005,147.842973,0.0224370192,11.399999999999999,8.20039515,14.897647710000001,13.017373110000001,,,,,,
ISic000679,13.44991392,11.825335,42.78948196,40.53047,0.064509639075,323.6327248,70.79,8.923756885572372,10.02274263,0.4573962,0.00124498876,1.547,18.8896873,4.65767549,85.03896599999999,0.012110637600000002,2.1959999999999997,4.837554399999999,11.327608829999999,9.74513584,,,,,,
ISic000679,159.19882679999998,3.61032619,2.7964781225,41.468805,0.14059771653199998,321.6448088,58.13,32.272575706288904,1.8149318499999998,0.485001,0.0061019879,5.4430000000000005,234.03880399999997,6.16989223,129.79494780000002,0.017508012,38.44,3.35420226,18.04737678,8.1434547,,,,,,
ISic000680,0.2063150376,11.856183699999999,97.1233568,56.286095,0.27061088879999995,353.2526732,95.53999999999999,14.097000913017386,10.8587424,0.5637897,0.0026351137,3.0589999999999997,18.7662925,7.10693937,139.781175,0.015798100000000002,21.18,9.59612832,24.481749179999998,10.76610628,,,,,,
ISic000680,9.87987504,11.650525700000001,6.3155911,53.289025,0.3748134424999999,329.994056,97.16,81.12130578605417,8.19752788,0.6931871999999999,0.0047422403,5.427,25.738098700000002,6.68874314,129.05378249999998,0.0161177792,25.58,10.09345853,36.9457512,16.0303163,,,,,,
ISic000680,21.591470610000002,9.8201695,70.8353369,51.454370000000004,0.035982069627,337.64753260000003,87.67,141.21878655543412,6.81961928,0.7227089999999999,0.005135217,2.446,23.9797228,5.3910167300000005,124.25571240000001,0.04613045200000001,2.621,7.405654070000001,22.956180240000002,10.288032820000002,,,,,,
ISic000680,17.36761647,8.096755459999999,51.12080506,46.118465,0.3039412425,345.6985924,88.05,62.78942894817333,5.39132447,0.6205328999999999,0.0044264124,8.780999999999999,27.630152300000002,5.6079036,122.9554224,0.0029124262,27.82,8.73104525,23.07033846,9.62764321,,,,,,
ISic000681,4.270036329,9.658727970000001,7.2813571,52.12661,0.7929791177,349.17744539999995,58.32,44.19849894213765,9.71939708,0.6701832,0.0065214845,0.6057,23.558123900000002,8.178192750000001,124.9448661,0.019470693600000002,5.188,4.83014998,13.553694120000001,11.27794199,,,,,,
ISic000681,3.17048511,4.86792486,25.3559548,48.12118000000001,0.8511101927999999,353.74965219999996,46.83,41.33532712192503,12.2880655,0.7485885,0.0043950707,7.218,19.2598717,7.14408574,116.2329231,0.0022816173600000004,16.13,9.67881101,16.319436449999998,11.553441950000002,,,,,,
ISic000681,5.154762534,6.581055999999999,75.053546,52.952905,0.1262312373,318.9611222,80.24000000000001,6.318259736100566,10.6839331,0.5150979,0.00178189619,0.9933000000000001,14.5605864,6.64081234,128.72871,0.016519236800000003,3.504,9.10990474,11.17712754,11.2630866,,,,,,
ISic000682,8.354306099999999,5.9280918499999995,48.98003236,44.886025000000004,0.47934698000000003,333.37351320000005,58.93,8.77292783866782,9.91785705,0.485001,0.0019622315099999997,1.3719999999999999,21.8717283,6.10878046,84.75290220000001,0.000347818404,10.190000000000001,7.10947727,12.49513608,11.125336619999999,,,,,,
ISic000682,0.784578312,11.6299599,0.266325769567,44.90003,0.45497632530000004,318.06656000000004,65.13,18.147848699065047,8.90910456,0.5221908,0.0092723214,0.08359,16.144153,4.68164089,104.933403,0.015853858000000002,23.0,11.83226316,22.9873143,8.68230021,,,,,,
ISic000682,8.49959838,6.705479089999999,77.070587,65.5434,0.6826252376999999,338.0451158,70.86,5.671392775378208,9.54870094,0.5580387,0.0034644632999999998,2.806,21.8717283,6.343641379999999,108.80826719999999,0.0057282052,1.9190000000000003,9.40114526,14.856135629999999,17.529360200000003,,,,,,
ISic000685,8.81093898,8.026831739999999,186.79410719999998,9.128459000000001,4.28773422,387.146641,93.28,8810.564114394027,4.66123857,2.578365,0.077679198,3.345,28.2162776,146.428594,272.410755,0.49959168,17.880000000000003,23.299241600000002,46.62844386,111.7665524,,,,,,
ISic000685,18.17191302,7.21139777,291.5418863,10.947708500000001,6.6736849199999995,361.6019204,76.82,11151.312574669228,3.4242057000000004,2.574531,0.081753619,1.5719999999999998,16.946219199999998,132.768316,289.314525,0.62300272,21.38,23.5337149,43.587683999999996,166.92056399999998,,,,,,
ISic000685,50.60841453,6.8453265299999995,439.3675415,4.3569555,5.97942072,383.8665796,95.11999999999999,13494.985966081676,1.9732885100000002,2.534274,0.082308126,2.225,26.4064872,140.557071,261.35829,0.65571408,55.08,26.8657039,75.3963153,117.2360369,,,,,,
ISic000685,0.2344394718,8.31166807,243.49621489999998,0.43093385,2.06211642,358.5206506,63.13,2141.3436568890106,5.42628633,1.2542931,0.070108972,2.84,210.388134,80.0803841,154.73451,0.24842047600000003,13.709999999999999,14.376915499999999,34.75079997,81.39403229999999,,,,,,
ISic000686,49.46164332,12.8330592,949.1528799999999,2.027924,6.986909580000001,429.0916686,109.5,12097.031820536173,4.8432459,2.227554,0.063454888,6.5729999999999995,41.2652777,161.047488,583.180065,0.5033088800000001,88.02,17.6101789,110.21457240000001,158.412477,,,,,,
ISic000686,34.377191249999996,10.0566762,987.4052369999999,3.3836080000000006,5.0738853200000005,345.3010092,130.8,7960.172218151599,8.218093679999999,2.2793129999999997,0.056945458,12.0,35.270347,162.96472,742.075503,0.40182932,42.27,19.522987399999998,107.3087268,101.0031471,,,,,,
ISic000686,13.756065509999999,7.688524330000001,257.8929878,2.7463805,6.78999342,348.1834874,81.32000000000001,10115.379041607592,2.53062169,2.482515,0.045204375000000005,5.8420000000000005,32.0517993,150.143231,396.198363,0.43900132000000003,63.79,22.6575252,50.60841453,124.8663054,,,,,,
ISic000686,2.708144319,7.96307776,277.8809052,0.3851375,1.70698038,351.861132,73.10000000000001,1904.2523034224432,8.906019689999999,2.3751629999999997,0.0184940139,6.9990000000000006,166.171664,140.557071,202.84524,0.16987604,43.33,10.205758900000001,26.57292021,55.235041,,,,,,
ISic000686,18.908752439999997,11.763637600000001,143.0795727,0.7919827500000001,3.5058239999999996,341.02698979999997,66.52,1464.9963433542473,5.46638964,1.1615103,0.0218331104,12.13,120.00144300000001,78.95401030000001,147.452886,0.24827178800000002,32.1,8.78781247,24.32607888,53.1958011,,,,,,
ISic000689,0.1433723463,8.88031244,68.50217740000001,64.39499,0.0520113552,304.0517522,77.50999999999999,5.841753691042847,10.12454334,0.6715251,0.0055812335,0.1185,16.5966006,10.01873547,126.8042808,0.00047654504000000004,32.419999999999995,7.51795444,9.92138712,8.93754282,,,,,,
ISic000689,0.4559583087,10.4679922,15.7641622,45.334185000000005,0.015359363523,290.1363402,58.699999999999996,5.215661127943465,8.24585751,0.4317084,0.0042793475,4.492,11.3831703,6.84811305,83.98573110000001,0.00021485416,3.27,7.10454099,8.826506010000001,7.58165086,,,,,,
ISic000689,0.012277197660000001,7.27926491,24.33100236,66.57977000000001,1.0450663271999998,340.53001079999996,63.13,11.448434863416908,7.59494994,0.7629659999999999,0.008917919100000001,0.007566999999999999,16.5040545,9.793460710000002,129.6779217,0.0114526932,34.36000000000001,9.02845612,10.78795179,14.315194,,,,,,
ISic000690,46.34823732,5.36047577,356.9863115,4.1076665000000006,6.116940479999999,394.10434699999996,95.5,14883.380140111609,3.13319963,2.4192539999999996,0.074713791,12.39,69.9031542,145.709632,255.376956,0.6196572400000001,59.64,22.3613484,61.3340982,122.8405704,,,,,,
ISic000690,4.504579581,8.38262008,360.3663621,7.9884520000000006,5.51996802,364.1862112,80.64999999999999,6522.330828489363,4.71265307,2.503602,0.054076487,4.2509999999999994,34.447715,130.970911,246.014868,0.39439492000000004,26.64,25.7303595,40.344552750000005,96.7085889,,,,,,
ISic000690,26.6196213,10.396011900000001,137.0436716,7.947837500000001,7.01779428,367.8638558,98.56,12680.084079843444,4.84530248,2.584116,0.063237907,3.4570000000000003,60.1138334,126.77696599999999,235.74257699999998,0.5586951600000001,48.52,52.571382,55.9894179,85.81013460000001,,,,,,
ISic000691,8.72272581,12.072124599999999,1.1766151337000001,59.087095000000005,1.5470810313,328.4037232,45.13,12.549238837844708,12.946171099999999,0.6857108999999999,0.0026760990000000004,6.944,21.429563599999998,8.37470903,118.1833581,0.0187012332,11.280000000000001,11.44846739,11.17712754,16.3949486,,,,,,
ISic000691,6.30464715,4.352751570000001,37.9852148,40.64251000000001,0.8766713417,313.49435320000003,74.25999999999999,34.004547042582715,8.45151551,0.4305582,0.0045710664000000005,2.4090000000000003,14.4474745,7.22796464,84.2457891,0.038621708000000005,8.833,7.99924174,13.69379739,10.33529997,,,,,,
ISic000691,4.673741307,14.7765273,21.365279599999997,71.06137,0.8892270408,320.3526634,76.33,7.676163323503508,8.0412278,0.782136,0.0056246297,2.044,19.0027992,8.857611839999999,129.768942,0.0102743408,9.999,9.597362389999999,11.34317586,10.74584893,,,,,,
ISic000691,42.41496774,8.76822883,9.8458365,47.81307,1.0627138032,325.6206408,64.58,61.8711062694729,7.715259870000001,0.5726079,0.0030546103000000002,1.618,25.6455526,7.0338449,147.97300199999998,0.0041483952,24.7,8.43610252,15.57740802,10.832280290000002,,,,,,
ISic000693,0.0666268884,8.78673805,7.8591109999999995,63.09252500000001,0.72337622,324.3284954,70.14999999999999,38.47025991391155,10.11014728,0.6481376999999999,0.0121123616,1.527,17.995075,9.32493714,125.2569357,0.016627035600000003,25.71,9.16173568,8.432141249999999,10.61890287,,,,,,
ISic000693,1.6475106750000001,9.18571457,53.32676620000001,60.55762000000001,0.060084914603,354.0478396,62.11,134.42057983104058,8.13994364,0.7229007,0.0220669677,1.5310000000000001,17.7071538,8.81806893,145.892538,0.0073191668000000005,6.771,8.53853033,7.949563319999999,11.12938809,,,,,,
ISic000693,0.4707988773,9.85513136,10.878274399999999,32.35155,1.1581415573,331.68378459999997,65.19,337.6860118998842,10.12762821,0.6872444999999999,0.021382272100000002,5.7250000000000005,25.4398946,11.321254960000001,102.1507824,0.05657578400000001,11.03,7.41305849,15.97177278,11.19421161,,,,,,
ISic000694,5.61450882,4.73630374,18.71641926,45.43222000000001,1.3633552968,352.4575068,56.21,221.0685299386618,9.5116825,0.9602253000000001,0.008655131,7.057,26.4373359,11.26493627,161.496018,0.08895259600000001,11.94,8.260864580000002,25.20821058,13.599434299999999,,,,,,
ISic000694,11.03702427,8.77234199,58.63213356,46.510605000000005,0.3973695957,354.5448186,66.85,155.23369792076147,9.20936524,0.7186833,0.0112998883,5.396,30.457949799999998,8.9390942,175.66917899999999,0.067392836,14.049999999999999,8.68661873,24.75676671,18.096566,,,,,,
ISic000694,0.614378784,8.27362134,47.41428510000001,56.902315,2.09425188,346.6925504,75.99,133.25142063614138,9.921970210000001,0.9353042999999999,0.0122787137,4.486,17.9436605,9.27820461,195.303558,0.037989784000000006,13.52,6.38137597,27.67817934,16.20588,,,,,,
ISic003014,2.430013383,8.41758194,24.162414899999998,60.487595000000006,0.052238511675,333.67170059999995,58.81,6.827207010004416,10.4782751,0.6165072,0.00082067036,6.34,15.239257799999999,6.64440715,62.543949,0.0108839616,12.42,7.43527175,6.23200101,10.817424899999999,,,,,,
ISic003014,2.777677053,5.81189508,19.806895900000004,59.49324000000001,0.30609385170000003,312.8979784,57.75,11.301101525421027,12.637684100000001,0.5490287999999999,0.0041612134000000005,8.049,13.8305005,9.48910013,61.997827199999996,0.013504587600000001,15.270000000000001,7.72034192,4.352022687,12.30431439,,,,,,
ISic003014,1.388060175,5.59595418,73.3098118,58.288810000000005,0.00361879354263,332.478951,60.09,10.366195362927861,11.3420387,0.5057046,0.0049809194,2.347,24.6275455,9.89411539,69.9165933,0.00046427828000000006,26.75,6.95398445,6.6730668600000005,9.8720819,,,,,,
ISic003348,35.373481170000005,6.52655663,294.9186343,1.1862235,14.500077619999999,349.17744539999995,101.89999999999999,11669.383300808255,5.742999650000001,2.64546,0.086671855,13.43,35.9593013,132.408835,195.433587,0.5304444400000001,5.028,21.3617517,52.8760119,100.9761373,,,,,,
ISic003348,24.59071839,17.3369694,298.7289508,6.393282500000001,8.89793058,356.1351514,97.24,17228.397084804274,8.87928415,2.361744,0.061429732,7.165,33.316596000000004,140.07776299999998,237.562983,0.6936295200000001,33.4,28.9142601,108.6059793,220.26491900000002,,,,,,
ISic003348,23.153362620000003,10.201665089999999,152.2477852,0.3924201,13.55346342,322.43997520000005,81.73,13127.053317871947,8.47105302,2.5074359999999998,0.06258696400000001,4.498,25.9437567,122.583021,169.68784499999998,0.5668730000000001,36.54,23.2498788,56.9753298,101.5703529,,,,,,
t0-0CC-1,95.7891246,6.101872859999999,150.1859576,0.6935276,8.08661658,69.23911428,114.5,12138.190570606528,6.0566281,6.8628599999999995,0.031992643,10.11,50.3656442,405.973876,13.7050566,0.167348344,11.17,160.058879,79.08051239999999,338.027647,,,,,,
t0-0CC-2,48.735181919999995,6.831958759999999,154.8316847,0.6596355,7.7094399199999994,48.5548483,108.8,12262.1166100022,6.4628026499999995,7.232841,0.029485307,9.183,59.764214800000005,415.560036,22.742072099999998,0.15865009600000002,9.359,164.995159,76.4341173,356.124213,,,,,,
t0-0CC-3,70.8299865,3.54040247,200.19257700000003,0.7113139500000001,12.11187362,23.43752964,111.0,12014.939057701251,7.60626113,6.952958999999999,0.038333309999999995,8.246,50.2628152,420.832424,16.6567149,0.15017488,24.2,160.058879,77.73136980000001,348.83156699999995,,,,,,
t0-10CC-1,65.0701854,5.531171909999999,181.91163039999998,6.3176555,8.14208108,57.73902022,101.8,9097.744347407515,3.4684221699999997,6.684578999999999,0.027219061000000003,6.42,60.278359800000004,359.840481,138.610914,0.129024012,1.048,148.33521399999998,68.0279211,317.905346,,,,,,
t0-10CC-2,85.20354420000001,5.02319665,138.3491522,6.316255000000001,7.635797820000001,48.1075672,134.6,9009.670832963751,0.322471744,6.931871999999999,0.027821786,0.3699,45.3373061,361.398232,143.291958,0.12538115600000002,29.669999999999998,145.743667,82.03824809999999,311.017847,,,,,,
t0-10CC-3,64.5512844,6.69622448,132.850347,6.349867000000001,6.245090879999999,49.33013554,109.3,8904.583252337514,4.25506402,6.813018,0.026857426,4.172,50.0365914,370.26543,144.852306,0.105903028,39.75,157.220518,74.0471727,334.111226,,,,,,
t0-20CC-1,42.285242489999995,7.983643559999999,63.725647,11.6591625,4.823122499999999,65.51177178,96.18,6407.35360058583,6.1419761699999995,6.826437,0.022481642500000003,6.071,40.9670736,304.600234,236.392722,0.12214719200000002,15.83,127.97305899999999,63.098361600000004,265.641383,,,,,,
t0-20CC-2,64.7069547,3.36662146,64.51957540000001,11.8048145,6.13692618,37.93937686,88.78999999999999,6143.254114138726,3.53423273,6.673077,0.026278810000000003,2.71,45.8000366,316.103626,237.172896,0.13831701200000002,0.8456,128.219873,67.7684706,272.79898000000003,,,,,,
t0-20CC-3,54.9516159,2.89874951,152.6164637,11.5695305,6.70017138,51.79515138,80.95,6785.726644299895,1.50644485,6.462206999999999,0.025507322,0.6675,36.3397686,321.25618699999995,234.0522,0.08609035200000001,7.102,121.926116,62.4756804,273.204127,,,,,,
t0-30CC-1,42.48761388,4.8329629999999995,142.42307939999998,17.058090000000004,3.65617518,56.71524348,87.38,4921.4218008171,4.02781193,6.552306,0.024784052,4.676,37.1932493,272.36677099999997,305.308092,0.07854443600000001,25.740000000000002,115.385545,59.9330655,239.71197500000002,,,,,,
t0-30CC-2,23.594428469999997,1.8365259399999998,78.6881078,16.86202,4.10190522,61.426604399999995,85.53999999999999,4857.76040483238,7.021164120000001,6.485211,0.0184313305,6.977,34.1803596,267.21421000000004,294.125598,0.093041516,7.456,103.8346498,52.201440600000005,237.956338,,,,,,
t0-30CC-3,38.362350930000005,6.90908051,165.24078269999998,16.91804,2.54945502,30.07716908,85.95,4722.979192420999,7.620657189999999,6.519716999999999,0.0170860483,13.370000000000001,39.7639743,267.813345,294.255627,0.095271836,3.089,109.9926591,53.706253499999995,243.628396,,,,,,
t0-40CC-1,38.134034490000005,8.68288076,239.7854547,26.035295000000005,3.77459348,26.17091414,88.85000000000001,2837.7642371403317,2.64476188,5.912027999999999,0.0190316446,5.3,33.676497499999996,211.37482799999998,397.88874,0.053564852,0.322,86.7180989,34.34605719,186.502669,,,,,,
t0-40CC-2,15.36465861,11.5271309,120.675848,25.783205000000002,2.42354462,44.429922600000005,86.11,2903.4287227007017,3.0838417099999997,5.90436,0.015135630200000002,6.2219999999999995,36.3911831,210.775693,400.619349,0.088543704,0.6169,86.3108558,41.60029317,189.878894,,,,,,
t0-40CC-3,0.8587811550000001,7.31011361,119.53894079999998,26.27338,1.2373656393,26.67783272,80.4,3021.1989787514776,2.32702027,5.917779,0.0165267195,3.8850000000000002,39.0544542,218.684275,420.513786,0.068805372,0.3713,92.802064,42.37864467,190.554139,,,,,,
t0-50CC-1,23.80717788,6.7023942199999995,136.17443120000001,34.84444,3.43371,29.282002679999998,89.85000000000001,1829.1436187373201,2.49977299,5.643648,0.0129200131,4.428,29.213718900000003,165.960395,487.60875,0.04497812,10.44,68.8857874,42.824899529999996,154.361007,,,,,,
t0-50CC-2,9.39729711,7.91886129,169.73782469999998,35.306605000000005,3.44631378,22.69206114,68.58,1956.2395673228634,0.909728163,5.570802,0.012881438700000001,5.571,32.185477,166.08022200000002,481.1073,0.043900132,22.71,70.9096622,45.014661749999995,160.70831,,,,,,
t0-50CC-3,57.4942308,8.169764050000001,52.935828400000005,35.278595,2.44246968,40.752278000000004,78.35,1999.3068328669822,0.679905348,5.542047,0.0112540812,8.347,25.6249868,164.043163,478.24666199999996,0.052263832,0.22249999999999998,71.8352147,46.26002415,153.28061499999998,,,,,,
t0-60CC-1,0.001061671446,6.77437452,47.265657260000005,61.131825000000006,1.2879855177,28.05943434,63.919999999999995,465.1134035828954,3.5547985300000002,4.117716,0.0068107925,0.1065,21.182774,84.0346751,608.275662,0.0350680648,0.9199999999999999,35.541216,18.19266906,75.897538,,,,,,
t0-60CC-2,0.2237501112,8.31783781,47.79569296,60.97777000000001,0.8217834932999999,48.34611712,72.53999999999999,482.27743628765523,7.27412346,4.121549999999999,0.0063937068,0.1625,19.5477929,82.440976,614.1269669999999,0.0252806772,23.98,32.3943375,18.96064254,85.29694839999999,,,,,,
t0-60CC-3,13.953247889999998,8.21089565,103.01757130000001,60.431575,0.7336180425000001,27.681730299999998,68.85000000000001,463.95415886936087,7.25664253,4.041036,0.0064901428,0.016800000000000002,28.401369799999998,83.9507962,610.746213,0.03561449320000001,2.097,38.428939799999995,17.51809776,79.543861,,,,,,
t0-70CC-1,0.2434683492,5.63091604,29.7425992,68.63850500000001,1.3937179368000001,20.88305758,60.49,334.3806193087187,9.0078204,3.7266479999999995,0.0067312328000000005,0.07721,19.671187699999997,68.3493208,646.7642460000001,0.029417920800000004,22.01,28.1984995,19.988066519999997,74.8036411,,,,,,
t0-70CC-2,8.5099764,10.5811041,80.91784189999998,69.12868,1.5122005017000002,36.61741272,72.28,323.25842570966165,6.28079532,3.7132289999999997,0.0083200159,1.723,17.995075,66.32424449999999,640.392825,0.032863765200000006,0.4133,27.2606063,26.54178615,71.1438132,,,,,,
t0-70CC-3,1.553070693,9.071574380000001,66.3090733,68.20435,1.5429644888,30.59402724,66.66,341.6729860804005,6.272569,3.655719,0.0060393045,4.758,20.9359844,72.9986084,641.433057,0.0348896392,11.219999999999999,26.4337794,19.85834127,70.67114169999999,,,,,,
t0-80CC-1,1.474197741,8.89779337,105.0384566,75.26287,0.9070425000000001,21.06197002,49.5,221.88352863979878,6.1286084,3.3144929999999997,0.004903770599999999,2.0370000000000004,21.645504499999998,56.31869,662.497755,0.024232426800000005,4.216,19.5600095,20.37724227,55.0864871,,,,,,
t0-80CC-2,6.60042072,5.54659626,132.56189619999998,74.49259500000001,2.0350941799999998,36.855962639999994,65.29,237.91295551671215,5.10134669,3.3835049999999995,0.0044963285,0.061130000000000004,16.5040545,57.3611849,657.686682,0.0169578664,10.309999999999999,23.5954184,19.72861602,60.4614373,,,,,,
t0-80CC-3,0.23563294410000002,9.27414751,12.3780468,75.15083,1.3358097332999999,38.87369738,57.54,232.0492737340301,7.506517,3.046113,0.00196657113,0.1733,22.6635116,56.2827419,664.0581030000001,0.0274069156,39.57,25.940151399999998,22.97693628,60.8665843,,,,,,
t0-90CC-1,0.4325039835,8.05253899,58.73063166,88.46958500000001,0.3576845552,28.48683628,56.13,85.50142544541285,6.95741014,2.3349059999999997,0.00188363617,0.6411,11.3831703,31.2029508,698.1257009999999,0.0211397164,24.150000000000002,14.9075656,15.07407405,33.802764700000004,,,,,,
t0-90CC-2,1.1607815369999999,10.0978078,95.6048574,87.71331500000001,0.15561670319999998,37.60143114,69.35000000000001,79.8968674988891,11.3523216,2.495934,0.0049592213,0.035800000000000005,19.7020364,31.2988124,688.633584,0.0052115144000000006,6.84,15.635666899999999,11.45214507,28.670902700000003,,,,,,
t0-90CC-3,3.30539937,9.91785705,110.85025769999999,87.97941,0.6978761888,28.814842419999998,73.73,83.21996970534485,3.20003848,2.315736,0.00030473776,3.702,14.8896392,32.712771000000004,700.85631,0.0147981732,20.020000000000003,14.5496853,15.78496842,30.6696279,,,,,,
t0-100CC-1,0.17533664789999998,11.0849662,42.147812959999996,100.69595000000001,0.9395372112,27.46305954,55.309999999999995,2.8895446004925804,7.447904469999999,1.3597280999999999,0.0028906691000000003,0.1829,17.0079166,7.03863798,717.630051,0.00873542,9.174000000000001,6.98236806,2.655216417,9.59523145,,,,,,
t0-100CC-2,0.19541811660000002,8.123491,36.53971966,102.99277000000002,0.2618668437,26.71759104,56.07,3.1920157182178976,5.8612530000000005,1.077354,0.0037079642,0.2555,12.2160852,7.6365747100000005,722.7011819999999,0.014248027600000001,22.02,6.22835129,7.22829093,11.799231129999999,,,,,,
t0-100CC-3,18.27569322,7.2011148700000005,121.6719018,101.88637500000002,0.2868838392,33.30753258,49.29,2.882807486780638,8.08750085,1.0365219,0.00115433892,0.8333,15.054165600000001,9.85457248,729.722748,0.0072634088,0.3049,9.58502169,4.321407528,11.48186598,,,,,,
0-1,,,,,,,,,,,,,,,,,,,,,0.9754783093136776,0.0001416110289814438,0.007602792708148556,7.030245494250457e-05,0.0019058749984445747,0.01480110949580546
0-2,,,,,,,,,,,,,,,,,,,,,0.9761140960523031,0.00015594324339637998,0.007478466907892849,7.243119351282765e-05,0.0018108229756576427,0.014368239627237147
0-3,,,,,,,,,,,,,,,,,,,,,0.9742691011281528,0.00015961927610558594,0.008103390026613871,7.767172072327964e-05,0.001973058852875266,0.01541715899552905
10-1,,,,,,,,,,,,,,,,,,,,,0.9484936542214901,0.00021605801653478977,0.01131277165347375,0.00010808277679402658,0.023404408172205012,0.0164650251595023
10-2,,,,,,,,,,,,,,,,,,,,,0.9510596299486682,0.000228263455828283,0.010585316372447655,9.752515608277944e-05,0.022125517608886824,0.015903747458086093
10-3,,,,,,,,,,,,,,,,,,,,,0.951256557620431,0.0002083007903975979,0.010597509622344526,8.501889497163252e-05,0.022125176731382663,0.015727436340472623
20-1,,,,,,,,,,,,,,,,,,,,,0.9281738518945315,0.0002437196431489985,0.011536543891327205,0.00010311339968979927,0.044156450095491975,0.01578632107581042
20-2,,,,,,,,,,,,,,,,,,,,,0.9315156570037588,0.00024775087245038324,0.010909209301934076,0.0001132910912443672,0.04218829674019666,0.015025794990415864
20-3,,,,,,,,,,,,,,,,,,,,,0.9334820401620941,0.00022849584703106348,0.010564060967966698,9.400597433591499e-05,0.04094152648509409,0.014689870563478032
30-1,,,,,,,,,,,,,,,,,,,,,0.8955257767239051,0.0002854325850650653,0.013340865773226318,0.00012171701710599384,0.07410844469149497,0.016617763209202333
30-2,,,,,,,,,,,,,,,,,,,,,0.912816936452933,0.0002426469438381454,0.010963161611069451,9.8377787425718e-05,0.06151258879637306,0.014366288408360432
30-3,,,,,,,,,,,,,,,,,,,,,0.9159392112135263,0.0002475948329837962,0.010381511615145427,9.658320721190347e-05,0.05968255244511689,0.01365254668601565
40-1,,,,,,,,,,,,,,,,,,,,,0.8633407089621205,0.00030886811419723485,0.011575989465131666,0.00010261377578996187,0.11047939370278222,0.014192425979978333
40-2,,,,,,,,,,,,,,,,,,,,,0.8569068746924329,0.0003098370490369401,0.0123417023597689,0.00011573824466415177,0.11570514103305421,0.014620706621042904
40-3,,,,,,,,,,,,,,,,,,,,,0.8467321433284499,0.000369681010376255,0.013519747441149005,0.00014591218430993444,0.12390203148233424,0.015330484553380415
50-1,,,,,,,,,,,,,,,,,,,,,0.8192016436307763,0.0002918875069986855,0.010833790167776493,0.00010448779002009393,0.15662229559227883,0.012945895312149732
50-2,,,,,,,,,,,,,,,,,,,,,0.7890043298908743,0.00034475283456097136,0.013321466130948008,0.00011608267655566425,0.18223349093956673,0.014979877527494391
50-3,,,,,,,,,,,,,,,,,,,,,0.8043203643537189,0.00033260645775062445,0.012364854708156493,0.00012639464841420213,0.16872825728372903,0.0141275225482309
60-1,,,,,,,,,,,,,,,,,,,,,0.6241563935866877,0.00034613926420776366,0.008681640961214638,0.00011640440991136923,0.3562570368120399,0.010442384965938743
60-2,,,,,,,,,,,,,,,,,,,,,0.6314052480941672,0.00026871795040577326,0.008495261364384527,9.587762093913404e-05,0.3497550208835909,0.009979874086512328
60-3,,,,,,,,,,,,,,,,,,,,,0.5910754597025402,0.0003771274528897559,0.009684465054267503,0.00013786724350989447,0.3876969944073044,0.011028086139488351
70-1,,,,,,,,,,,,,,,,,,,,,0.6001761307470596,0.0002797794886535264,0.007215914038596281,0.0001345205212702684,0.3835760784281154,0.008617576776304939
70-2,,,,,,,,,,,,,,,,,,,,,0.5476611742292402,0.00039534271294635644,0.008958246269629148,0.00017215051532268793,0.43326457568926635,0.009548510583595312
70-3,,,,,,,,,,,,,,,,,,,,,0.5516507344718216,0.0003210209563318701,0.008064080894942975,8.286310308510692e-05,0.43064172095985004,0.00923957961396858
80-1,,,,,,,,,,,,,,,,,,,,,0.3730057741279243,0.00042569116214593173,0.0082604218002768,0.0001358915159403614,0.6079736028449584,0.010198618548754399
80-2,,,,,,,,,,,,,,,,,,,,,0.49336314941277165,0.0003083403342670607,0.0066260546831887115,0.0001055644809248707,0.49124558141536034,0.008351309673487241
80-3,,,,,,,,,,,,,,,,,,,,,0.44048397740328427,0.000293395962504182,0.007680871387672799,0.00012121064719816587,0.5424795467220944,0.008940997877246283
90-1,,,,,,,,,,,,,,,,,,,,,0.1991360120897981,0.0004943388762885185,0.004857786237800548,0.00014286132470143654,0.7885920923936172,0.006776909077794114
90-2,,,,,,,,,,,,,,,,,,,,,0.3641084567971604,0.00036711345145891926,0.003938297824985786,0.00010644251533936959,0.6262983930742221,0.005181296336833412
90-3,,,,,,,,,,,,,,,,,,,,,0.25456892424136385,0.00032211859958875417,0.00460753408059456,7.040751495667064e-06,0.734400184210356,0.006094198116601221
100-1,,,,,,,,,,,,,,,,,,,,,0.10347688246760214,0.00034580047358535686,0.0005691654384362011,0.00011060311131987436,0.8946345820316061,0.0008629664774504303
100-2,,,,,,,,,,,,,,,,,,,,,0.06896839888843465,0.0003796865740200258,0.0005517228675393615,8.96786754037507e-05,0.9291030631201234,0.0009074498744788959
100-3,,,,,,,,,,,,,,,,,,,,,0.11931836123738587,0.0003624079882471902,0.000380734965168593,7.999502685397385e-05,0.8789195747557287,0.0009389260266157803
ISic002713d,,,,,,,,,,,,,,,,,,,,,0.9334426489722703,2.9222257913385936e-05,0.00017998406063315505,1.725688029392073e-05,0.06596913295624392,0.00036175487264528415
ISic002713d,,,,,,,,,,,,,,,,,,,,,0.9469423062375261,2.8797233839871775e-05,0.0002839953141082432,2.7267885186298838e-05,0.05240214682976467,0.00031548649957481237
ISic002713d,,,,,,,,,,,,,,,,,,,,,0.9357662229877401,3.1638779179733034e-05,0.0002044914513095263,8.410635832697168e-05,0.06356043948209492,0.0003531009413488441
ISic002713d,,,,,,,,,,,,,,,,,,,,,0.931615175546058,3.838363119163625e-05,0.00023402870558183583,1.0687578412851076e-07,0.06787152101232297,0.00024078422906136354
0-1,,,,,,,,,,,,,,,,,,,,,0.9754783093136776,0.0001416110289814438,0.007602792708148556,7.030245494250457e-05,0.0019058749984445747,0.01480110949580546
0-2,,,,,,,,,,,,,,,,,,,,,0.9761140960523031,0.00015594324339637998,0.007478466907892849,7.243119351282765e-05,0.0018108229756576427,0.014368239627237147
0-3,,,,,,,,,,,,,,,,,,,,,0.9742691011281528,0.00015961927610558594,0.008103390026613871,7.767172072327964e-05,0.001973058852875266,0.01541715899552905
10-1,,,,,,,,,,,,,,,,,,,,,0.9484936542214901,0.00021605801653478977,0.01131277165347375,0.00010808277679402658,0.023404408172205012,0.0164650251595023
10-2,,,,,,,,,,,,,,,,,,,,,0.9510596299486682,0.000228263455828283,0.010585316372447655,9.752515608277944e-05,0.022125517608886824,0.015903747458086093
10-3,,,,,,,,,,,,,,,,,,,,,0.951256557620431,0.0002083007903975979,0.010597509622344526,8.501889497163252e-05,0.022125176731382663,0.015727436340472623
20-1,,,,,,,,,,,,,,,,,,,,,0.9281738518945315,0.0002437196431489985,0.011536543891327205,0.00010311339968979927,0.044156450095491975,0.01578632107581042
20-2,,,,,,,,,,,,,,,,,,,,,0.9315156570037588,0.00024775087245038324,0.010909209301934076,0.0001132910912443672,0.04218829674019666,0.015025794990415864
20-3,,,,,,,,,,,,,,,,,,,,,0.9334820401620941,0.00022849584703106348,0.010564060967966698,9.400597433591499e-05,0.04094152648509409,0.014689870563478032
30-1,,,,,,,,,,,,,,,,,,,,,0.8955257767239051,0.0002854325850650653,0.013340865773226318,0.00012171701710599384,0.07410844469149497,0.016617763209202333
30-2,,,,,,,,,,,,,,,,,,,,,0.912816936452933,0.0002426469438381454,0.010963161611069451,9.8377787425718e-05,0.06151258879637306,0.014366288408360432
30-3,,,,,,,,,,,,,,,,,,,,,0.9159392112135263,0.0002475948329837962,0.010381511615145427,9.658320721190347e-05,0.05968255244511689,0.01365254668601565
40-1,,,,,,,,,,,,,,,,,,,,,0.8633407089621205,0.00030886811419723485,0.011575989465131666,0.00010261377578996187,0.11047939370278222,0.014192425979978333
40-2,,,,,,,,,,,,,,,,,,,,,0.8569068746924329,0.0003098370490369401,0.0123417023597689,0.00011573824466415177,0.11570514103305421,0.014620706621042904
40-3,,,,,,,,,,,,,,,,,,,,,0.8467321433284499,0.000369681010376255,0.013519747441149005,0.00014591218430993444,0.12390203148233424,0.015330484553380415
50-1,,,,,,,,,,,,,,,,,,,,,0.8192016436307763,0.0002918875069986855,0.010833790167776493,0.00010448779002009393,0.15662229559227883,0.012945895312149732
50-2,,,,,,,,,,,,,,,,,,,,,0.7890043298908743,0.00034475283456097136,0.013321466130948008,0.00011608267655566425,0.18223349093956673,0.014979877527494391
50-3,,,,,,,,,,,,,,,,,,,,,0.8043203643537189,0.00033260645775062445,0.012364854708156493,0.00012639464841420213,0.16872825728372903,0.0141275225482309
60-1,,,,,,,,,,,,,,,,,,,,,0.6241563935866877,0.00034613926420776366,0.008681640961214638,0.00011640440991136923,0.3562570368120399,0.010442384965938743
60-2,,,,,,,,,,,,,,,,,,,,,0.6314052480941672,0.00026871795040577326,0.008495261364384527,9.587762093913404e-05,0.3497550208835909,0.009979874086512328
60-3,,,,,,,,,,,,,,,,,,,,,0.5910754597025402,0.0003771274528897559,0.009684465054267503,0.00013786724350989447,0.3876969944073044,0.011028086139488351
70-1,,,,,,,,,,,,,,,,,,,,,0.6001761307470596,0.0002797794886535264,0.007215914038596281,0.0001345205212702684,0.3835760784281154,0.008617576776304939
70-2,,,,,,,,,,,,,,,,,,,,,0.5476611742292402,0.00039534271294635644,0.008958246269629148,0.00017215051532268793,0.43326457568926635,0.009548510583595312
70-3,,,,,,,,,,,,,,,,,,,,,0.5516507344718216,0.0003210209563318701,0.008064080894942975,8.286310308510692e-05,0.43064172095985004,0.00923957961396858
80-1,,,,,,,,,,,,,,,,,,,,,0.3730057741279243,0.00042569116214593173,0.0082604218002768,0.0001358915159403614,0.6079736028449584,0.010198618548754399
80-2,,,,,,,,,,,,,,,,,,,,,0.49336314941277165,0.0003083403342670607,0.0066260546831887115,0.0001055644809248707,0.49124558141536034,0.008351309673487241
80-3,,,,,,,,,,,,,,,,,,,,,0.44048397740328427,0.000293395962504182,0.007680871387672799,0.00012121064719816587,0.5424795467220944,0.008940997877246283
90-1,,,,,,,,,,,,,,,,,,,,,0.1991360120897981,0.0004943388762885185,0.004857786237800548,0.00014286132470143654,0.7885920923936172,0.006776909077794114
90-2,,,,,,,,,,,,,,,,,,,,,0.3641084567971604,0.00036711345145891926,0.003938297824985786,0.00010644251533936959,0.6262983930742221,0.005181296336833412
90-3,,,,,,,,,,,,,,,,,,,,,0.25456892424136385,0.00032211859958875417,0.00460753408059456,7.040751495667064e-06,0.734400184210356,0.006094198116601221
100-0,,,,,,,,,,,,,,,,,,,,,0.027623571628171105,0.0005098654705675394,0.0005141321934317229,9.622667447849496e-05,0.9700967703271198,0.001159433706231328
100-1,,,,,,,,,,,,,,,,,,,,,0.10347688246760214,0.00034580047358535686,0.0005691654384362011,0.00011060311131987436,0.8946345820316061,0.0008629664774504303
100-2,,,,,,,,,,,,,,,,,,,,,0.06896839888843465,0.0003796865740200258,0.0005517228675393615,8.96786754037507e-05,0.9291030631201234,0.0009074498744788959
100-3,,,,,,,,,,,,,,,,,,,,,0.11931836123738587,0.0003624079882471902,0.000380734965168593,7.999502685397385e-05,0.8789195747557287,0.0009389260266157803
ISic000584,,,,,,,,,,,,,,,,,,,,,0.012384319494770629,0.0007767620460940828,0.005490000465032053,0.001189754274577522,0.9761668458623992,0.003992317857126462
ISic000584,,,,,,,,,,,,,,,,,,,,,0.0019945888041278947,0.0011598487057185407,0.009516594715010148,0.0019961103388658787,0.9795815533112711,0.005751304125006608
ISic000584,,,,,,,,,,,,,,,,,,,,,0.06439254135151509,0.0011134659527628592,0.008840405571449784,0.0014201372671322993,0.9188896729715552,0.005343776885584676
ISic000612,,,,,,,,,,,,,,,,,,,,,0.47415749562912357,0.0020435799050559367,0.03183223180905521,0.0018703344546689808,0.4831094757769524,0.006986882425143993
ISic000612,,,,,,,,,,,,,,,,,,,,,0.4380456861157066,0.0019670075306006873,0.033775756236043335,0.00215776190741819,0.5193250059254528,0.004728782284778352
ISic000768,,,,,,,,,,,,,,,,,,,,,0.3325403696187102,0.0009786384803348689,0.010067158703593355,0.00032021011572749163,0.6512928971485177,0.004800725933116495
ISic000768,,,,,,,,,,,,,,,,,,,,,0.06471565773361647,0.00025324373580399526,0.0009453056459278,0.00016303984225321072,0.9324862283812516,0.001436524661146946
ISic000768,,,,,,,,,,,,,,,,,,,,,0.002069806656551504,0.0005287909640347327,0.0018423873323262976,0.00017967590071232175,0.9941559037874166,0.001223435358958588
ISic000769,,,,,,,,,,,,,,,,,,,,,0.05499910403533204,0.0004635535155473767,0.0007610584911437883,0.0004314428506715401,0.9423036028050522,0.0010412383022530573
ISic000769,,,,,,,,,,,,,,,,,,,,,0.04921593812232847,0.000640814119454838,0.0008691702076451511,0.0002889461016557357,0.9480111968770873,0.0009739345718284714
ISic000769,,,,,,,,,,,,,,,,,,,,,0.23253403926009064,0.00036059490402512364,0.0006986513298992007,0.00035848604901506277,0.7653740683875931,0.0006741600693768432
ISic000800,,,,,,,,,,,,,,,,,,,,,0.39401451020697303,0.0027422369218799013,0.037791868558230524,0.0026357227104797645,0.5539225500501418,0.008893111552294938
ISic000800,,,,,,,,,,,,,,,,,,,,,0.3486901932257475,0.0022841875383597015,0.03981383836868008,0.003964178920288213,0.5977805015128664,0.007467100434057939
ISic000800,,,,,,,,,,,,,,,,,,,,,0.2878522352033914,0.0019529542755474332,0.03468446333817909,0.0034371702472898893,0.6657130353240773,0.006360141611514762
ISic000801,,,,,,,,,,,,,,,,,,,,,0.0015028762512732923,0.0005934673890970413,0.001080970955651713,0.0002479891818267548,0.9951955002472513,0.001379195974899765
ISic000801,,,,,,,,,,,,,,,,,,,,,0.029010674234958216,0.0004295672906070715,0.0012578839620484522,0.00031612749338120485,0.9681733370063306,0.0008124100126744909
ISic000801,,,,,,,,,,,,,,,,,,,,,0.023561508465120833,0.0003736037847608876,0.0008553588961026547,0.00011235539012626055,0.9737270135583215,0.001370159905567963
ISic000802,,,,,,,,,,,,,,,,,,,,,0.0004542506832407719,0.0004002213086230803,0.0022929837425848297,0.00026791893890936244,0.9946273414761009,0.0019572838505410375
ISic000802,,,,,,,,,,,,,,,,,,,,,0.0015834048451258565,0.0003689251248055736,0.0037607626300611603,0.0003257495468802547,0.9922518521251296,0.001709305727997453
ISic000802,,,,,,,,,,,,,,,,,,,,,0.001497972456681613,0.000568961957820145,0.0019635702658316735,0.00013694572138970597,0.9935075866952066,0.0023249629030704143
ISic000803,,,,,,,,,,,,,,,,,,,,,0.6293043637913501,0.003299001300051624,0.05583399715769084,0.0007940356505899456,0.29861980431296353,0.012148797787353987
ISic000803,,,,,,,,,,,,,,,,,,,,,0.5285370997875364,0.0022685333974293486,0.044210750156013556,0.0009019042660238391,0.41443366929602243,0.009648043096974484
ISic000803,,,,,,,,,,,,,,,,,,,,,0.5826387299314308,0.0029784713071497626,0.049361015957076745,0.0007524724052835538,0.3534385223024925,0.010830788096566566
ISic000804,,,,,,,,,,,,,,,,,,,,,0.1764232837957778,0.0005087777397574161,0.005230529721476035,0.0008756191422759139,0.8153093473677857,0.0016524422329270265
ISic000804,,,,,,,,,,,,,,,,,,,,,0.14085771411975676,0.00031232580857010097,0.0008581771167192689,6.947631940683832e-05,0.8571388018625371,0.0007635047730097945
ISic000804,,,,,,,,,,,,,,,,,,,,,0.08507999064797064,0.0005962296444481699,0.0032895861361020413,2.2310968666564483e-05,0.9092346972620267,0.0017771853407857463
ISic000804,,,,,,,,,,,,,,,,,,,,,0.0014481055692621761,0.0007153390181269422,0.005208935211145055,0.00020268565633056428,0.9897510210463881,0.002673913498747283
ISic000804,,,,,,,,,,,,,,,,,,,,,0.0007077848501339668,0.0007610716790732344,0.004017895821462839,0.0009468203204463855,0.9923482137438273,0.0012182135850561397
ISic000805,,,,,,,,,,,,,,,,,,,,,0.01661144994883205,0.00043429596439682777,0.00235193241323173,0.00021366876357309107,0.9791396733446985,0.001248979565267935
ISic000805,,,,,,,,,,,,,,,,,,,,,0.12229590779360085,0.00024673516697827223,0.0016178973441796178,0.0002333193284603468,0.8742913933654196,0.0013147470013612779
ISic000805,,,,,,,,,,,,,,,,,,,,,0.00038439605320609953,0.00035949811690877534,0.002091551838293347,0.0003582357101294933,0.9957441879889537,0.0010621302925086344
ISic001176,,,,,,,,,,,,,,,,,,,,,0.3422439893292774,0.002262107566207407,0.026266167709109594,0.0023613437874106143,0.6195301413987483,0.007336250209246558
ISic001176,,,,,,,,,,,,,,,,,,,,,0.03120014021612053,0.0021201195925839903,0.03439175558121809,0.0038789305232328746,0.9218601733729842,0.006548880713860264
ISic001176,,,,,,,,,,,,,,,,,,,,,0.2610835248904597,0.0022053611720367658,0.03084667928533733,0.003151275222269178,0.6941197419583104,0.00859341747158665
ISic001177,,,,,,,,,,,,,,,,,,,,,0.043183187787848035,0.000496177575756904,0.001970643929227995,0.00022556594693775615,0.9518683366416106,0.002256088118618737
ISic001177,,,,,,,,,,,,,,,,,,,,,0.0010811279348456153,0.00041257029022109283,0.0022449468898934725,0.00011577635814980705,0.9935451530706676,0.002600425456222347
ISic001177,,,,,,,,,,,,,,,,,,,,,0.043684613425874846,0.0005598662644198118,0.0011930034733610535,0.000255940109988474,0.9525072267105589,0.0017993500157970131
ISic003330,,,,,,,,,,,,,,,,,,,,,0.18489611636241696,0.0029773516299969856,0.054743958138212145,0.000923001393698438,0.7444580174140526,0.012001555061622843
ISic003330,,,,,,,,,,,,,,,,,,,,,0.21771611618443432,0.002118775480550894,0.035566838375885104,0.0006542230062033335,0.73616587128999,0.007778175662936333
ISic003330,,,,,,,,,,,,,,,,,,,,,0.32817149285108166,0.002669196303954645,0.045828778440015504,0.0009887014330893953,0.6118788038616318,0.010463027110226933
ISic003337,,,,,,,,,,,,,,,,,,,,,0.07496496123441025,0.0010737718464987212,0.005726161016324652,0.00018883548033018287,0.9142503246039142,0.003795945818521842
ISic003337,,,,,,,,,,,,,,,,,,,,,0.03499260060804449,0.0015726806856457738,0.013079649413074247,0.0002827888364034082,0.9440502285518946,0.006022051904937369
ISic003337,,,,,,,,,,,,,,,,,,,,,0.12452087974378649,0.0016191510647695917,0.01765881743631753,0.00033438427257002614,0.8495021957695974,0.006364571712958866
ISic003477,,,,,,,,,,,,,,,,,,,,,0.3748232207216758,0.0015316322657684882,0.0229452497750088,0.0005249098002898616,0.5963198850130262,0.0038551024242306072
ISic003477,,,,,,,,,,,,,,,,,,,,,0.04603890306682044,0.0013454106813848249,0.024135401646352386,0.0005587501791195364,0.9251421284281233,0.0027794059981993643
ISic003477,,,,,,,,,,,,,,,,,,,,,0.3259780089036962,0.0013272868988597885,0.022905085515552228,0.00041298945019620567,0.645409201075208,0.003967428156487546
ISic003572,,,,,,,,,,,,,,,,,,,,,0.00013527064614354608,0.0006743560565827142,0.000964061861186081,0.0002820419229207245,0.9969083184924504,0.0010359510207164733
ISic003572,,,,,,,,,,,,,,,,,,,,,0.005790263901742168,0.0003800183851107445,0.0010262674892778224,7.568409544551182e-05,0.9915295738137136,0.0011981923147100424
ISic003572,,,,,,,,,,,,,,,,,,,,,0.05964242682765543,0.00025806858440548133,0.0010962253737241037,0.000262484055644004,0.9376328629188231,0.0011079322397478078
ISic003573,,,,,,,,,,,,,,,,,,,,,0.43015352571710264,0.0021240064126949332,0.025842808540920737,0.00041553787287912966,0.5347062014118779,0.006757920044524678
ISic003573,,,,,,,,,,,,,,,,,,,,,0.4392731715065073,0.0019288672142721848,0.018369525893211346,0.0004027269612574936,0.5345653541671234,0.005460354257628223
ISic003574,,,,,,,,,,,,,,,,,,,,,0.015745355496773833,0.0007940310904467442,0.003830275041546176,0.0010232752248094002,0.9776207126819652,0.0009863504644587408
ISic003574,,,,,,,,,,,,,,,,,,,,,0.010269965711626184,0.0005407253739543689,0.0037296715590093934,0.0011939136330864236,0.9829731064943283,0.0012926172279952078
ISic003574,,,,,,,,,,,,,,,,,,,,,0.027017212557857558,0.00023543551546223245,0.0026864284644392035,0.0011235681325105816,0.967911521568625,0.0010258337611054851
ISic003575,,,,,,,,,,,,,,,,,,,,,0.035551937539180796,0.00026072411723583903,0.0040296576207537495,0.0002993563908806685,0.9586830753017623,0.00117524903018667
ISic003575,,,,,,,,,,,,,,,,,,,,,0.001214694755433373,0.0006353357170520058,0.008918118920203185,0.0006515789323732138,0.9864268337725599,0.0021534379023782305
ISic003575,,,,,,,,,,,,,,,,,,,,,0.01907963768285053,0.0005980760151390651,0.004139952602411769,0.0006968423620936544,0.9739263263323514,0.0015591650051535874
ISic003576,,,,,,,,,,,,,,,,,,,,,0.2866443530516936,0.0029337954431275038,0.04884018221101662,0.0018534535989549407,0.6485773136176546,0.011150902077552725
ISic003576,,,,,,,,,,,,,,,,,,,,,0.29798530368985743,0.0012552146089726281,0.015794840639726027,0.0005129860338328457,0.6796900572715696,0.004761597756041428
ISic003577,,,,,,,,,,,,,,,,,,,,,0.006776169655204298,0.008241272409765422,0.0028953900530870437,0.0006562544415046437,0.9810153937646144,0.00041551967582419044
ISic003577,,,,,,,,,,,,,,,,,,,,,0.3088730817409016,0.0013442683830256381,0.009609194509697763,0.0002644074127387555,0.6761390908158023,0.003769957137833977
ISic003577,,,,,,,,,,,,,,,,,,,,,0.0021423215672362224,0.0009638167931914384,0.009464718674071783,0.00018321370179787572,0.9826819602814927,0.004563968982210103
ISic003579,,,,,,,,,,,,,,,,,,,,,0.024014363286978892,0.0010264085371980921,0.00860432279345484,0.00036481592178847985,0.9611675861340928,0.0048225033264868225
ISic003579,,,,,,,,,,,,,,,,,,,,,0.012543872720212824,0.0007659341910198348,0.004687789169144058,0.00028966824454224266,0.9791069642904416,0.0026057713846394976
ISic003579,,,,,,,,,,,,,,,,,,,,,0.02639043246210106,0.0008466353696875097,0.006593967966031395,0.00017247894515447898,0.9614515605228627,0.0045449247341626435
ISic003580,,,,,,,,,,,,,,,,,,,,,0.5472391544842199,0.0041157029366216515,0.008817504965713803,0.00028526411173330845,0.4368601629707886,0.002682210530922561
ISic003580,,,,,,,,,,,,,,,,,,,,,0.44248790189297865,0.004938636170516915,0.012463891020887536,0.0005259676221259684,0.5356154868051933,0.003968116488297572
ISic003580,,,,,,,,,,,,,,,,,,,,,0.3719597005673783,0.0016838948253960018,0.021599667030551398,0.0010208829847669413,0.5976529780594692,0.006082876532438334
ISic003580,,,,,,,,,,,,,,,,,,,,,0.5750474783269954,0.001417602322424924,0.012949079449107746,0.00031810406588931184,0.4048230591153411,0.005444676720241543
ISic003581,,,,,,,,,,,,,,,,,,,,,0.4981805910019429,0.0008392529695888044,0.008405179229931142,0.00033895064496545797,0.4885891342953901,0.003646891858181446
ISic003581,,,,,,,,,,,,,,,,,,,,,0.5544835298150921,0.0011825071273041288,0.010318106667026546,0.00043757195803913846,0.42926545680699546,0.004312827625542727
ISic003581,,,,,,,,,,,,,,,,,,,,,0.10825928934052402,0.0005971943191034507,0.0033217815230369998,0.000540897607492467,0.8857049172591508,0.0015759199506923118
ISic003582,,,,,,,,,,,,,,,,,,,,,0.4589295630398284,0.0010899925567605555,0.009633692500083713,0.00022601976078073322,0.5261554690553012,0.003965263087245475
ISic003582,,,,,,,,,,,,,,,,,,,,,0.44249731678030196,0.0011963324900442743,0.00972659356014221,0.00035632366950054146,0.542098665247391,0.004124768252620049
ISic003584,,,,,,,,,,,,,,,,,,,,,0.1007610512896122,0.0013150070066215715,0.008204987288625943,0.0002570024166227891,0.8863033694695843,0.0031585825289332354
ISic003584,,,,,,,,,,,,,,,,,,,,,0.4354876743337216,0.0017737187245962039,0.010476611448570915,0.00022794383084259116,0.5476770724160455,0.004356979246223344
ISic003584,,,,,,,,,,,,,,,,,,,,,0.09323311680900681,0.0013742400533289514,0.005981773438545247,0.0007446628388954339,0.8959112582907467,0.0027549485694767567
ISic003584,,,,,,,,,,,,,,,,,,,,,0.11994369681710565,0.0009911516810062555,0.004773086766584847,0.00037498007122904216,0.8718847433345475,0.002032341329526754
ISic003585,,,,,,,,,,,,,,,,,,,,,0.2248982697493339,0.0011246884989525637,0.006155971213740627,0.0005533754819047362,0.7645040436987126,0.0027636513573555625
ISic003585,,,,,,,,,,,,,,,,,,,,,0.20893393999761345,0.0012839115876254006,0.010247257321746908,0.00040526135146146634,0.7741993282539397,0.004930301487612948
ISic003586,,,,,,,,,,,,,,,,,,,,,0.13258209068189353,0.0009898730586432212,0.004950449014750009,0.000425948238100309,0.8586060003910079,0.002445638615604982
ISic003586,,,,,,,,,,,,,,,,,,,,,0.314199257159558,0.001092609121922252,0.0065046302118624555,0.0002019739451511559,0.6751169071442386,0.002884622417267625
ISic003586,,,,,,,,,,,,,,,,,,,,,0.2200230287869433,0.0017008031122873121,0.006272038154540802,0.0003183611981207927,0.7688671509705403,0.0028186177775675766
ISic003586,,,,,,,,,,,,,,,,,,,,,0.07849645860299931,0.0018622174456864613,0.014489145835049346,0.0004679728670154298,0.8985013448240791,0.006182860425170221
ISic003588,,,,,,,,,,,,,,,,,,,,,0.28828142399690176,0.0014027659188125931,0.013429344173261366,0.00023266560655481707,0.6924554328466396,0.004198367457829852
ISic003589,,,,,,,,,,,,,,,,,,,,,0.08382050530531404,0.0008985786736538767,0.005230263069669786,0.0007352565663438132,0.9075970954638122,0.0017183009212062659
ISic003589,,,,,,,,,,,,,,,,,,,,,0.17169461114306211,0.0006975260472555907,0.003934520782215764,0.0005792131105091261,0.8217730254559712,0.0013211034609860372
ISic003590,,,,,,,,,,,,,,,,,,,,,0.35963919333997935,0.001556973929124596,0.012085733583705646,0.0004340164346212939,0.6217294821314211,0.004554600581147957
ISic003590,,,,,,,,,,,,,,,,,,,,,0.5118972281907955,0.0013954413547077058,0.011863121756687014,0.00025302061189338873,0.4693018012359721,0.005289386849944368
ISic003590,,,,,,,,,,,,,,,,,,,,,0.5385695459365706,0.0015776683855866242,0.014135459473545933,0.0002611583860944426,0.4399654774661781,0.005490690352024649
ISic003591,,,,,,,,,,,,,,,,,,,,,0.030303516028193665,0.00046574828447450373,0.0009712159199486179,0.00022534553415875095,0.9667432775032969,0.0012908967299274474
ISic003591,,,,,,,,,,,,,,,,,,,,,0.09104969491185165,0.0003765234789894473,0.001226716957331589,0.00018807918345169452,0.9061199742358796,0.0010390112324959399
ISic003591,,,,,,,,,,,,,,,,,,,,,0.0016357294908481072,0.0005681308424229824,0.0008764815607139893,4.309801225420941e-05,0.9954144919135013,0.0014620681802593786
ISic003658,,,,,,,,,,,,,,,,,,,,,0.5502006516885617,0.002455953819283124,0.03208191624535508,0.00045529127193266814,0.40671853558344695,0.008087651391420541
ISic003658,,,,,,,,,,,,,,,,,,,,,0.043952247215301006,0.001374420688463135,0.013266446002799488,0.00013317831848767852,0.9369970219927136,0.004276685782235215
ISic003658,,,,,,,,,,,,,,,,,,,,,0.001169702489601623,0.0014008025961549854,0.012931783336915999,0.00022803060748189486,0.980180242686302,0.004089438283543528
ISic000003,8.71234779,6.23863543,30.2150107,92.250935,0.11424843334800001,22.23484046,60.32,45.562515449759374,8.34354506,1.1628522,0.0027556587,7.805999999999999,27.5067575,6.05485831,70.0596252,0.035324551600000004,15.87,8.92109203,19.86353028,7.407437649999999,,,,,,
ISic000003,1.3356511739999999,7.324509669999999,647.9281067,89.561975,0.015100989050069999,23.36795258,64.96000000000001,42.89026957399426,8.75383277,1.1053422,0.0046192844,2.623,39.1881319,7.18243038,73.8824778,0.130733924,28.85,9.83924011,25.6337094,14.612301800000001,,,,,,
ISic000003,12.27719766,8.457685249999999,141.4756693,92.48902000000001,0.7766982888,25.574539339999998,70.62,38.95198417332008,6.74352582,1.1243205,0.0029437089,3.625,24.9154667,9.36208351,73.03728930000001,0.058025492000000005,6.519,9.281440470000001,22.61889459,11.3981356,,,,,,
ISic000004,31.48691268,6.69108303,10.346568679999999,89.01578000000002,0.3307145877,16.201515399999998,106.7,34.855146295777644,6.52141518,1.1523086999999999,0.0034885723,0.020730000000000002,56.6896277,5.3203188,881.076504,0.0520408,32.25,8.85938853,52.8760119,0.0848918014,,,,,,
ISic000004,0.08676024719999999,9.20936524,28.15776868,91.17255000000002,0.5846746752,44.3305268,192.7,19.02857299617367,7.9353139299999995,1.1408067,0.0027098516000000003,4.174,26.2111121,6.118366620000001,224.690112,0.019812676,33.23,11.0696079,45.14957601,11.669584089999999,,,,,,
ISic000004,0.16360948530000002,11.4962822,72.5063794,92.68509000000002,0.8539661592000001,10.76456514,59.72,7.101747658098318,9.02221646,1.0334546999999998,0.0024277763,0.2068,21.0696621,7.970892039999999,380.07476699999995,0.018221714400000002,13.010000000000002,8.929730520000001,16.61521002,5.453278620000001,,,,,,
ISic000004,0.683392617,11.0541175,35.3449101,94.95390000000002,0.9872695413,22.67218198,70.41999999999999,14.507463242173063,16.2675478,1.0487907,0.0057524073999999994,2.413,37.0698545,6.04766869,558.604584,0.039179288,14.99,8.986497739999999,26.40687189,0.032479284500000004,,,,,,
ISic000004,14.79905652,8.62940968,108.0442297,97.040645,1.1075501913,36.94541886,65.08,15.283582038011152,7.51885648,1.236465,0.0037031423999999997,0.02732,38.04673,5.6450499700000005,658.9869719999999,0.0212214948,6.882000000000001,11.542256709999998,20.44988841,4.70510716,,,,,,
ISic000004,3.641647218,6.08130706,41.634909760000006,99.05736500000002,0.1971189528,28.69556746,54.73,14.703277878989935,6.35071904,1.1015082,0.0028472729,2.524,44.0313778,8.139848109999999,304.00780199999997,0.017638114000000003,13.91,9.86392151,21.18672783,10.61890287,,,,,,
ISic000006,0.3437200224,9.04998029,80.6472231,75.949115,0.3482787273,32.552124500000005,71.56,40.137792665027234,4.44015622,1.1507751,0.007449681,8.134,45.6457931,4.47553845,143.0319,0.0215114364,0.2539,7.979496619999999,28.07773311,14.0856107,,,,,,
ISic000006,18.10445589,8.44843064,183.282343,87.89538000000002,0.4314146837000001,15.903328,75.88,32.14632899703255,7.06846546,1.1285379,0.0063864741,4.978,49.4813148,8.70543155,163.83654,0.039327976,1.073,10.385933119999999,31.52842476,12.14630706,,,,,,
ISic000006,3.713255556,8.85152032,52.97491246,75.45894,0.7448120232,27.44318038,61.15,34.64833525514538,6.73118634,1.0104506999999998,0.005279871,2.4339999999999997,25.820361899999998,6.88046634,124.8538458,0.021548608400000002,0.9633999999999999,7.013219810000001,13.13338431,8.84300852,,,,,,
ISic000043,4.787380626,6.9460989500000005,106.4351106,41.79092,0.8300218325000001,27.95009896,69.33,678.5195568502821,8.53172213,0.9878300999999998,0.0158613111,6.404999999999999,32.185477,12.5099388,264.08889899999997,0.09999268,17.520000000000003,13.0070978,145.18849980000002,21.9724723,,,,,,
ISic000043,14.524038990000001,7.7008638099999995,45.6070615,64.31096000000001,0.5081082825000001,22.3143571,46.94,68.27548726705557,7.4551025,1.0018242,0.013836155099999999,5.709,13.7379544,5.76727351,254.076666,0.042115876000000003,4.024,8.819898290000001,25.28604573,12.99036331,,,,,,
ISic000043,0.3172041813,8.22940487,3.9616186208,77.01349500000002,0.1551595353,48.46539208,77.92999999999999,178.6237810566178,6.89159958,1.2751884,0.011644647000000001,3.663,50.828374700000005,8.02241765,337.555284,0.08222446400000001,18.93,10.441466270000001,68.7024924,10.4662975,,,,,,
ISic000043,30.77601831,12.2880655,89.286233,48.079165,1.2850614356999999,26.41940364,64.96000000000001,905.6010615193228,16.1955675,1.4189633999999998,0.0171101573,0.08601,37.7588088,15.457683,336.385023,0.087837436,0.0462,11.93469097,754.482054,40.7577882,,,,,,
ISic000043,4.70643207,5.80675363,97.46887530000001,44.10174500000001,1.0384929653000001,22.32429668,72.07000000000001,1081.589492790193,15.979626600000001,1.6587800999999998,0.0170426521,7.175,53.9338105,17.6385344,294.905772,0.117798068,26.0,10.61176793,64.7588448,41.514062599999995,,,,,,
ISic000043,0.4028228463,9.25152513,63.0316684,71.73361,0.5482986453,38.44629544,63.96,211.66269167610125,5.69981147,1.3384494,0.017835838200000002,9.731,51.393934200000004,6.55693344,343.146531,0.072150852,12.72,12.710920999999999,327.2708607,14.85539,,,,,,
ISic000046,10.94362209,6.93890092,47.60173066000001,92.40499000000001,0.28473368,38.30714132,74.28999999999999,15.659131737476105,8.51629778,1.1070674999999999,0.0026857426,3.443,38.272953799999996,8.10390001,125.4909879,0.031848969600000006,8.184,6.1950314,15.14672019,9.51150107,,,,,,
ISic000046,24.88130295,5.172298700000001,87.4414931,92.222925,0.1926891477,34.0430615,92.78,26.050479299621383,7.44173473,1.0700694,0.0041925551,5.135999999999999,66.2835734,5.14297484,132.889638,0.04962462,24.110000000000003,8.28678005,33.72337599,12.38939526,,,,,,
ISic000046,22.94580222,12.2572168,40.67425126,89.646005,0.6620495000000001,22.68212156,66.39,27.76252893466679,7.49212094,1.1385063,0.0039249452,7.7940000000000005,75.1885648,7.603023149999999,129.85996229999998,0.027637382000000005,12.979999999999999,9.01241321,27.501753,7.9624890399999995,,,,,,
ISic000046,6.35653725,5.4077771100000005,50.302648000000005,95.332035,0.058357777666999996,27.96003854,69.94,21.831924063568174,8.3702806,1.0046997,0.0037947565999999996,6.417,23.3627488,8.54725991,136.660479,0.024801158400000002,29.77,7.21067101,21.020679509999997,11.789777699999998,,,,,,
ISic000046,2.725786953,11.434584800000001,40.111293260000004,96.18634,0.7920303125,36.55777524,48.42,22.013150932581723,8.09367059,1.0363302,0.0038887817,0.034499999999999996,33.4708395,8.978637110000001,137.440653,0.018916830800000003,17.71,8.06464745,28.25415945,10.11246912,,,,,,
ISic000046,13.66785234,5.6761608,92.5765706,95.780195,0.1632380232,46.4675365,63.29,24.672691481240495,3.33063131,1.0765872,0.005352198000000001,0.10579999999999999,81.75933789999999,9.20031706,145.112364,0.03791544,2.2510000000000003,5.75940469,33.68705292,10.73099354,,,,,,
ISic000470,0.555742971,7.89212575,189.85813520000002,64.95519,0.2910313497,19.074054020000002,73.36999999999999,222.97235164668072,6.404190119999999,1.1818305,0.0069506247000000005,6.784,53.3579681,9.635289069999999,99.082098,0.106088888,0.1988,9.09139369,36.323069999999994,15.4631105,,,,,,
ISic000470,3.044911068,8.17387721,47.86035906,55.221715,0.30686270720000003,21.270701199999998,62.01,17.469684489058924,6.9203917,0.7127406,0.0056053425,6.617,54.725593800000006,6.16390088,76.9641651,0.0221284916,1.333,8.72117269,14.062217100000002,4.62002629,,,,,,
ISic000470,51.40752207,7.60523284,165.0912533,84.856295,0.21699116879999997,15.39640942,58.15,22.844903190803585,7.6916092,0.9590750999999998,0.0065311281,1.401,186.840293,4.9212948899999995,111.3958443,0.04743147200000001,5.8919999999999995,10.18724785,29.1622362,10.30693968,,,,,,
ISic000470,730.093707,0.00400313297,62.39775256,83.30174000000001,0.3726520917,22.25471962,67.06,442.57321724960985,0.000233627488,1.1847059999999998,0.0088576466,0.4541,2744.50601,1.88487871,108.8472759,0.0366850468,10.69,0.183382802,38.3467839,4.999513980000001,,,,,,
ISic000794,3.9830840760000004,10.519406700000001,122.52659820000001,100.19177000000002,0.5598433113,18.21925014,43.900000000000006,25.08268248446312,12.884473700000001,1.1927573999999999,0.007690771000000001,0.2844,29.5736204,8.440613879999999,143.94210299999997,0.016883522400000003,2.17,5.84208738,21.892433190000002,11.4926699,,,,,,
ISic000794,2.9566978980000003,9.06746122,93.40131500000001,99.23943000000001,0.008578012713269998,49.38977302,63.42999999999999,19.1489410246755,9.46849432,1.0581839999999998,0.0072013583,6.246,20.7200435,7.2399473400000005,140.30129100000002,0.0021976086400000002,18.130000000000003,10.478488369999999,20.53291257,14.7608557,,,,,,
ISic000794,43.67589717,6.99442858,118.9710632,100.2758,0.10348957189199999,35.84212548,61.25,15.325213275092993,6.3815677399999995,1.2454749,0.0069144612,12.09,40.8848104,7.792349810000001,140.43132,0.080254348,6.686,9.03832868,21.44098932,10.96732929,,,,,,
ISic001040,44.516516790000004,3.9208697700000004,2.5629940952,77.293595,0.024080012852000003,20.3264411,64.13,28.186269298913277,5.69158515,1.0255949999999998,0.0090529295,5.711,134.603161,8.184184100000001,128.22159689999998,0.037506548,22.73,6.276480019999999,16.38170457,8.16101107,,,,,,
ISic001040,16.30905843,3.97331256,4.4001050733,35.47466500000001,0.1285132128,28.476896699999998,54.1,21.979141454545214,3.4684221699999997,0.6157404,0.0049977957,0.47709999999999997,64.6074607,5.15615581,77.3542521,0.038733224000000004,0.05829,6.77627837,16.5529419,2.04329137,,,,,,
ISic001040,63.0464715,8.68699392,131.1930659,78.16190500000002,0.4913120793,26.5883765,74.91,39.045880621688625,4.6067392,1.809648,0.0075316516,1.426,128.124934,5.9673846,160.71584399999998,0.012642197200000002,6.117,4.34269233,26.29271367,13.774998,,,,,,
ISic001087,45.569885819999996,4.170744239999999,36.09459596,58.400850000000005,1.4640965527999998,33.13855972,187.70000000000002,1060.5504036470832,16.0618898,1.1170358999999999,0.0154924434,6.425000000000001,27.568454900000003,6.94277638,305.828208,0.11140448400000001,1.159,16.536538,46.03689672,25.065094400000003,,,,,,
ISic001087,45.75669018,7.6854394600000004,48.1643701,49.91382,1.0998286425000001,50.66203926,64.57,1828.3773321162275,9.56926674,0.8331282,0.0218548085,9.266,29.1725873,8.12067579,298.026468,0.07096134800000001,15.53,13.0194385,26.17336644,22.4991634,,,,,,
ISic001087,33.81677817,8.11732126,46.000377300000004,42.281095,0.072270941603,22.552907020000003,248.60000000000002,583.8315422245734,7.5579315,0.8471223,0.0146124649,0.2233,14.9821853,8.808482770000001,277.48188600000003,0.06263482000000001,2.334,12.5751733,48.045043590000006,17.1377181,,,,,,
ISic001091,56.560209,7.86127705,119.1839723,40.824575,2.19266222,38.53575166,71.92,1638.3110162522262,12.6171183,0.9655928999999999,0.0164158181,9.386,23.0645447,15.541561900000001,333.524385,0.13842852800000002,9.032,13.0070978,27.138522299999998,56.5180065,,,,,,
ISic001091,0.5977739519999999,9.02632962,31.40067218,39.99828000000001,1.8135282199999998,29.26212352,61.22,1352.2787712133525,8.4936754,0.9406718999999999,0.015514141500000002,5.405,34.314037299999995,17.7463787,338.205429,0.146494852,14.83,13.636473500000001,20.83387515,54.5733009,,,,,,
ISic001091,39.955377,7.38517878,16.91131906,42.295100000000005,2.05873668,37.1243313,63.99,1456.110917846624,9.80680173,1.0093005,0.0131225287,1.336,23.9694399,15.8650948,352.248561,0.14523100400000002,25.02,13.3526374,31.12368198,44.323081800000004,,,,,,
ISic001110,34.460215409999996,4.95944267,1.0490425225,49.591705000000005,2.23011348,30.93197296,68.38000000000001,6806.914597047941,7.21345435,1.8481797,0.035777756,8.221,36.7202359,23.8815211,136.400421,0.34882204800000005,65.11,14.7594772,38.16516855,26.3210501,,,,,,
ISic001110,12.32908776,6.0442886200000006,93.5388564,53.709175,0.01132103070063,59.55796336,70.98,2761.503069443147,7.83762638,1.5765408,0.031100609999999997,5.195,31.1983186,17.6984479,134.970102,0.174002132,0.1216,10.244015070000001,24.68930958,20.2708549,,,,,,
ISic001110,0.001448771592,4.84427419,31.160846199999998,8.662092500000002,0.2287727925,14.94912832,41.58,97.39652861549499,4.32601603,0.19156581,0.0057475856,6.2219999999999995,16.668580900000002,3.7673608799999996,34.5747111,0.0238607068,10.129999999999999,5.40646067,4.446981569999999,6.72408971,,,,,,
ISic001120,2.258257152,4.79902943,26.05684968,81.63514500000001,0.003804510528,22.93061106,74.04,39.112994931925456,8.16667918,1.1197196999999999,0.0068807086,0.1793,41.6560279,5.92065207,111.4738617,0.0213701828,16.72,7.45254873,29.70189324,9.52500597,,,,,,
ISic001120,0.49954599269999994,7.049956239999999,626.7099667000001,37.435365,0.5971818272,13.89553284,73.42,23.051229424678592,9.493173279999999,0.6027047999999999,0.0026206483,2.66,24.8126377,8.33157131,70.1636484,0.017180898400000002,11.81,5.67178572,16.64634408,6.1447295,,,,,,
ISic001120,75.9152163,11.1569465,129.8982773,74.17048,0.1954385433,16.549400700000003,297.3,125.21326242295007,9.45615484,1.1168441999999998,0.0115361565,9.01,130.078685,6.759441069999999,131.849406,0.038584536,15.19,8.32380215,67.8722508,10.29748625,,,,,,
ISic001122,25.976184059999998,8.84535058,44.69877616,85.024355,0.5249208153,26.40946406,96.63,824.2361520932284,8.67671102,1.8746342999999999,0.0210568006,2.628,136.042767,13.4086413,668.4790889999999,0.09980682000000002,10.45,12.8713501,51.55281435,14.6663214,,,,,,
ISic001122,10.83465288,6.894684450000001,159.7241789,59.05908500000001,1.1499150992,35.50417976,74.19000000000001,605.1952837130895,8.026831739999999,1.5705981,0.0193788142,0.6944,37.697111400000004,11.862872999999999,565.6261499999999,0.082038604,3.9299999999999997,11.59655579,54.7440555,14.2341646,,,,,,
ISic001122,0.4110733722,9.302939630000001,42.52632510000001,67.47609,0.9310893557,52.769230220000004,82.64,541.4036277607814,9.69163325,1.612197,0.016360367400000003,11.08,25.861493499999998,10.43094035,631.0307369999999,0.06988336,9.353,10.8104532,38.18073558,9.04288104,,,,,,
ISic001202,68.3392617,8.952292739999999,334.52853799999997,7.408645000000001,14.346759,55.42309808,117.5,23560.612172776287,3.69978742,3.3451649999999997,0.113022992,5.825,118.25335,124.02094499999998,397.498653,0.52635552,59.43,18.387642999999997,53.0316822,167.325711,,,,,,
ISic001202,129.7771401,5.3265422,447.4939137,7.4156475,20.752006379999997,77.58836147999999,115.19999999999999,61120.098089649255,2.32702027,4.518369,0.16131331899999998,4.7010000000000005,121.543878,156.494062,453.541152,1.1627401600000002,136.79999999999998,27.9393448,65.64097650000001,188.79850199999998,,,,,,
ISic001202,77.5756995,7.0746352,501.9857342,10.062592500000001,29.287138999999996,110.826317,122.6,87154.61552120456,1.78716802,3.943269,0.24101767300000002,6.87,137.893689,146.907902,511.66411500000004,0.9802256400000001,79.51,18.1901918,106.6860456,189.473747,,,,,,
ISic001202,1.760112192,11.4037361,956.5115620000001,9.821706500000001,42.7877415,142.9311604,72.86,202065.0760535497,7.24738792,2.745144,0.15581646700000001,10.28,47.825767899999995,46.1933085,854.550588,1.9344308800000003,150.1,18.881271,227.3305281,166.24531900000002,,,,,,
ISic001202,51.58394841,10.622235700000001,240.3493166,8.685901000000001,20.14374558,67.1418629,111.2,37743.40565457014,8.12657587,3.1592160000000002,0.106489453,4.363,99.4047943,126.058004,522.0664350000001,0.7040376800000001,64.25999999999999,23.7805289,75.5000955,165.029878,,,,,,
ISic001202,24.108140459999998,14.930770800000001,349.19208990000004,4.460592500000001,21.19166868,118.0822104,115.5,91656.46377635692,5.29055205,2.160459,0.191256697,17.560000000000002,60.2475111,82.8843359,288.274293,1.4381846800000002,93.42,18.2025325,162.5197932,185.692375,,,,,,
ISic001202,55.678077300000005,11.516848,36.9278529,0.5602,0.8496823797,31.14070414,107.0,1364.1371225526877,7.3286228300000005,0.45720449999999996,0.0161168665,6.859,12.8124934,23.1146283,37.1232795,0.075570676,8.162,12.00873517,14.5811181,22.2020556,,,,,,
ISic001207,13.73012046,8.93069865,383.453623,4.621650000000001,7.5539415000000005,26.479041119999998,126.6,9800.380724581093,8.083387689999999,3.5291969999999995,0.050508355,11.91,60.298925600000004,152.899252,186.46158599999998,0.38733224,34.58,22.583481,84.16574220000001,129.6605449,,,,,,
ISic001207,84.9959838,9.33481662,351.7555072,4.1552835,17.54696118,29.321761,136.79999999999998,30855.4425835303,9.18879944,4.046787,0.044794521999999996,6.3759999999999994,66.0573496,153.258733,207.916371,0.6876820000000001,41.26,29.1487334,121.16338350000001,126.6489522,,,,,,
ISic001207,15.56184099,9.40371205,301.95601339999996,9.21529,9.12363242,57.63962442,215.0,11831.324977538836,3.4499129500000003,3.285738,0.047808147,5.165,66.7977184,145.230324,209.73677700000002,0.4906704,27.89,31.221971000000003,127.70153610000001,147.878655,,,,,,
ISic001252,5.370625349999999,7.169237880000001,63.3290068,67.64415000000001,0.089140161747,5.863358241999999,55.77,37.300970852914034,7.95587973,1.0999746,0.007731756300000001,1.609,23.3524659,8.44540696,146.152596,0.0246190156,52.92,8.112776180000001,16.293491399999997,8.74847422,,,,,,
ISic001252,0.4077524058,9.76669842,112.2568717,83.95997500000001,0.31547628000000005,28.824782,55.940000000000005,46.384924464034164,10.8793082,1.1074509,0.0068324906,4.184,28.9052319,9.21110149,216.36825599999997,0.0245112168,0.2241,7.8659621799999995,15.55146297,10.21240538,,,,,,
ISic001252,34.885714230000005,10.156420330000001,32.4303823,66.24365,0.042261741312,37.08457298,87.41000000000001,81.1914989687329,7.169237880000001,0.9247607999999999,0.0162108916,1.0270000000000001,92.31987620000001,6.29930539,160.71584399999998,0.035116388400000004,42.169999999999995,8.764365139999999,44.11696302,8.32847183,,,,,,
ISic001455,21.33202011,6.991343710000001,86.28223419999999,56.692240000000005,1.50381882,26.06157876,58.39,964.0021524985173,7.82117374,1.1653442999999999,0.011256492100000001,4.418,22.1596495,14.8106172,382.155231,0.113337428,3.636,14.7964993,33.68186391,29.575731,,,,,,
ISic001455,39.94499898,7.33067941,59.716355160000006,62.29424,0.5721764832,30.64372514,74.83999999999999,963.4478901681641,9.20113892,1.0625931,0.014004918100000001,2.1519999999999997,24.9668812,13.384675900000001,376.04386800000003,0.122333052,0.27,13.241571100000002,32.86200033,22.4856585,,,,,,
ISic001455,3.7345304969999997,5.79338586,95.7427828,64.39499,1.3087920712999999,40.52366766,82.66,1326.114404125235,8.72606894,1.3896333,0.015591290300000001,8.613999999999999,34.9721429,10.38300955,328.583283,0.12842926000000002,32.35,11.9828197,42.05173704,34.0728627,,,,,,
ISic001456,20.0295786,10.9512885,46.884539679999996,46.34254500000001,1.0639979168,27.403422059999997,92.28,947.443734492485,7.324509669999999,0.8429049,0.0146462175,1.901,36.3911831,7.73722939,191.792775,0.160917588,0.02022,10.263760190000001,31.61144892,205.139431,,,,,,
ISic001456,26.70264546,5.39132447,0.03306652650075,39.830220000000004,0.7552240248,19.14363108,69.65,1007.1601414939345,10.4782751,1.0298124,0.011283012,5.0200000000000005,21.5632413,6.15431472,178.399788,0.119024744,33.82,9.45544434,29.39055264,46.564895199999995,,,,,,
ISic001456,49.27483896,9.06129148,33.936748560000005,42.169055,2.32061522,23.31825468,101.10000000000001,825.7746949073787,6.079250480000001,0.8741519999999999,0.009257856,1.752,34.8487481,11.65317575,243.414288,0.047914708,42.589999999999996,13.4760444,25.05772929,21.742889,,,,,,
ISic001457,33.53657163,9.82736753,34.84346866,59.787345,0.32963668079999997,32.29369542,64.81,1716.0290167956257,6.62424418,1.3599198,0.063503106,5.694,30.6121933,13.9838109,210.64697999999999,0.091777668,32.129999999999995,9.78123882,98.3317395,38.9076169,,,,,,
ISic001457,38.3467839,5.60520879,77.4746432,74.56262000000001,2.25227562,23.12940266,71.41,2686.311903426157,6.38670919,1.7872190999999997,0.058126799,10.99,29.82041,14.259413,238.993302,0.137276196,9.719,13.1181641,123.8616687,35.5854115,,,,,,
ISic001457,27.84941667,6.98825884,2.0667622125,46.83272,0.3630836937,16.380427840000003,52.48,935.9383119247174,5.49826663,1.0871307,0.02820753,3.577,19.1776085,10.03790779,166.177062,0.10883961600000001,3.354,6.9231327,81.0523362,28.819456600000002,,,,,,
ISic001460,0.1257816024,8.79599266,75.12069369999999,56.356120000000004,0.0006673857366687,29.09315066,69.72,430.2031977532155,8.4011293,1.2684788999999999,0.021264138000000002,5.794,21.0902279,7.073387810000001,434.947005,0.061742692,0.3458,9.1444587,29.437253730000002,12.97145645,,,,,,
ISic001460,0.15914693670000002,6.1080426,23.363780660000003,63.638720000000006,0.078428020923,19.352362260000003,55.88,380.31496072391656,9.174403380000001,1.28439,0.025121578,4.998,28.2574092,8.16621005,395.678247,0.068545168,4.485,14.401596900000001,22.82645499,15.2470321,,,,,,
ISic001460,12.10077132,5.46741793,35.67517718,84.98234000000001,0.040839146628000006,52.103278360000004,76.87,631.869897022682,6.638640240000001,1.5107877,0.030305013,5.36,30.6121933,8.40826059,564.4558890000001,0.12140375200000002,8.025,12.27159208,46.03170771,19.8386981,,,,,,
ISic001461,51.00277929,7.340962310000001,8.14514736,68.16233500000001,0.3285588425,28.5265946,67.63,1064.6250709394853,8.50087343,1.2884157,0.024952815,1.3179999999999998,24.9051838,9.25304094,248.745477,0.109880432,21.82,12.7726245,48.1021227,20.2438451,,,,,,
ISic001461,5.95179447,4.2262719,15.18520586,48.793420000000005,1.1164017648,24.90858748,50.18,817.0751910439895,5.85508326,0.9642509999999999,0.0175947482,2.655,19.8562799,8.147037730000001,185.55138300000002,0.044457712,1.195,10.901774379999999,17.34686043,17.3402916,,,,,,
ISic001461,26.07996426,6.22218279,108.0442297,66.91589,0.3547543125,22.14538424,57.1,1217.1738654734945,9.93430969,1.2445164,0.025314450000000002,2.71,25.840927699999998,8.55804434,252.64634700000002,0.084157408,7.067,11.92481841,21.03624654,58.7733248,,,,,,
ISic001464,73.73583210000001,5.677189090000001,162.10570529999998,41.70689,1.59935468,52.779169800000005,101.7,2608.51100528734,9.17645996,1.2790224,0.023634052699999998,1.642,66.4995143,14.1994995,244.45452,0.243179224,21.27,15.3888529,62.0086695,94.43976570000001,,,,,,
ISic001464,96.5674761,11.2906242,136.8987382,47.78506,1.1426594837,53.59421536,97.0,2363.7704348012003,10.13996769,1.5376257,0.0172475786,3.465,69.615233,12.941315999999999,233.532084,0.184893528,28.75,16.437812400000002,71.3488875,115.45339010000001,,,,,,
ISic001464,120.69637259999999,4.40519436,125.23883679999999,46.2165,1.9744251800000001,38.59538914,94.21,2621.3961021431965,4.86792486,1.3942340999999998,0.0204227339,0.4511,61.183255,13.9598455,216.628314,0.213144248,20.03,19.6957572,60.088735799999995,239.847024,,,,,,
ISic001464,106.73793570000001,5.765622029999999,56.4293142,11.781006000000001,0.9129318232999999,39.91735328,54.89,502.5513720598199,5.225769779999999,0.34908569999999994,0.0099497843,3.3179999999999996,25.1828221,5.86912646,62.6869809,0.069028404,0.3381,4.70057263,29.670759179999997,59.826707,,,,,,
ISic001464,135.952062,4.5964563,21.71970218,29.466520000000003,0.9526152272,28.88441948,80.69,1996.1002260528157,6.59339548,1.2847734,0.0171029246,4.625,52.864388899999994,10.50403482,150.83364,0.194929968,15.36,9.55293587,56.560209,122.00326659999999,,,,,,
ISic001464,91.4303562,7.951766570000001,0.9383409833,38.765840000000004,0.3737327328,27.45311996,101.3,1797.860124197977,5.82423456,1.2514176,0.0228746192,0.8294999999999999,56.802739599999995,12.1983886,182.560716,0.26262018000000004,35.330000000000005,12.3900628,65.3296359,143.286989,,,,,,
ISic001466,64.9664052,10.5399725,90.92967379999999,48.905460000000005,1.2019157807999998,13.79613704,65.7,1998.504934495559,9.56926674,1.0740951,0.025941284000000002,1.152,17.8408315,12.4859734,228.46095300000002,0.15043508400000002,13.86,13.4143409,16.06517496,42.878057500000004,,,,,,
ISic001466,51.76556376,6.0504583599999995,74.6507858,49.19956500000001,2.46313452,11.09257128,89.14999999999999,2307.3227293762193,9.15280929,0.9186264,0.027773568,10.139999999999999,20.4321223,12.2942502,240.683679,0.16857502000000002,36.66,11.476851,19.73380503,58.6787905,,,,,,
ISic001466,121.31905379999999,5.70186805,41.74386956,51.916535,1.0250329397,21.121607500000003,49.830000000000005,2995.476942145597,6.632470499999999,1.0625931,0.026399355000000003,1.8339999999999999,24.4013217,13.300797,228.33092399999998,0.17991248,22.48,11.874221539999999,22.02734745,48.2800175,,,,,,
ISic001466,72.59424990000001,7.396489969999999,10.597086059999999,39.41007,0.075015561348,37.45233744,87.31,1635.414138746102,8.58930637,0.9755612999999999,0.015494854300000001,3.347,22.0259718,11.897622830000001,199.20442799999998,0.108430724,10.09,16.413131,23.07552747,37.800215099999996,,,,,,
ISic001466,179.9029767,5.32448562,83.9689184,54.84358,2.8087656799999996,32.66145988,58.81,3105.0775334649247,6.86280746,1.3369157999999999,0.016143386399999998,6.136,16.103021400000003,19.316112399999998,183.60094800000002,0.13233232,36.67,14.7841586,16.21046724,48.3610469,,,,,,
ISic001468,61.0746477,5.68130225,42.3594974,49.61971500000001,2.3274615,45.50339724,102.5,3345.00675693796,10.0875249,1.4843331,0.025868957,4.579,21.398714899999998,15.098202,304.397889,0.339120156,28.900000000000002,14.0437166,102.0159366,90.617879,,,,,,
ISic001468,40.49503404,8.579023470000001,29.78667666,60.767695,0.38238033120000003,40.78209674,141.9,1688.6927690401985,7.4345367,1.4475267,0.0193474725,6.906,24.3601901,11.19783315,330.27366,0.21968652000000002,13.33,12.5134698,90.8595651,31.115289599999997,,,,,,
ISic001468,55.937527800000005,6.8278456,1.8498262125000002,56.18806000000001,1.2363935157,55.37340018,76.49,4173.068318531114,13.3369213,1.8278595,0.037151969,2.6029999999999998,34.3860176,21.2692925,358.619982,0.34436140800000004,24.24,15.0062912,117.9980874,166.11026999999999,,,,,,
ISic001468,46.919028420000004,7.1054839,136.17443120000001,34.36827,0.8982916425,32.49248702,77.22,1178.2256247075916,9.25255342,0.9604169999999999,0.0212110982,2.942,19.239305899999998,11.75263216,196.99393500000002,0.14378129600000003,1.158,12.5628326,56.248868400000006,99.9632698,,,,,,
ISic001470,66.6268884,7.88081456,72.5732991,66.28566500000001,1.1704073493,52.401465759999994,51.8,2235.4111886916635,9.28031725,1.5539202,0.035343794000000005,4.8,21.5838071,12.821489,355.889373,0.17340738000000003,29.05,18.2025325,98.6949702,45.4169787,,,,,,
ISic001470,52.6165614,7.59186507,25.3497002,70.54318500000001,0.8480960537000001,26.76728894,51.06,1735.3720078321005,11.5682625,1.5008192999999999,0.025193905000000003,4.4639999999999995,19.218740099999998,10.96297223,361.610649,0.104899384,22.45,18.7085012,52.3052208,27.050314699999998,,,,,,
ISic001470,19.676725920000003,6.380539450000001,81.8657637,41.356765,0.5631208968,31.518408179999998,46.1,518.7376856479583,6.09364654,0.9128753999999999,0.0156732609,4.711,14.056724299999999,6.15790953,232.88193900000002,0.07980828400000001,15.18,11.50523461,18.312016290000003,29.8323241,,,,,,
ISic001470,25.69078851,8.72401236,77.1379147,64.64708,1.87538778,35.49424018,59.69,1854.5229718703347,11.5682625,1.4124456,0.023265185,3.529,24.1853808,11.92757958,340.415922,0.10356119200000001,12.75,15.5739634,38.881251930000005,35.733965399999995,,,,,,
ISic001482,104.6623317,9.236100780000001,40.8278659,35.32061,8.17198578,41.33871322,51.75,27665.427098198918,4.80314259,1.0282787999999998,0.041105845,0.4221,17.3575352,6.75704453,479.80701,0.066203332,39.25,10.066308990000001,30.63072603,17.9750219,,,,,,
ISic001482,66.78255870000001,5.077696019999999,106.29533719999999,21.105535000000003,4.22253482,38.823999480000005,35.82,13342.822063749449,1.76146077,0.4873014,0.029195999,0.00398,10.3137487,7.21118886,325.0725,0.05036806,16.97,4.36984187,15.3075795,17.6103896,,,,,,
ISic001482,64.7588448,8.21398052,178.72086099999999,45.180130000000005,4.6711665,41.070344559999995,72.5,4612.379184903173,3.1260016,1.5311078999999999,0.045975863,2.399,18.7868583,17.0633648,760.409592,0.15192196400000002,11.97,8.78411026,32.40536745,34.0053382,,,,,,
ISic001543,3.5638120680000003,12.3600458,20.32800586,94.64579,0.048483262443,25.17695614,58.16,62.5831537488509,6.741469240000001,1.1691783,0.0060947551999999995,11.66,19.0747795,10.27157044,79.0056204,0.065348376,3.975,12.007501099999999,27.29938161,15.4901203,,,,,,
ISic001543,0.2459071839,8.818615040000001,70.6350638,86.80299000000001,1.13282862,32.56206408,57.07,110.72490533366505,9.70808589,1.1795300999999998,0.0140772451,7.228,15.4860474,8.52928586,71.15186879999999,0.034811578,24.18,8.53729626,37.2570918,7.8233885700000005,,,,,,
ISic001543,1.4020705020000002,10.930722699999999,78.14855019999999,100.289805,0.4128362357,34.2418531,62.71,105.2175358821371,8.11115152,1.4739813,0.0114107897,10.76,24.3293414,11.01689438,75.3648084,0.054568496,14.610000000000001,12.970075699999999,34.138496790000005,13.36579953,,,,,,
ISic001544,1.94587875,7.7533066,60.9602889,88.329535,0.04115694960300001,30.9617917,76.18,248.9832315478667,13.151829099999999,1.5205643999999998,0.0078667667,2.706,21.8203138,8.69225058,199.464486,0.047171268,5.281,12.365381399999999,22.88872311,13.39145884,,,,,,
ISic001544,3.8839739850000004,7.44996105,48.9023092,93.32932000000001,0.9422477337,19.183389400000003,118.6,87.21082525289879,10.04947817,1.3064354999999999,0.0095688621,20.380000000000003,18.4166739,9.285394230000001,206.35602300000002,0.036469449200000004,40.5,6.00868683,33.821967179999994,10.12192255,,,,,,
ISic001544,1.0512934260000002,7.225793830000001,53.0921776,92.951185,0.5842058313,36.3788628,89.45,320.34434969850656,7.900352069999999,1.5661889999999998,0.011741083,11.98,16.3600939,5.6570326699999995,218.318691,0.08374851600000001,4.165,9.62451193,30.57883593,15.2470321,,,,,,
ISic001547,17.29497033,5.85199839,30.839110660000003,67.95226000000001,0.2303034825,34.65931546,102.0,275.12617355083955,8.03197319,0.9634842,0.0150319615,2.9050000000000002,82.1809368,4.74395093,160.45578600000002,0.044271852,0.1175,9.16050161,44.65143105,7.903067480000001,,,,,,
ISic001573,0.010647848520000001,4.48437269,60.111022559999995,80.290665,0.3345648152,26.12121624,140.8,194.95131992707488,12.1543878,1.1887317,0.03327042,5.845999999999999,20.9359844,9.658056199999999,224.430054,0.058397212000000004,17.31,10.911646939999999,36.47355129,13.31177993,,,,,,
ISic001573,1.7704902120000001,6.46485923,8.82730016,64.128895,0.054570833666999996,30.02747118,91.78,233.71766843300696,8.85254861,0.8429049,0.04267293,9.141,18.1596014,8.34475228,194.00326800000002,0.06300654,1.28,9.8972414,25.49879514,13.40496374,,,,,,
ISic001573,0.1529201247,5.411890270000001,36.0755258,91.102525,0.0006088129005623,29.23230478,141.8,320.02133932387187,11.3009071,1.3162121999999998,0.057668727999999995,14.14,17.038765299999998,6.6743638999999995,226.900605,0.064344732,5.152,13.0194385,45.331191360000005,15.949286899999999,,,,,,
ISic001579,5.170329564,5.8612530000000005,32.8414475,77.125535,0.17147298,31.419012379999998,88.51,12.289727701032149,6.62630076,0.9040571999999999,0.0034548197,2.8200000000000003,14.8793563,4.0501526000000005,82.49039760000001,0.015024922400000001,2.2689999999999997,9.8231972,16.15338813,7.181905820000001,,,,,,
ISic001579,7.33207113,10.3343145,64.1886669,71.81764000000001,0.73755878,34.3412489,64.83,18.37523407756737,9.28648699,0.8225846999999998,0.0032281951,0.2576,14.190401999999999,4.33294432,80.2018872,0.0317894944,5.258,12.427084899999999,17.09778795,5.68016094,,,,,,
ISic001579,23.88501303,5.7131792400000005,29.79927076,89.46394000000001,0.2134735925,33.45662628,52.06,11.12474900548873,9.179544830000001,1.1442573,0.0044167688,3.447,25.9540396,7.2830850599999994,88.939836,0.0288380376,17.82,7.26743823,21.160782779999998,7.32235678,,,,,,
ISic001670,6.71457894,6.93787263,62.853323679999995,64.857155,0.1107221577,30.04735034,529.0,173.9737547533734,18.858838600000002,0.8829701999999999,0.030112141000000002,2.021,19.897411499999997,10.8203781,231.971736,0.051780596000000005,2.468,14.3275527,15.18823227,14.0180862,,,,,,
ISic001670,2.785460568,6.19441896,34.65948918,52.406710000000004,0.10326170582699999,5.67053039,698.9,119.38394320047806,10.694215999999999,0.8275688999999999,0.024639398,11.98,20.4938197,5.47968871,169.297758,0.043416896,19.369999999999997,10.0700112,11.623382399999999,6.72138873,,,,,,
ISic001670,2.2618894590000003,8.12451929,8.24255168,56.090025000000004,0.10683196941199999,26.4392828,433.2,148.16416769720368,10.6530844,0.8432883,0.025266232,11.1,27.9283564,7.43047227,183.86100599999997,0.062411788,1.3659999999999999,10.242780999999999,13.942869869999999,9.83561867,,,,,,
t0-0CC-1,95.7891246,6.101872859999999,150.1859576,0.6935276,8.08661658,69.23911428,114.5,12138.190570606528,6.0566281,6.8628599999999995,0.031992643,10.11,50.3656442,405.973876,13.7050566,0.167348344,11.17,160.058879,79.08051239999999,338.027647,,,,,,
t0-0CC-2,48.735181919999995,6.831958759999999,154.8316847,0.6596355,7.7094399199999994,48.5548483,108.8,12262.1166100022,6.4628026499999995,7.232841,0.029485307,9.183,59.764214800000005,415.560036,22.742072099999998,0.15865009600000002,9.359,164.995159,76.4341173,356.124213,,,,,,
t0-0CC-3,70.8299865,3.54040247,200.19257700000003,0.7113139500000001,12.11187362,23.43752964,111.0,12014.939057701251,7.60626113,6.952958999999999,0.038333309999999995,8.246,50.2628152,420.832424,16.6567149,0.15017488,24.2,160.058879,77.73136980000001,348.83156699999995,,,,,,
t0-10CC-1,65.0701854,5.531171909999999,181.91163039999998,6.3176555,8.14208108,57.73902022,101.8,9097.744347407515,3.4684221699999997,6.684578999999999,0.027219061000000003,6.42,60.278359800000004,359.840481,138.610914,0.129024012,1.048,148.33521399999998,68.0279211,317.905346,,,,,,
t0-10CC-2,85.20354420000001,5.02319665,138.3491522,6.316255000000001,7.635797820000001,48.1075672,134.6,9009.670832963751,0.322471744,6.931871999999999,0.027821786,0.3699,45.3373061,361.398232,143.291958,0.12538115600000002,29.669999999999998,145.743667,82.03824809999999,311.017847,,,,,,
t0-10CC-3,64.5512844,6.69622448,132.850347,6.349867000000001,6.245090879999999,49.33013554,109.3,8904.583252337514,4.25506402,6.813018,0.026857426,4.172,50.0365914,370.26543,144.852306,0.105903028,39.75,157.220518,74.0471727,334.111226,,,,,,
t0-20CC-1,42.285242489999995,7.983643559999999,63.725647,11.6591625,4.823122499999999,65.51177178,96.18,6407.35360058583,6.1419761699999995,6.826437,0.022481642500000003,6.071,40.9670736,304.600234,236.392722,0.12214719200000002,15.83,127.97305899999999,63.098361600000004,265.641383,,,,,,
t0-20CC-2,64.7069547,3.36662146,64.51957540000001,11.8048145,6.13692618,37.93937686,88.78999999999999,6143.254114138726,3.53423273,6.673077,0.026278810000000003,2.71,45.8000366,316.103626,237.172896,0.13831701200000002,0.8456,128.219873,67.7684706,272.79898000000003,,,,,,
t0-20CC-3,54.9516159,2.89874951,152.6164637,11.5695305,6.70017138,51.79515138,80.95,6785.726644299895,1.50644485,6.462206999999999,0.025507322,0.6675,36.3397686,321.25618699999995,234.0522,0.08609035200000001,7.102,121.926116,62.4756804,273.204127,,,,,,
t0-30CC-1,42.48761388,4.8329629999999995,142.42307939999998,17.058090000000004,3.65617518,56.71524348,87.38,4921.4218008171,4.02781193,6.552306,0.024784052,4.676,37.1932493,272.36677099999997,305.308092,0.07854443600000001,25.740000000000002,115.385545,59.9330655,239.71197500000002,,,,,,
t0-30CC-2,23.594428469999997,1.8365259399999998,78.6881078,16.86202,4.10190522,61.426604399999995,85.53999999999999,4857.76040483238,7.021164120000001,6.485211,0.0184313305,6.977,34.1803596,267.21421000000004,294.125598,0.093041516,7.456,103.8346498,52.201440600000005,237.956338,,,,,,
t0-30CC-3,38.362350930000005,6.90908051,165.24078269999998,16.91804,2.54945502,30.07716908,85.95,4722.979192420999,7.620657189999999,6.519716999999999,0.0170860483,13.370000000000001,39.7639743,267.813345,294.255627,0.095271836,3.089,109.9926591,53.706253499999995,243.628396,,,,,,
t0-40CC-1,38.134034490000005,8.68288076,239.7854547,26.035295000000005,3.77459348,26.17091414,88.85000000000001,2837.7642371403317,2.64476188,5.912027999999999,0.0190316446,5.3,33.676497499999996,211.37482799999998,397.88874,0.053564852,0.322,86.7180989,34.34605719,186.502669,,,,,,
t0-40CC-2,15.36465861,11.5271309,120.675848,25.783205000000002,2.42354462,44.429922600000005,86.11,2903.4287227007017,3.0838417099999997,5.90436,0.015135630200000002,6.2219999999999995,36.3911831,210.775693,400.619349,0.088543704,0.6169,86.3108558,41.60029317,189.878894,,,,,,
t0-40CC-3,0.8587811550000001,7.31011361,119.53894079999998,26.27338,1.2373656393,26.67783272,80.4,3021.1989787514776,2.32702027,5.917779,0.0165267195,3.8850000000000002,39.0544542,218.684275,420.513786,0.068805372,0.3713,92.802064,42.37864467,190.554139,,,,,,
t0-50CC-1,23.80717788,6.7023942199999995,136.17443120000001,34.84444,3.43371,29.282002679999998,89.85000000000001,1829.1436187373201,2.49977299,5.643648,0.0129200131,4.428,29.213718900000003,165.960395,487.60875,0.04497812,10.44,68.8857874,42.824899529999996,154.361007,,,,,,
t0-50CC-2,9.39729711,7.91886129,169.73782469999998,35.306605000000005,3.44631378,22.69206114,68.58,1956.2395673228634,0.909728163,5.570802,0.012881438700000001,5.571,32.185477,166.08022200000002,481.1073,0.043900132,22.71,70.9096622,45.014661749999995,160.70831,,,,,,
t0-50CC-3,57.4942308,8.169764050000001,52.935828400000005,35.278595,2.44246968,40.752278000000004,78.35,1999.3068328669822,0.679905348,5.542047,0.0112540812,8.347,25.6249868,164.043163,478.24666199999996,0.052263832,0.22249999999999998,71.8352147,46.26002415,153.28061499999998,,,,,,
t0-60CC-1,0.001061671446,6.77437452,47.265657260000005,61.131825000000006,1.2879855177,28.05943434,63.919999999999995,465.1134035828954,3.5547985300000002,4.117716,0.0068107925,0.1065,21.182774,84.0346751,608.275662,0.0350680648,0.9199999999999999,35.541216,18.19266906,75.897538,,,,,,
t0-60CC-2,0.2237501112,8.31783781,47.79569296,60.97777000000001,0.8217834932999999,48.34611712,72.53999999999999,482.27743628765523,7.27412346,4.121549999999999,0.0063937068,0.1625,19.5477929,82.440976,614.1269669999999,0.0252806772,23.98,32.3943375,18.96064254,85.29694839999999,,,,,,
t0-60CC-3,13.953247889999998,8.21089565,103.01757130000001,60.431575,0.7336180425000001,27.681730299999998,68.85000000000001,463.95415886936087,7.25664253,4.041036,0.0064901428,0.016800000000000002,28.401369799999998,83.9507962,610.746213,0.03561449320000001,2.097,38.428939799999995,17.51809776,79.543861,,,,,,
t0-70CC-1,0.2434683492,5.63091604,29.7425992,68.63850500000001,1.3937179368000001,20.88305758,60.49,334.3806193087187,9.0078204,3.7266479999999995,0.0067312328000000005,0.07721,19.671187699999997,68.3493208,646.7642460000001,0.029417920800000004,22.01,28.1984995,19.988066519999997,74.8036411,,,,,,
t0-70CC-2,8.5099764,10.5811041,80.91784189999998,69.12868,1.5122005017000002,36.61741272,72.28,323.25842570966165,6.28079532,3.7132289999999997,0.0083200159,1.723,17.995075,66.32424449999999,640.392825,0.032863765200000006,0.4133,27.2606063,26.54178615,71.1438132,,,,,,
t0-70CC-3,1.553070693,9.071574380000001,66.3090733,68.20435,1.5429644888,30.59402724,66.66,341.6729860804005,6.272569,3.655719,0.0060393045,4.758,20.9359844,72.9986084,641.433057,0.0348896392,11.219999999999999,26.4337794,19.85834127,70.67114169999999,,,,,,
t0-80CC-1,1.474197741,8.89779337,105.0384566,75.26287,0.9070425000000001,21.06197002,49.5,221.88352863979878,6.1286084,3.3144929999999997,0.004903770599999999,2.0370000000000004,21.645504499999998,56.31869,662.497755,0.024232426800000005,4.216,19.5600095,20.37724227,55.0864871,,,,,,
t0-80CC-2,6.60042072,5.54659626,132.56189619999998,74.49259500000001,2.0350941799999998,36.855962639999994,65.29,237.91295551671215,5.10134669,3.3835049999999995,0.0044963285,0.061130000000000004,16.5040545,57.3611849,657.686682,0.0169578664,10.309999999999999,23.5954184,19.72861602,60.4614373,,,,,,
t0-80CC-3,0.23563294410000002,9.27414751,12.3780468,75.15083,1.3358097332999999,38.87369738,57.54,232.0492737340301,7.506517,3.046113,0.00196657113,0.1733,22.6635116,56.2827419,664.0581030000001,0.0274069156,39.57,25.940151399999998,22.97693628,60.8665843,,,,,,
t0-90CC-1,0.4325039835,8.05253899,58.73063166,88.46958500000001,0.3576845552,28.48683628,56.13,85.50142544541285,6.95741014,2.3349059999999997,0.00188363617,0.6411,11.3831703,31.2029508,698.1257009999999,0.0211397164,24.150000000000002,14.9075656,15.07407405,33.802764700000004,,,,,,
t0-90CC-2,1.1607815369999999,10.0978078,95.6048574,87.71331500000001,0.15561670319999998,37.60143114,69.35000000000001,79.8968674988891,11.3523216,2.495934,0.0049592213,0.035800000000000005,19.7020364,31.2988124,688.633584,0.0052115144000000006,6.84,15.635666899999999,11.45214507,28.670902700000003,,,,,,
t0-90CC-3,3.30539937,9.91785705,110.85025769999999,87.97941,0.6978761888,28.814842419999998,73.73,83.21996970534485,3.20003848,2.315736,0.00030473776,3.702,14.8896392,32.712771000000004,700.85631,0.0147981732,20.020000000000003,14.5496853,15.78496842,30.6696279,,,,,,
t0-100CC-1,0.17533664789999998,11.0849662,42.147812959999996,100.69595000000001,0.9395372112,27.46305954,55.309999999999995,2.8895446004925804,7.447904469999999,1.3597280999999999,0.0028906691000000003,0.1829,17.0079166,7.03863798,717.630051,0.00873542,9.174000000000001,6.98236806,2.655216417,9.59523145,,,,,,
t0-100CC-2,0.19541811660000002,8.123491,36.53971966,102.99277000000002,0.2618668437,26.71759104,56.07,3.1920157182178976,5.8612530000000005,1.077354,0.0037079642,0.2555,12.2160852,7.6365747100000005,722.7011819999999,0.014248027600000001,22.02,6.22835129,7.22829093,11.799231129999999,,,,,,
t0-100CC-3,18.27569322,7.2011148700000005,121.6719018,101.88637500000002,0.2868838392,33.30753258,49.29,2.882807486780638,8.08750085,1.0365219,0.00115433892,0.8333,15.054165600000001,9.85457248,729.722748,0.0072634088,0.3049,9.58502169,4.321407528,11.48186598,,,,,,
